to_be_deleted_path,reconstructed_filename,found_in_db,file_id,actions,notes
C:\Users\micro\Documents\Better Up\Media-Manager\to-be-deleted\File_Path_Lost__Diary_of_a_period.mp4,Diary of a period.mp4,True,27,,Ambiguous match (3 candidates); No recorded action
C:\Users\micro\Documents\Better Up\Media-Manager\to-be-deleted\File_Path_Lost__hz_spy_1657-1666_-_XVIDEOS.COM.mp4,hz spy 1657-1666 - XVIDEOS.COM.mp4,True,28,,Ambiguous match (3 candidates); No recorded action
C:\Users\micro\Documents\Better Up\Media-Manager\to-be-deleted\File_Path_Lost__hz_spy_1689-1706_-_XVIDEOS.COM.mp4,hz spy 1689-1706 - XVIDEOS.COM.mp4,True,29,,Ambiguous match (3 candidates); No recorded action
C:\Users\micro\Documents\Better Up\Media-Manager\to-be-deleted\File_Path_Lost__hz_spy_1707-1725_-_XVIDEOS.COM.mp4,hz spy 1707-1725 - XVIDEOS.COM.mp4,True,31,,Ambiguous match (3 candidates); No recorded action
C:\Users\micro\Documents\Better Up\Media-Manager\to-be-deleted\File_Path_Lost__ladylyb_-_Personal_Chapters_—_1545-29-26_000000.jpg,ladylyb - Personal Chapters — 1545-29-26 000000.jpg,False,,,No normalized match in DB
C:\Users\micro\Documents\Better Up\Media-Manager\to-be-deleted\File_Path_Lost__xvideos.com_6f53f2b653f0138b41d20da11dba85d0.mp4,xvideos.com 6f53f2b653f0138b41d20da11dba85d0.mp4,True,95,,No recorded action
C:\Users\micro\Documents\Better Up\Media-Manager\to-be-deleted\File_Path_Lost__xvideos.com_feac7a4ce73ddb02ea3bca8012a3a4f0.mp4,xvideos.com feac7a4ce73ddb02ea3bca8012a3a4f0.mp4,True,97,,No recorded action
C:\Users\micro\Documents\Better Up\Media-Manager\to-be-deleted\Gallery__PIC__DRS__2021_03_22_11_09_15.mov,2021 03 22 11 09 15.mov,True,365,,Ambiguous match (3 candidates); No recorded action
C:\Users\micro\Documents\Better Up\Media-Manager\to-be-deleted\Gallery__PIC__DRS__IMG_1415.HEIC,IMG 1415.HEIC,True,429,,Ambiguous match (3 candidates); No recorded action
C:\Users\micro\Documents\Better Up\Media-Manager\to-be-deleted\Gallery__PIC__DRS__IMG_1416.HEIC,IMG 1416.HEIC,True,430,,Ambiguous match (3 candidates); No recorded action
C:\Users\micro\Documents\Better Up\Media-Manager\to-be-deleted\Gallery__PIC__DRS__IMG_1417.HEIC,IMG 1417.HEIC,True,431,,Ambiguous match (3 candidates); No recorded action
C:\Users\micro\Documents\Better Up\Media-Manager\to-be-deleted\Gallery__PIC__DRS__IMG_1418.HEIC,IMG 1418.HEIC,True,432,,Ambiguous match (3 candidates); No recorded action
C:\Users\micro\Documents\Better Up\Media-Manager\to-be-deleted\Gallery__PIC__DRS__IMG_1419.HEIC,IMG 1419.HEIC,True,433,,Ambiguous match (3 candidates); No recorded action
C:\Users\micro\Documents\Better Up\Media-Manager\to-be-deleted\Gallery__PIC__DRS__IMG_20181214_064139_304.mov,IMG 20181214 064139 304.mov,True,907,,Ambiguous match (3 candidates); No recorded action
C:\Users\micro\Documents\Better Up\Media-Manager\to-be-deleted\Gallery__PIC__DRS__ppbf_panties_qa_01m-41s.mp3,ppbf panties qa 01m-41s.mp3,True,1430,,Ambiguous match (5 candidates); No recorded action
C:\Users\micro\Documents\Better Up\Media-Manager\to-be-deleted\Gallery__RCV__File_Name_Lost_(14).mp4_fixed.mp4,File Name Lost (14).mp4 fixed.mp4,True,1581,,Ambiguous match (6 candidates); No recorded action
C:\Users\micro\Documents\Better Up\Media-Manager\to-be-deleted\Gallery__RCV__File_Name_Lost_(24).mp4_fixed.mp4,File Name Lost (24).mp4 fixed.mp4,True,1583,,Ambiguous match (3 candidates); No recorded action
C:\Users\micro\Documents\Better Up\Media-Manager\to-be-deleted\Gallery__RCV__File_Name_Lost_(31).mp4_fixed.mp4,File Name Lost (31).mp4 fixed.mp4,True,1585,,Ambiguous match (3 candidates); No recorded action
C:\Users\micro\Documents\Better Up\Media-Manager\to-be-deleted\Gallery__RCV__File_Name_Lost_(32).mp4_fixed.mp4,File Name Lost (32).mp4 fixed.mp4,True,1587,,Ambiguous match (3 candidates); No recorded action
C:\Users\micro\Documents\Better Up\Media-Manager\to-be-deleted\Gallery__RCV__File_Name_Lost_(33).mp4_fixed.mp4,File Name Lost (33).mp4 fixed.mp4,True,1589,,Ambiguous match (3 candidates); No recorded action
C:\Users\micro\Documents\Better Up\Media-Manager\to-be-deleted\Gallery__RCV__File_Name_Lost_(34).mp4_fixed.mp4,File Name Lost (34).mp4 fixed.mp4,True,1591,,Ambiguous match (3 candidates); No recorded action
C:\Users\micro\Documents\Better Up\Media-Manager\to-be-deleted\Gallery__RCV__File_Name_Lost_(35).mp4_fixed.mp4,File Name Lost (35).mp4 fixed.mp4,True,1593,,Ambiguous match (3 candidates); No recorded action
C:\Users\micro\Documents\Better Up\Media-Manager\to-be-deleted\Gallery__RCV__File_Name_Lost_(36).mp4_fixed.mp4,File Name Lost (36).mp4 fixed.mp4,True,1595,,Ambiguous match (3 candidates); No recorded action
C:\Users\micro\Documents\Better Up\Media-Manager\to-be-deleted\Gallery__RCV__File_Name_Lost_(42).mp4_fixed.mp4,File Name Lost (42).mp4 fixed.mp4,True,1597,,Ambiguous match (3 candidates); No recorded action
C:\Users\micro\Documents\Better Up\Media-Manager\to-be-deleted\Gallery__RCV__File_Name_Lost_(56).mp4_fixed.mp4,File Name Lost (56).mp4 fixed.mp4,True,1599,,Ambiguous match (3 candidates); No recorded action
C:\Users\micro\Documents\Better Up\Media-Manager\to-be-deleted\Gallery__RCV__File_Name_Lost_(57).mp4_fixed.mp4,File Name Lost (57).mp4 fixed.mp4,True,1601,,Ambiguous match (3 candidates); No recorded action
C:\Users\micro\Documents\Better Up\Media-Manager\to-be-deleted\Gallery__RCV__File_Name_Lost_(60).mp4_fixed.mp4,File Name Lost (60).mp4 fixed.mp4,True,1603,,Ambiguous match (3 candidates); No recorded action
C:\Users\micro\Documents\Better Up\Media-Manager\to-be-deleted\Gallery__RCV__File_Name_Lost_(61).mp4_fixed.mp4,File Name Lost (61).mp4 fixed.mp4,True,1605,,Ambiguous match (3 candidates); No recorded action
C:\Users\micro\Documents\Better Up\Media-Manager\to-be-deleted\Gallery__RCV__File_Name_Lost_(62).mp4_fixed.mp4,File Name Lost (62).mp4 fixed.mp4,True,1607,,Ambiguous match (3 candidates); No recorded action
C:\Users\micro\Documents\Better Up\Media-Manager\to-be-deleted\Gallery__RCV__File_Name_Lost_(63).mp4_fixed.mp4,File Name Lost (63).mp4 fixed.mp4,True,1609,,Ambiguous match (3 candidates); No recorded action
C:\Users\micro\Documents\Better Up\Media-Manager\to-be-deleted\Gallery__RCV__File_Name_Lost_(64).mp4_fixed.mp4,File Name Lost (64).mp4 fixed.mp4,True,1610,,Ambiguous match (3 candidates); No recorded action
C:\Users\micro\Documents\Better Up\Media-Manager\to-be-deleted\Gallery__RCV__File_Name_Lost_(65).mp4_fixed.mp4,File Name Lost (65).mp4 fixed.mp4,True,1612,,Ambiguous match (3 candidates); No recorded action
C:\Users\micro\Documents\Better Up\Media-Manager\to-be-deleted\Gallery__RCV__VID_20200131_110427_797_recorded.mp4,VID 20200131 110427 797 recorded.mp4,True,1614,,Ambiguous match (8 candidates); No recorded action
C:\Users\micro\Documents\Better Up\Media-Manager\to-be-deleted\Gallery__RCV__VID_20200217_102121_485_recorded.mp4,VID 20200217 102121 485 recorded.mp4,True,1616,,Ambiguous match (8 candidates); No recorded action
C:\Users\micro\Documents\Better Up\Media-Manager\to-be-deleted\Gallery__RCV__VID_20200217_103534_594_recorded.mp4,VID 20200217 103534 594 recorded.mp4,True,1618,,Ambiguous match (11 candidates); No recorded action
C:\Users\micro\Documents\Better Up\Media-Manager\to-be-deleted\Gallery__VID__DRS1__VID_20191009_012258_525_recorded.mp4,VID 20191009 012258 525 recorded.mp4,True,3921,rename → C:\Users\micro\Documents\Better Up\Archive\OWN\Gallery\VID\DRS\2019\ladylyb - Personal Chapters — 2019-10-09_000000.mp4 | move → C:\Users\micro\Documents\Better Up\Media-Manager\gallery\2021\11\24\ladylyb - Personal Chapters — 2019-10-09_000000.mp4,Ambiguous match (6 candidates)
C:\Users\micro\Documents\Better Up\Media-Manager\to-be-deleted\Gallery__VID__DRS_OPT__VID_20200511_052244_wAudio-1_Copy.mp4,VID 20200511 052244 wAudio-1 Copy.mp4,True,5634,,Ambiguous match (3 candidates); No recorded action
C:\Users\micro\Documents\Better Up\Media-Manager\to-be-deleted\Gallery__VID__DRS_OPT__VID_20220622_184444-1_Copy.mp4,VID 20220622 184444-1 Copy.mp4,True,5638,,Ambiguous match (3 candidates); No recorded action
C:\Users\micro\Documents\Better Up\Media-Manager\to-be-deleted\Gallery__VID__DRS_OPT__VID_20220712_070241-2_Copy.mp4,VID 20220712 070241-2 Copy.mp4,True,5641,,Ambiguous match (3 candidates); No recorded action
C:\Users\micro\Documents\Better Up\Media-Manager\to-be-deleted\Gallery__VID__DRS_OPT__VID_20220713_102703-3_Copy.mp4,VID 20220713 102703-3 Copy.mp4,True,5642,,Ambiguous match (3 candidates); No recorded action
C:\Users\micro\Documents\Better Up\Media-Manager\to-be-deleted\Gallery__VID__DRS_OPT__VID_20220713_105038-4_Copy.mp4,VID 20220713 105038-4 Copy.mp4,True,5643,,Ambiguous match (3 candidates); No recorded action
C:\Users\micro\Documents\Better Up\Media-Manager\to-be-deleted\Gallery__VID__DRS_OPT__VID_20221012_044554-5_Copy.mp4,VID 20221012 044554-5 Copy.mp4,True,5645,,Ambiguous match (3 candidates); No recorded action
C:\Users\micro\Documents\Better Up\Media-Manager\to-be-deleted\Gallery__VID__DRS_OPT__VID_20221111_092814-7_Copy.mp4,VID 20221111 092814-7 Copy.mp4,True,5652,,Ambiguous match (3 candidates); No recorded action
C:\Users\micro\Documents\Better Up\Media-Manager\to-be-deleted\Gallery__VID__DRS_OPT__YouCut_20220623_151152033_Copy.mp4,YouCut 20220623 151152033 Copy.mp4,True,5674,,Ambiguous match (3 candidates); No recorded action
C:\Users\micro\Documents\Better Up\Media-Manager\to-be-deleted\Gallery__VID__DRS__2018__addAduiotoVideo1578635902205.mp4,addAduiotoVideo1578635902205.mp4,True,1771,,Ambiguous match (5 candidates); No recorded action
C:\Users\micro\Documents\Better Up\Media-Manager\to-be-deleted\Gallery__VID__DRS__2018__VID_20180504_112031_760_recorded.mp4,VID 20180504 112031 760 recorded.mp4,True,2149,,Ambiguous match (3 candidates); No recorded action
C:\Users\micro\Documents\Better Up\Media-Manager\to-be-deleted\Gallery__VID__DRS__2018__VID_20180504_114039_925_recorded.mp4,VID 20180504 114039 925 recorded.mp4,True,2159,,Ambiguous match (3 candidates); No recorded action
C:\Users\micro\Documents\Better Up\Media-Manager\to-be-deleted\Gallery__VID__DRS__2018__VID_20180504_114137_652_recorded.mp4,VID 20180504 114137 652 recorded.mp4,True,2161,,Ambiguous match (3 candidates); No recorded action
C:\Users\micro\Documents\Better Up\Media-Manager\to-be-deleted\Gallery__VID__DRS__2018__VID_20180504_114250_940_recorded.mp4,VID 20180504 114250 940 recorded.mp4,True,2163,,Ambiguous match (3 candidates); No recorded action
C:\Users\micro\Documents\Better Up\Media-Manager\to-be-deleted\Gallery__VID__DRS__2018__VID_20180504_114733_156_recorded.mp4,VID 20180504 114733 156 recorded.mp4,True,2165,,Ambiguous match (3 candidates); No recorded action
C:\Users\micro\Documents\Better Up\Media-Manager\to-be-deleted\Gallery__VID__DRS__2018__VID_20180504_114831_469_recorded.mp4,VID 20180504 114831 469 recorded.mp4,True,2167,,Ambiguous match (3 candidates); No recorded action
C:\Users\micro\Documents\Better Up\Media-Manager\to-be-deleted\Gallery__VID__DRS__2018__VID_20180504_114939_238_recorded.mp4,VID 20180504 114939 238 recorded.mp4,True,2169,,Ambiguous match (3 candidates); No recorded action
C:\Users\micro\Documents\Better Up\Media-Manager\to-be-deleted\Gallery__VID__DRS__2018__VID_20180504_115038_740_recorded.mp4,VID 20180504 115038 740 recorded.mp4,True,2171,,Ambiguous match (3 candidates); No recorded action
C:\Users\micro\Documents\Better Up\Media-Manager\to-be-deleted\Gallery__VID__DRS__2018__VID_20180504_115139_994_recorded.mp4,VID 20180504 115139 994 recorded.mp4,True,2173,,Ambiguous match (3 candidates); No recorded action
C:\Users\micro\Documents\Better Up\Media-Manager\to-be-deleted\Gallery__VID__DRS__2018__VID_20180504_115236_793_recorded.mp4,VID 20180504 115236 793 recorded.mp4,True,2175,,Ambiguous match (3 candidates); No recorded action
C:\Users\micro\Documents\Better Up\Media-Manager\to-be-deleted\Gallery__VID__DRS__2018__VID_20180504_115750_230_recorded.mp4,VID 20180504 115750 230 recorded.mp4,True,2177,,Ambiguous match (3 candidates); No recorded action
C:\Users\micro\Documents\Better Up\Media-Manager\to-be-deleted\Gallery__VID__DRS__2018__VID_20180504_120354_417_recorded.mp4,VID 20180504 120354 417 recorded.mp4,True,2179,,Ambiguous match (3 candidates); No recorded action
C:\Users\micro\Documents\Better Up\Media-Manager\to-be-deleted\Gallery__VID__DRS__2018__VID_20180504_120541_766_recorded.mp4,VID 20180504 120541 766 recorded.mp4,True,2181,,Ambiguous match (3 candidates); No recorded action
C:\Users\micro\Documents\Better Up\Media-Manager\to-be-deleted\Gallery__VID__DRS__2018__VID_20180504_120618_726_recorded.mp4,VID 20180504 120618 726 recorded.mp4,True,2183,,Ambiguous match (3 candidates); No recorded action
C:\Users\micro\Documents\Better Up\Media-Manager\to-be-deleted\Gallery__VID__DRS__2018__VID_20180504_120659_362_recorded.mp4,VID 20180504 120659 362 recorded.mp4,True,2185,,Ambiguous match (3 candidates); No recorded action
C:\Users\micro\Documents\Better Up\Media-Manager\to-be-deleted\Gallery__VID__DRS__2018__VID_20180504_120801_135_recorded.mp4,VID 20180504 120801 135 recorded.mp4,True,2187,,Ambiguous match (3 candidates); No recorded action
C:\Users\micro\Documents\Better Up\Media-Manager\to-be-deleted\Gallery__VID__DRS__2018__VID_20180504_120851_373_recorded.mp4,VID 20180504 120851 373 recorded.mp4,True,2189,,Ambiguous match (3 candidates); No recorded action
C:\Users\micro\Documents\Better Up\Media-Manager\to-be-deleted\Gallery__VID__DRS__2018__VID_20180504_121409_905_recorded.mp4,VID 20180504 121409 905 recorded.mp4,True,2191,,Ambiguous match (3 candidates); No recorded action
C:\Users\micro\Documents\Better Up\Media-Manager\to-be-deleted\Gallery__VID__DRS__2018__VID_20180508_091256_507_recorded.mp4,VID 20180508 091256 507 recorded.mp4,True,2199,,Ambiguous match (3 candidates); No recorded action
C:\Users\micro\Documents\Better Up\Media-Manager\to-be-deleted\Gallery__VID__DRS__2018__VID_20180518_120303_384_recorded.mp4,VID 20180518 120303 384 recorded.mp4,True,2213,,Ambiguous match (3 candidates); No recorded action
C:\Users\micro\Documents\Better Up\Media-Manager\to-be-deleted\Gallery__VID__DRS__2018__VID_20180518_120448_196_recorded.mp4,VID 20180518 120448 196 recorded.mp4,True,2215,,Ambiguous match (3 candidates); No recorded action
C:\Users\micro\Documents\Better Up\Media-Manager\to-be-deleted\Gallery__VID__DRS__2018__VID_20180518_120529_343_recorded.mp4,VID 20180518 120529 343 recorded.mp4,True,2217,,Ambiguous match (3 candidates); No recorded action
C:\Users\micro\Documents\Better Up\Media-Manager\to-be-deleted\Gallery__VID__DRS__2018__VID_20180518_120825_227_recorded.mp4,VID 20180518 120825 227 recorded.mp4,True,2219,,Ambiguous match (3 candidates); No recorded action
C:\Users\micro\Documents\Better Up\Media-Manager\to-be-deleted\Gallery__VID__DRS__2018__VID_20180518_121001_542_recorded.mp4,VID 20180518 121001 542 recorded.mp4,True,2221,,Ambiguous match (3 candidates); No recorded action
C:\Users\micro\Documents\Better Up\Media-Manager\to-be-deleted\Gallery__VID__DRS__2018__VID_20180518_121215_833_recorded.mp4,VID 20180518 121215 833 recorded.mp4,True,2225,,Ambiguous match (3 candidates); No recorded action
C:\Users\micro\Documents\Better Up\Media-Manager\to-be-deleted\Gallery__VID__DRS__2018__VID_20180518_121244_925_recorded.mp4,VID 20180518 121244 925 recorded.mp4,True,2227,,Ambiguous match (3 candidates); No recorded action
C:\Users\micro\Documents\Better Up\Media-Manager\to-be-deleted\Gallery__VID__DRS__2018__VID_20180518_121336_198_recorded.mp4,VID 20180518 121336 198 recorded.mp4,True,2229,,Ambiguous match (3 candidates); No recorded action
C:\Users\micro\Documents\Better Up\Media-Manager\to-be-deleted\Gallery__VID__DRS__2018__VID_20180518_121420_750_recorded.mp4,VID 20180518 121420 750 recorded.mp4,True,2231,,Ambiguous match (3 candidates); No recorded action
C:\Users\micro\Documents\Better Up\Media-Manager\to-be-deleted\Gallery__VID__DRS__2018__VID_20180518_121620_985_recorded.mp4,VID 20180518 121620 985 recorded.mp4,True,2233,,Ambiguous match (3 candidates); No recorded action
C:\Users\micro\Documents\Better Up\Media-Manager\to-be-deleted\Gallery__VID__DRS__2018__VID_20180518_121933_739_recorded.mp4,VID 20180518 121933 739 recorded.mp4,True,2235,,Ambiguous match (3 candidates); No recorded action
C:\Users\micro\Documents\Better Up\Media-Manager\to-be-deleted\Gallery__VID__DRS__2018__VID_20180518_122036_078_recorded.mp4,VID 20180518 122036 078 recorded.mp4,True,2237,,Ambiguous match (3 candidates); No recorded action
C:\Users\micro\Documents\Better Up\Media-Manager\to-be-deleted\Gallery__VID__DRS__2018__VID_20180518_122121_315_recorded.mp4,VID 20180518 122121 315 recorded.mp4,True,2239,,Ambiguous match (3 candidates); No recorded action
C:\Users\micro\Documents\Better Up\Media-Manager\to-be-deleted\Gallery__VID__DRS__2018__VID_20180518_122204_631_recorded.mp4,VID 20180518 122204 631 recorded.mp4,True,2241,,Ambiguous match (3 candidates); No recorded action
C:\Users\micro\Documents\Better Up\Media-Manager\to-be-deleted\Gallery__VID__DRS__2018__VID_20180518_122250_268_recorded.mp4,VID 20180518 122250 268 recorded.mp4,True,2243,,Ambiguous match (3 candidates); No recorded action
C:\Users\micro\Documents\Better Up\Media-Manager\to-be-deleted\Gallery__VID__DRS__2018__VID_20180518_122334_903_recorded.mp4,VID 20180518 122334 903 recorded.mp4,True,2245,,Ambiguous match (3 candidates); No recorded action
C:\Users\micro\Documents\Better Up\Media-Manager\to-be-deleted\Gallery__VID__DRS__2018__VID_20180518_122441_414_recorded.mp4,VID 20180518 122441 414 recorded.mp4,True,2247,,Ambiguous match (3 candidates); No recorded action
C:\Users\micro\Documents\Better Up\Media-Manager\to-be-deleted\Gallery__VID__DRS__2018__VID_20180530_123308_103_recorded.mp4,VID 20180530 123308 103 recorded.mp4,True,2251,,Ambiguous match (3 candidates); No recorded action
C:\Users\micro\Documents\Better Up\Media-Manager\to-be-deleted\Gallery__VID__DRS__2018__VID_20180530_123632_708_recorded.mp4,VID 20180530 123632 708 recorded.mp4,True,2253,,Ambiguous match (3 candidates); No recorded action
C:\Users\micro\Documents\Better Up\Media-Manager\to-be-deleted\Gallery__VID__DRS__2018__VID_20180530_123726_966_recorded.mp4,VID 20180530 123726 966 recorded.mp4,True,2255,,Ambiguous match (3 candidates); No recorded action
C:\Users\micro\Documents\Better Up\Media-Manager\to-be-deleted\Gallery__VID__DRS__2018__VID_20180530_123817_476_recorded.mp4,VID 20180530 123817 476 recorded.mp4,True,2257,,Ambiguous match (3 candidates); No recorded action
C:\Users\micro\Documents\Better Up\Media-Manager\to-be-deleted\Gallery__VID__DRS__2018__VID_20180530_124021_705_recorded.mp4,VID 20180530 124021 705 recorded.mp4,True,2259,,Ambiguous match (3 candidates); No recorded action
C:\Users\micro\Documents\Better Up\Media-Manager\to-be-deleted\Gallery__VID__DRS__2018__VID_20181107_045330_761_recorded.mp4,VID 20181107 045330 761 recorded.mp4,True,2287,,Ambiguous match (3 candidates); No recorded action
C:\Users\micro\Documents\Better Up\Media-Manager\to-be-deleted\Gallery__VID__DRS__2018__VID_20181107_045428_426_recorded.mp4,VID 20181107 045428 426 recorded.mp4,True,2289,,Ambiguous match (3 candidates); No recorded action
C:\Users\micro\Documents\Better Up\Media-Manager\to-be-deleted\Gallery__VID__DRS__2018__VID_20181107_045509_430_recorded.mp4,VID 20181107 045509 430 recorded.mp4,True,2291,,Ambiguous match (3 candidates); No recorded action
C:\Users\micro\Documents\Better Up\Media-Manager\to-be-deleted\Gallery__VID__DRS__2018__VID_20181107_045617_512_recorded.mp4,VID 20181107 045617 512 recorded.mp4,True,2293,,Ambiguous match (3 candidates); No recorded action
C:\Users\micro\Documents\Better Up\Media-Manager\to-be-deleted\Gallery__VID__DRS__2018__VID_20181107_045724_069_recorded.mp4,VID 20181107 045724 069 recorded.mp4,True,2295,,Ambiguous match (3 candidates); No recorded action
C:\Users\micro\Documents\Better Up\Media-Manager\to-be-deleted\Gallery__VID__DRS__2018__VID_20181107_045805_251_recorded.mp4,VID 20181107 045805 251 recorded.mp4,True,2297,,Ambiguous match (3 candidates); No recorded action
C:\Users\micro\Documents\Better Up\Media-Manager\to-be-deleted\Gallery__VID__DRS__2018__VID_20181107_045903_400_recorded.mp4,VID 20181107 045903 400 recorded.mp4,True,2299,,Ambiguous match (3 candidates); No recorded action
C:\Users\micro\Documents\Better Up\Media-Manager\to-be-deleted\Gallery__VID__DRS__2018__VID_20181107_045943_069_recorded.mp4,VID 20181107 045943 069 recorded.mp4,True,2301,,Ambiguous match (3 candidates); No recorded action
C:\Users\micro\Documents\Better Up\Media-Manager\to-be-deleted\Gallery__VID__DRS__2018__VID_20181214_063103_670_recorded.mp4,VID 20181214 063103 670 recorded.mp4,True,2303,,Ambiguous match (3 candidates); No recorded action
C:\Users\micro\Documents\Better Up\Media-Manager\to-be-deleted\Gallery__VID__DRS__2018__VID_20181220_103921_550_recorded.mp4,VID 20181220 103921 550 recorded.mp4,True,2305,,Ambiguous match (3 candidates); No recorded action
C:\Users\micro\Documents\Better Up\Media-Manager\to-be-deleted\Gallery__VID__DRS__2018__VID_20181220_104143_558_recorded.mp4,VID 20181220 104143 558 recorded.mp4,True,2307,,Ambiguous match (3 candidates); No recorded action
C:\Users\micro\Documents\Better Up\Media-Manager\to-be-deleted\Gallery__VID__DRS__2018__VID_20181220_104928_629_recorded.mp4,VID 20181220 104928 629 recorded.mp4,True,2309,,Ambiguous match (3 candidates); No recorded action
C:\Users\micro\Documents\Better Up\Media-Manager\to-be-deleted\Gallery__VID__DRS__2018__VID_20181220_105217_234_recorded.mp4,VID 20181220 105217 234 recorded.mp4,True,2311,,Ambiguous match (3 candidates); No recorded action
C:\Users\micro\Documents\Better Up\Media-Manager\to-be-deleted\Gallery__VID__DRS__2018__VID_20181220_105249_453_recorded.mp4,VID 20181220 105249 453 recorded.mp4,True,2313,,Ambiguous match (3 candidates); No recorded action
C:\Users\micro\Documents\Better Up\Media-Manager\to-be-deleted\Gallery__VID__DRS__2018__VID_20181220_105333_203_recorded.mp4,VID 20181220 105333 203 recorded.mp4,True,2315,,Ambiguous match (3 candidates); No recorded action
C:\Users\micro\Documents\Better Up\Media-Manager\to-be-deleted\Gallery__VID__DRS__2018__VID_20181220_110521_930_recorded.mp4,VID 20181220 110521 930 recorded.mp4,True,2317,,Ambiguous match (3 candidates); No recorded action
C:\Users\micro\Documents\Better Up\Media-Manager\to-be-deleted\Gallery__VID__DRS__2018__VID_20181220_110749_708_recorded.mp4,VID 20181220 110749 708 recorded.mp4,True,2319,,Ambiguous match (3 candidates); No recorded action
C:\Users\micro\Documents\Better Up\Media-Manager\to-be-deleted\Gallery__VID__DRS__2018__VID_20181220_111000_123_recorded.mp4,VID 20181220 111000 123 recorded.mp4,True,2321,,Ambiguous match (3 candidates); No recorded action
C:\Users\micro\Documents\Better Up\Media-Manager\to-be-deleted\Gallery__VID__DRS__2018__VID_20181220_111100_123_recorded.mp4,VID 20181220 111100 123 recorded.mp4,True,2323,,Ambiguous match (3 candidates); No recorded action
C:\Users\micro\Documents\Better Up\Media-Manager\to-be-deleted\Gallery__VID__DRS__2018__VID_20181220_111200_123_recorded.mp4,VID 20181220 111200 123 recorded.mp4,True,2325,,Ambiguous match (3 candidates); No recorded action
C:\Users\micro\Documents\Better Up\Media-Manager\to-be-deleted\Gallery__VID__DRS__2018__VID_20181220_111300_123_recorded.mp4,VID 20181220 111300 123 recorded.mp4,True,2327,,Ambiguous match (3 candidates); No recorded action
C:\Users\micro\Documents\Better Up\Media-Manager\to-be-deleted\Gallery__VID__DRS__2018__VID_20181220_111429_014_recorded.mp4,VID 20181220 111429 014 recorded.mp4,True,2329,,Ambiguous match (3 candidates); No recorded action
C:\Users\micro\Documents\Better Up\Media-Manager\to-be-deleted\Gallery__VID__DRS__2018__VID_20181220_112100_123_recorded.mp4,VID 20181220 112100 123 recorded.mp4,True,2331,,Ambiguous match (3 candidates); No recorded action
C:\Users\micro\Documents\Better Up\Media-Manager\to-be-deleted\Gallery__VID__DRS__2018__VID_20181220_112552_221_recorded.mp4,VID 20181220 112552 221 recorded.mp4,True,2333,,Ambiguous match (3 candidates); No recorded action
C:\Users\micro\Documents\Better Up\Media-Manager\to-be-deleted\Gallery__VID__DRS__2018__VID_20181220_112952_527_recorded.mp4,VID 20181220 112952 527 recorded.mp4,True,2335,,Ambiguous match (3 candidates); No recorded action
C:\Users\micro\Documents\Better Up\Media-Manager\to-be-deleted\Gallery__VID__DRS__2018__VID_20181220_113142_727_recorded.mp4,VID 20181220 113142 727 recorded.mp4,True,2337,,Ambiguous match (3 candidates); No recorded action
C:\Users\micro\Documents\Better Up\Media-Manager\to-be-deleted\Gallery__VID__DRS__2018__VID_20181220_113615_405_recorded.mp4,VID 20181220 113615 405 recorded.mp4,True,2339,,Ambiguous match (3 candidates); No recorded action
C:\Users\micro\Documents\Better Up\Media-Manager\to-be-deleted\Gallery__VID__DRS__2018__VID_20181220_114009_777_recorded.mp4,VID 20181220 114009 777 recorded.mp4,True,2341,,Ambiguous match (3 candidates); No recorded action
C:\Users\micro\Documents\Better Up\Media-Manager\to-be-deleted\Gallery__VID__DRS__2018__VID_20181220_114301_946_recorded.mp4,VID 20181220 114301 946 recorded.mp4,True,2343,,Ambiguous match (3 candidates); No recorded action
C:\Users\micro\Documents\Better Up\Media-Manager\to-be-deleted\Gallery__VID__DRS__2018__VID_20181223_071800_123_recorded.mp4,VID 20181223 071800 123 recorded.mp4,True,2345,,Ambiguous match (3 candidates); No recorded action
C:\Users\micro\Documents\Better Up\Media-Manager\to-be-deleted\Gallery__VID__DRS__2018__VID_20181223_072000_123_recorded.mp4,VID 20181223 072000 123 recorded.mp4,True,2347,,Ambiguous match (3 candidates); No recorded action
C:\Users\micro\Documents\Better Up\Media-Manager\to-be-deleted\Gallery__VID__DRS__2018__VID_20181225_032700_123_recorded.mp4,VID 20181225 032700 123 recorded.mp4,True,2349,,Ambiguous match (3 candidates); No recorded action
C:\Users\micro\Documents\Better Up\Media-Manager\to-be-deleted\Gallery__VID__DRS__2018__VID_20181225_033229_793_recorded.mp4,VID 20181225 033229 793 recorded.mp4,True,2351,,Ambiguous match (3 candidates); No recorded action
C:\Users\micro\Documents\Better Up\Media-Manager\to-be-deleted\Gallery__VID__DRS__2018__VID_20181225_033408_486_recorded.mp4,VID 20181225 033408 486 recorded.mp4,True,2353,,Ambiguous match (3 candidates); No recorded action
C:\Users\micro\Documents\Better Up\Media-Manager\to-be-deleted\Gallery__VID__DRS__2018__VID_20181225_033732_672_recorded.mp4,VID 20181225 033732 672 recorded.mp4,True,2358,,Ambiguous match (3 candidates); No recorded action
C:\Users\micro\Documents\Better Up\Media-Manager\to-be-deleted\Gallery__VID__DRS__2018__VID_20181225_033856_300_recorded.mp4,VID 20181225 033856 300 recorded.mp4,True,2360,,Ambiguous match (3 candidates); No recorded action
C:\Users\micro\Documents\Better Up\Media-Manager\to-be-deleted\Gallery__VID__DRS__2018__VID_20181225_034207_258_recorded.mp4,VID 20181225 034207 258 recorded.mp4,True,2362,,Ambiguous match (3 candidates); No recorded action
C:\Users\micro\Documents\Better Up\Media-Manager\to-be-deleted\Gallery__VID__DRS__2018__VID_20181225_034629_088_recorded.mp4,VID 20181225 034629 088 recorded.mp4,True,2364,,Ambiguous match (3 candidates); No recorded action
C:\Users\micro\Documents\Better Up\Media-Manager\to-be-deleted\Gallery__VID__DRS__2018__VID_20200217_103534_594_recorded.mp4,VID 20200217 103534 594 recorded.mp4,True,1618,,Ambiguous match (11 candidates); No recorded action
C:\Users\micro\Documents\Better Up\Media-Manager\to-be-deleted\Gallery__VID__DRS__2018__VID_49851230_092812_910.mp4,VID 49851230 092812 910.mp4,True,2690,,Ambiguous match (3 candidates); No recorded action
C:\Users\micro\Documents\Better Up\Media-Manager\to-be-deleted\Gallery__VID__DRS__2019__BVR_2019_01_28_11_34_00.mp4,BVR 2019 01 28 11 34 00.mp4,True,3345,,Ambiguous match (3 candidates); No recorded action
C:\Users\micro\Documents\Better Up\Media-Manager\to-be-deleted\Gallery__VID__DRS__2019__VID_20190212_054741_377_recorded.mp4,VID 20190212 054741 377 recorded.mp4,True,3442,,Ambiguous match (3 candidates); No recorded action
C:\Users\micro\Documents\Better Up\Media-Manager\to-be-deleted\Gallery__VID__DRS__2019__VID_20190212_054936_115_recorded.mp4,VID 20190212 054936 115 recorded.mp4,True,3444,,Ambiguous match (3 candidates); No recorded action
C:\Users\micro\Documents\Better Up\Media-Manager\to-be-deleted\Gallery__VID__DRS__2019__VID_20190227_100057_934_recorded.mp4,VID 20190227 100057 934 recorded.mp4,True,3446,,Ambiguous match (3 candidates); No recorded action
C:\Users\micro\Documents\Better Up\Media-Manager\to-be-deleted\Gallery__VID__DRS__2019__VID_20190227_100929_513_recorded.mp4,VID 20190227 100929 513 recorded.mp4,True,3448,,Ambiguous match (3 candidates); No recorded action
C:\Users\micro\Documents\Better Up\Media-Manager\to-be-deleted\Gallery__VID__DRS__2019__VID_20190430_110128_737_recorded.mp4,VID 20190430 110128 737 recorded.mp4,True,3454,,Ambiguous match (3 candidates); No recorded action
C:\Users\micro\Documents\Better Up\Media-Manager\to-be-deleted\Gallery__VID__DRS__2019__VID_20190430_110800_606_recorded.mp4,VID 20190430 110800 606 recorded.mp4,True,3456,,Ambiguous match (3 candidates); No recorded action
C:\Users\micro\Documents\Better Up\Media-Manager\to-be-deleted\Gallery__VID__DRS__2019__VID_20190430_111952_481_recorded.mp4,VID 20190430 111952 481 recorded.mp4,True,3458,,Ambiguous match (3 candidates); No recorded action
C:\Users\micro\Documents\Better Up\Media-Manager\to-be-deleted\Gallery__VID__DRS__2019__VID_20190430_112244_868_recorded.mp4,VID 20190430 112244 868 recorded.mp4,True,3460,,Ambiguous match (3 candidates); No recorded action
C:\Users\micro\Documents\Better Up\Media-Manager\to-be-deleted\Gallery__VID__DRS__2019__VID_20190430_113149_037_recorded.mp4,VID 20190430 113149 037 recorded.mp4,True,3462,,Ambiguous match (3 candidates); No recorded action
C:\Users\micro\Documents\Better Up\Media-Manager\to-be-deleted\Gallery__VID__DRS__2019__VID_20190430_113621_125_recorded.mp4,VID 20190430 113621 125 recorded.mp4,True,3464,,Ambiguous match (3 candidates); No recorded action
C:\Users\micro\Documents\Better Up\Media-Manager\to-be-deleted\Gallery__VID__DRS__2019__VID_20190430_113759_905_recorded.mp4,VID 20190430 113759 905 recorded.mp4,True,3466,,Ambiguous match (3 candidates); No recorded action
C:\Users\micro\Documents\Better Up\Media-Manager\to-be-deleted\Gallery__VID__DRS__2019__VID_20190519_143923_100_recorded.mp4,VID 20190519 143923 100 recorded.mp4,True,3470,,Ambiguous match (3 candidates); No recorded action
C:\Users\micro\Documents\Better Up\Media-Manager\to-be-deleted\Gallery__VID__DRS__2019__VID_20190524_072121_706_recorded.mp4,VID 20190524 072121 706 recorded.mp4,True,3472,,Ambiguous match (3 candidates); No recorded action
C:\Users\micro\Documents\Better Up\Media-Manager\to-be-deleted\Gallery__VID__DRS__2019__VID_20190524_072258_984_recorded.mp4,VID 20190524 072258 984 recorded.mp4,True,3474,,Ambiguous match (3 candidates); No recorded action
C:\Users\micro\Documents\Better Up\Media-Manager\to-be-deleted\Gallery__VID__DRS__2019__VID_20190525_045212_578_recorded.mp4,VID 20190525 045212 578 recorded.mp4,True,3476,,Ambiguous match (3 candidates); No recorded action
C:\Users\micro\Documents\Better Up\Media-Manager\to-be-deleted\Gallery__VID__DRS__2019__VID_20190525_045230_804_recorded.mp4,VID 20190525 045230 804 recorded.mp4,True,3478,,Ambiguous match (3 candidates); No recorded action
C:\Users\micro\Documents\Better Up\Media-Manager\to-be-deleted\Gallery__VID__DRS__2019__VID_20190525_051217_897_recorded.mp4,VID 20190525 051217 897 recorded.mp4,True,3479,,Ambiguous match (5 candidates); No recorded action
C:\Users\micro\Documents\Better Up\Media-Manager\to-be-deleted\Gallery__VID__DRS__2019__VID_20190525_051554_965_recorded.mp4,VID 20190525 051554 965 recorded.mp4,True,3481,,Ambiguous match (3 candidates); No recorded action
C:\Users\micro\Documents\Better Up\Media-Manager\to-be-deleted\Gallery__VID__DRS__2019__VID_20190525_051734_490_recorded.mp4,VID 20190525 051734 490 recorded.mp4,True,3483,,Ambiguous match (3 candidates); No recorded action
C:\Users\micro\Documents\Better Up\Media-Manager\to-be-deleted\Gallery__VID__DRS__2019__VID_20190525_101900_123_recorded.mp4,VID 20190525 101900 123 recorded.mp4,True,3485,,Ambiguous match (3 candidates); No recorded action
C:\Users\micro\Documents\Better Up\Media-Manager\to-be-deleted\Gallery__VID__DRS__2019__VID_20190525_102641_748_recorded.mp4,VID 20190525 102641 748 recorded.mp4,True,3487,,Ambiguous match (3 candidates); No recorded action
C:\Users\micro\Documents\Better Up\Media-Manager\to-be-deleted\Gallery__VID__DRS__2019__VID_20190525_102945_103_recorded.mp4,VID 20190525 102945 103 recorded.mp4,True,3489,,Ambiguous match (3 candidates); No recorded action
C:\Users\micro\Documents\Better Up\Media-Manager\to-be-deleted\Gallery__VID__DRS__2019__VID_20190525_103239_192_recorded.mp4,VID 20190525 103239 192 recorded.mp4,True,3491,,Ambiguous match (3 candidates); No recorded action
C:\Users\micro\Documents\Better Up\Media-Manager\to-be-deleted\Gallery__VID__DRS__2019__VID_20190525_103500_103_recorded.mp4,VID 20190525 103500 103 recorded.mp4,True,3493,,Ambiguous match (3 candidates); No recorded action
C:\Users\micro\Documents\Better Up\Media-Manager\to-be-deleted\Gallery__VID__DRS__2019__VID_20190525_103533_658_recorded.mp4,VID 20190525 103533 658 recorded.mp4,True,3495,,Ambiguous match (3 candidates); No recorded action
C:\Users\micro\Documents\Better Up\Media-Manager\to-be-deleted\Gallery__VID__DRS__2019__VID_20190525_104734_450_recorded.mp4,VID 20190525 104734 450 recorded.mp4,True,3497,,Ambiguous match (3 candidates); No recorded action
C:\Users\micro\Documents\Better Up\Media-Manager\to-be-deleted\Gallery__VID__DRS__2019__VID_20190525_104912_964_recorded.mp4,VID 20190525 104912 964 recorded.mp4,True,3499,,Ambiguous match (3 candidates); No recorded action
C:\Users\micro\Documents\Better Up\Media-Manager\to-be-deleted\Gallery__VID__DRS__2019__VID_20190527_053840_804_recorded.mp4,VID 20190527 053840 804 recorded.mp4,True,3501,,Ambiguous match (3 candidates); No recorded action
C:\Users\micro\Documents\Better Up\Media-Manager\to-be-deleted\Gallery__VID__DRS__2019__VID_20190527_054138_016_recorded.mp4,VID 20190527 054138 016 recorded.mp4,True,3503,,Ambiguous match (3 candidates); No recorded action
C:\Users\micro\Documents\Better Up\Media-Manager\to-be-deleted\Gallery__VID__DRS__2019__VID_20190527_054419_509_recorded.mp4,VID 20190527 054419 509 recorded.mp4,True,3505,,Ambiguous match (3 candidates); No recorded action
C:\Users\micro\Documents\Better Up\Media-Manager\to-be-deleted\Gallery__VID__DRS__2019__VID_20190527_054430_355_recorded.mp4,VID 20190527 054430 355 recorded.mp4,True,3507,,Ambiguous match (3 candidates); No recorded action
C:\Users\micro\Documents\Better Up\Media-Manager\to-be-deleted\Gallery__VID__DRS__2019__VID_20190608_165926_051_recorded.mp4,VID 20190608 165926 051 recorded.mp4,True,3509,,Ambiguous match (3 candidates); No recorded action
C:\Users\micro\Documents\Better Up\Media-Manager\to-be-deleted\Gallery__VID__DRS__2019__VID_20190608_170214_617_recorded.mp4,VID 20190608 170214 617 recorded.mp4,True,3511,,Ambiguous match (3 candidates); No recorded action
C:\Users\micro\Documents\Better Up\Media-Manager\to-be-deleted\Gallery__VID__DRS__2019__VID_20190608_170259_009_recorded.mp4,VID 20190608 170259 009 recorded.mp4,True,3513,,Ambiguous match (3 candidates); No recorded action
C:\Users\micro\Documents\Better Up\Media-Manager\to-be-deleted\Gallery__VID__DRS__2019__VID_20190608_170948_424_recorded.mp4,VID 20190608 170948 424 recorded.mp4,True,3515,,Ambiguous match (3 candidates); No recorded action
C:\Users\micro\Documents\Better Up\Media-Manager\to-be-deleted\Gallery__VID__DRS__2019__VID_20190608_171235_231_recorded.mp4,VID 20190608 171235 231 recorded.mp4,True,3517,,Ambiguous match (3 candidates); No recorded action
C:\Users\micro\Documents\Better Up\Media-Manager\to-be-deleted\Gallery__VID__DRS__2019__VID_20190608_171602_637_recorded.mp4,VID 20190608 171602 637 recorded.mp4,True,3519,,Ambiguous match (3 candidates); No recorded action
C:\Users\micro\Documents\Better Up\Media-Manager\to-be-deleted\Gallery__VID__DRS__2019__VID_20190608_171644_303_recorded.mp4,VID 20190608 171644 303 recorded.mp4,True,3523,,Ambiguous match (3 candidates); No recorded action
C:\Users\micro\Documents\Better Up\Media-Manager\to-be-deleted\Gallery__VID__DRS__2019__VID_20190608_172105_952_recorded.mp4,VID 20190608 172105 952 recorded.mp4,True,3525,,Ambiguous match (3 candidates); No recorded action
C:\Users\micro\Documents\Better Up\Media-Manager\to-be-deleted\Gallery__VID__DRS__2019__VID_20190608_172134_380_recorded.mp4,VID 20190608 172134 380 recorded.mp4,True,3527,,Ambiguous match (3 candidates); No recorded action
C:\Users\micro\Documents\Better Up\Media-Manager\to-be-deleted\Gallery__VID__DRS__2019__VID_20190608_172249_991_recorded.mp4,VID 20190608 172249 991 recorded.mp4,True,3529,,Ambiguous match (3 candidates); No recorded action
C:\Users\micro\Documents\Better Up\Media-Manager\to-be-deleted\Gallery__VID__DRS__2019__VID_20190608_172729_116_recorded.mp4,VID 20190608 172729 116 recorded.mp4,True,3532,,Ambiguous match (3 candidates); No recorded action
C:\Users\micro\Documents\Better Up\Media-Manager\to-be-deleted\Gallery__VID__DRS__2019__VID_20190608_173029_097_recorded.mp4,VID 20190608 173029 097 recorded.mp4,True,3534,,Ambiguous match (3 candidates); No recorded action
C:\Users\micro\Documents\Better Up\Media-Manager\to-be-deleted\Gallery__VID__DRS__2019__VID_20190617_062836_400_recorded.mp4,VID 20190617 062836 400 recorded.mp4,True,3536,,Ambiguous match (3 candidates); No recorded action
C:\Users\micro\Documents\Better Up\Media-Manager\to-be-deleted\Gallery__VID__DRS__2019__VID_20190617_062932_018_recorded.mp4,VID 20190617 062932 018 recorded.mp4,True,3538,,Ambiguous match (3 candidates); No recorded action
C:\Users\micro\Documents\Better Up\Media-Manager\to-be-deleted\Gallery__VID__DRS__2019__VID_20190718_063748_358_recorded.mp4,VID 20190718 063748 358 recorded.mp4,True,3540,,Ambiguous match (3 candidates); No recorded action
C:\Users\micro\Documents\Better Up\Media-Manager\to-be-deleted\Gallery__VID__DRS__2019__VID_20190725_041754_508_recorded.mp4,VID 20190725 041754 508 recorded.mp4,True,3542,,Ambiguous match (3 candidates); No recorded action
C:\Users\micro\Documents\Better Up\Media-Manager\to-be-deleted\Gallery__VID__DRS__2019__VID_20190730_065332_032_recorded.mp4,VID 20190730 065332 032 recorded.mp4,True,3544,,Ambiguous match (3 candidates); No recorded action
C:\Users\micro\Documents\Better Up\Media-Manager\to-be-deleted\Gallery__VID__DRS__2019__VID_20190803_122041_777_recorded.mp4,VID 20190803 122041 777 recorded.mp4,True,3546,,Ambiguous match (3 candidates); No recorded action
C:\Users\micro\Documents\Better Up\Media-Manager\to-be-deleted\Gallery__VID__DRS__2019__VID_20190803_122334_871_recorded.mp4,VID 20190803 122334 871 recorded.mp4,True,3548,,Ambiguous match (3 candidates); No recorded action
C:\Users\micro\Documents\Better Up\Media-Manager\to-be-deleted\Gallery__VID__DRS__2019__VID_20190803_122441_819_recorded.mp4,VID 20190803 122441 819 recorded.mp4,True,3550,,Ambiguous match (3 candidates); No recorded action
C:\Users\micro\Documents\Better Up\Media-Manager\to-be-deleted\Gallery__VID__DRS__2019__VID_20190803_122608_770_recorded.mp4,VID 20190803 122608 770 recorded.mp4,True,3552,,Ambiguous match (3 candidates); No recorded action
C:\Users\micro\Documents\Better Up\Media-Manager\to-be-deleted\Gallery__VID__DRS__2019__VID_20190803_123004_269_recorded.mp4,VID 20190803 123004 269 recorded.mp4,True,3554,,Ambiguous match (3 candidates); No recorded action
C:\Users\micro\Documents\Better Up\Media-Manager\to-be-deleted\Gallery__VID__DRS__2019__VID_20190803_123341_343_recorded.mp4,VID 20190803 123341 343 recorded.mp4,True,3556,,Ambiguous match (3 candidates); No recorded action
C:\Users\micro\Documents\Better Up\Media-Manager\to-be-deleted\Gallery__VID__DRS__2019__VID_20190803_123658_856_recorded.mp4,VID 20190803 123658 856 recorded.mp4,True,3558,,Ambiguous match (3 candidates); No recorded action
C:\Users\micro\Documents\Better Up\Media-Manager\to-be-deleted\Gallery__VID__DRS__2019__VID_20190803_123954_356_recorded.mp4,VID 20190803 123954 356 recorded.mp4,True,3560,,Ambiguous match (3 candidates); No recorded action
C:\Users\micro\Documents\Better Up\Media-Manager\to-be-deleted\Gallery__VID__DRS__2019__VID_20190803_124331_479_recorded.mp4,VID 20190803 124331 479 recorded.mp4,True,3562,,Ambiguous match (3 candidates); No recorded action
C:\Users\micro\Documents\Better Up\Media-Manager\to-be-deleted\Gallery__VID__DRS__2019__VID_20190803_125809_424_recorded.mp4,VID 20190803 125809 424 recorded.mp4,True,3568,,Ambiguous match (3 candidates); No recorded action
C:\Users\micro\Documents\Better Up\Media-Manager\to-be-deleted\Gallery__VID__DRS__2019__VID_20190804_091912_118_recorded.mp4,VID 20190804 091912 118 recorded.mp4,True,3580,,Ambiguous match (3 candidates); No recorded action
C:\Users\micro\Documents\Better Up\Media-Manager\to-be-deleted\Gallery__VID__DRS__2019__VID_20190804_092705_020_recorded.mp4,VID 20190804 092705 020 recorded.mp4,True,3583,,Ambiguous match (3 candidates); No recorded action
C:\Users\micro\Documents\Better Up\Media-Manager\to-be-deleted\Gallery__VID__DRS__2019__VID_20190804_094242_535_recorded.mp4,VID 20190804 094242 535 recorded.mp4,True,3586,,Ambiguous match (3 candidates); No recorded action
C:\Users\micro\Documents\Better Up\Media-Manager\to-be-deleted\Gallery__VID__DRS__2019__VID_20190804_094615_410_recorded.mp4,VID 20190804 094615 410 recorded.mp4,True,3589,,Ambiguous match (3 candidates); No recorded action
C:\Users\micro\Documents\Better Up\Media-Manager\to-be-deleted\Gallery__VID__DRS__2019__VID_20190804_095832_976_recorded.mp4,VID 20190804 095832 976 recorded.mp4,True,3592,,Ambiguous match (3 candidates); No recorded action
C:\Users\micro\Documents\Better Up\Media-Manager\to-be-deleted\Gallery__VID__DRS__2019__VID_20190804_100132_200_recorded.mp4,VID 20190804 100132 200 recorded.mp4,True,3595,,Ambiguous match (3 candidates); No recorded action
C:\Users\micro\Documents\Better Up\Media-Manager\to-be-deleted\Gallery__VID__DRS__2019__VID_20190804_121547_765_recorded.mp4,VID 20190804 121547 765 recorded.mp4,True,3598,,Ambiguous match (3 candidates); No recorded action
C:\Users\micro\Documents\Better Up\Media-Manager\to-be-deleted\Gallery__VID__DRS__2019__VID_20190804_122500_344_recorded.mp4,VID 20190804 122500 344 recorded.mp4,True,3604,,Ambiguous match (3 candidates); No recorded action
C:\Users\micro\Documents\Better Up\Media-Manager\to-be-deleted\Gallery__VID__DRS__2019__VID_20190804_123354_926_recorded.mp4,VID 20190804 123354 926 recorded.mp4,True,3610,,Ambiguous match (3 candidates); No recorded action
C:\Users\micro\Documents\Better Up\Media-Manager\to-be-deleted\Gallery__VID__DRS__2019__VID_20190804_123739_021_recorded.mp4,VID 20190804 123739 021 recorded.mp4,True,3613,,Ambiguous match (3 candidates); No recorded action
C:\Users\micro\Documents\Better Up\Media-Manager\to-be-deleted\Gallery__VID__DRS__2019__VID_20190804_124131_241_recorded.mp4,VID 20190804 124131 241 recorded.mp4,True,3616,,Ambiguous match (3 candidates); No recorded action
C:\Users\micro\Documents\Better Up\Media-Manager\to-be-deleted\Gallery__VID__DRS__2019__VID_20190804_124157_321_recorded.mp4,VID 20190804 124157 321 recorded.mp4,True,3619,,Ambiguous match (3 candidates); No recorded action
C:\Users\micro\Documents\Better Up\Media-Manager\to-be-deleted\Gallery__VID__DRS__2019__VID_20190805_070300_873_recorded.mp4,VID 20190805 070300 873 recorded.mp4,True,3622,,Ambiguous match (3 candidates); No recorded action
C:\Users\micro\Documents\Better Up\Media-Manager\to-be-deleted\Gallery__VID__DRS__2019__VID_20190805_070606_137_recorded.mp4,VID 20190805 070606 137 recorded.mp4,True,3624,,Ambiguous match (5 candidates); No recorded action
C:\Users\micro\Documents\Better Up\Media-Manager\to-be-deleted\Gallery__VID__DRS__2019__VID_20190808_040000_123_recorded.mp4,VID 20190808 040000 123 recorded.mp4,True,3626,,Ambiguous match (3 candidates); No recorded action
C:\Users\micro\Documents\Better Up\Media-Manager\to-be-deleted\Gallery__VID__DRS__2019__VID_20190808_040934_811_recorded.mp4,VID 20190808 040934 811 recorded.mp4,True,3629,,Ambiguous match (3 candidates); No recorded action
C:\Users\micro\Documents\Better Up\Media-Manager\to-be-deleted\Gallery__VID__DRS__2019__VID_20190808_041226_461_recorded.mp4,VID 20190808 041226 461 recorded.mp4,True,3632,,Ambiguous match (3 candidates); No recorded action
C:\Users\micro\Documents\Better Up\Media-Manager\to-be-deleted\Gallery__VID__DRS__2019__VID_20190808_041529_800_recorded.mp4,VID 20190808 041529 800 recorded.mp4,True,3635,,Ambiguous match (3 candidates); No recorded action
C:\Users\micro\Documents\Better Up\Media-Manager\to-be-deleted\Gallery__VID__DRS__2019__VID_20190808_041856_468_recorded.mp4,VID 20190808 041856 468 recorded.mp4,True,3638,,Ambiguous match (3 candidates); No recorded action
C:\Users\micro\Documents\Better Up\Media-Manager\to-be-deleted\Gallery__VID__DRS__2019__VID_20190808_042141_847_recorded.mp4,VID 20190808 042141 847 recorded.mp4,True,3641,,Ambiguous match (3 candidates); No recorded action
C:\Users\micro\Documents\Better Up\Media-Manager\to-be-deleted\Gallery__VID__DRS__2019__VID_20190808_043846_043_recorded.mp4,VID 20190808 043846 043 recorded.mp4,True,3644,,Ambiguous match (3 candidates); No recorded action
C:\Users\micro\Documents\Better Up\Media-Manager\to-be-deleted\Gallery__VID__DRS__2019__VID_20190808_043922_798_recorded.mp4,VID 20190808 043922 798 recorded.mp4,True,3647,,Ambiguous match (3 candidates); No recorded action
C:\Users\micro\Documents\Better Up\Media-Manager\to-be-deleted\Gallery__VID__DRS__2019__VID_20190808_043940_098_recorded.mp4,VID 20190808 043940 098 recorded.mp4,True,3650,,Ambiguous match (3 candidates); No recorded action
C:\Users\micro\Documents\Better Up\Media-Manager\to-be-deleted\Gallery__VID__DRS__2019__VID_20190810_123332_856_recorded.mp4,VID 20190810 123332 856 recorded.mp4,True,3656,,Ambiguous match (3 candidates); No recorded action
C:\Users\micro\Documents\Better Up\Media-Manager\to-be-deleted\Gallery__VID__DRS__2019__VID_20190811_042705_076_recorded.mp4,VID 20190811 042705 076 recorded.mp4,True,3659,,Ambiguous match (3 candidates); No recorded action
C:\Users\micro\Documents\Better Up\Media-Manager\to-be-deleted\Gallery__VID__DRS__2019__VID_20190811_043607_009_recorded.mp4,VID 20190811 043607 009 recorded.mp4,True,3662,,Ambiguous match (3 candidates); No recorded action
C:\Users\micro\Documents\Better Up\Media-Manager\to-be-deleted\Gallery__VID__DRS__2019__VID_20190811_045443_510_recorded.mp4,VID 20190811 045443 510 recorded.mp4,True,3665,,Ambiguous match (3 candidates); No recorded action
C:\Users\micro\Documents\Better Up\Media-Manager\to-be-deleted\Gallery__VID__DRS__2019__VID_20190811_045750_472_recorded.mp4,VID 20190811 045750 472 recorded.mp4,True,3668,,Ambiguous match (3 candidates); No recorded action
C:\Users\micro\Documents\Better Up\Media-Manager\to-be-deleted\Gallery__VID__DRS__2019__VID_20190811_050100_182_recorded.mp4,VID 20190811 050100 182 recorded.mp4,True,3671,,Ambiguous match (3 candidates); No recorded action
C:\Users\micro\Documents\Better Up\Media-Manager\to-be-deleted\Gallery__VID__DRS__2019__VID_20190811_050410_471_recorded.mp4,VID 20190811 050410 471 recorded.mp4,True,3674,,Ambiguous match (3 candidates); No recorded action
C:\Users\micro\Documents\Better Up\Media-Manager\to-be-deleted\Gallery__VID__DRS__2019__VID_20190811_094930_036_recorded.mp4,VID 20190811 094930 036 recorded.mp4,True,3677,,Ambiguous match (3 candidates); No recorded action
C:\Users\micro\Documents\Better Up\Media-Manager\to-be-deleted\Gallery__VID__DRS__2019__VID_20190814_041452_340_recorded.mp4,VID 20190814 041452 340 recorded.mp4,True,3680,,Ambiguous match (3 candidates); No recorded action
C:\Users\micro\Documents\Better Up\Media-Manager\to-be-deleted\Gallery__VID__DRS__2019__VID_20190814_043148_542_recorded.mp4,VID 20190814 043148 542 recorded.mp4,True,3683,,Ambiguous match (3 candidates); No recorded action
C:\Users\micro\Documents\Better Up\Media-Manager\to-be-deleted\Gallery__VID__DRS__2019__VID_20190814_043733_617_recorded.mp4,VID 20190814 043733 617 recorded.mp4,True,3686,,Ambiguous match (3 candidates); No recorded action
C:\Users\micro\Documents\Better Up\Media-Manager\to-be-deleted\Gallery__VID__DRS__2019__VID_20190814_044111_900_recorded.mp4,VID 20190814 044111 900 recorded.mp4,True,3689,,Ambiguous match (3 candidates); No recorded action
C:\Users\micro\Documents\Better Up\Media-Manager\to-be-deleted\Gallery__VID__DRS__2019__VID_20190814_044141_208_recorded.mp4,VID 20190814 044141 208 recorded.mp4,True,3692,,Ambiguous match (3 candidates); No recorded action
C:\Users\micro\Documents\Better Up\Media-Manager\to-be-deleted\Gallery__VID__DRS__2019__VID_20190814_044243_430_recorded.mp4,VID 20190814 044243 430 recorded.mp4,True,3695,,Ambiguous match (3 candidates); No recorded action
C:\Users\micro\Documents\Better Up\Media-Manager\to-be-deleted\Gallery__VID__DRS__2019__VID_20190814_050336_146_recorded.mp4,VID 20190814 050336 146 recorded.mp4,True,3698,,Ambiguous match (3 candidates); No recorded action
C:\Users\micro\Documents\Better Up\Media-Manager\to-be-deleted\Gallery__VID__DRS__2019__VID_20190814_050407_306_recorded.mp4,VID 20190814 050407 306 recorded.mp4,True,3701,,Ambiguous match (3 candidates); No recorded action
C:\Users\micro\Documents\Better Up\Media-Manager\to-be-deleted\Gallery__VID__DRS__2019__VID_20190814_052058_558_recorded.mp4,VID 20190814 052058 558 recorded.mp4,True,3704,,Ambiguous match (3 candidates); No recorded action
C:\Users\micro\Documents\Better Up\Media-Manager\to-be-deleted\Gallery__VID__DRS__2019__VID_20190814_052556_533_recorded.mp4,VID 20190814 052556 533 recorded.mp4,True,3707,,Ambiguous match (3 candidates); No recorded action
C:\Users\micro\Documents\Better Up\Media-Manager\to-be-deleted\Gallery__VID__DRS__2019__VID_20190814_052851_439_recorded.mp4,VID 20190814 052851 439 recorded.mp4,True,3710,,Ambiguous match (3 candidates); No recorded action
C:\Users\micro\Documents\Better Up\Media-Manager\to-be-deleted\Gallery__VID__DRS__2019__VID_20190814_053006_113_recorded.mp4,VID 20190814 053006 113 recorded.mp4,True,3713,,Ambiguous match (3 candidates); No recorded action
C:\Users\micro\Documents\Better Up\Media-Manager\to-be-deleted\Gallery__VID__DRS__2019__VID_20190816_093957_287_recorded.mp4,VID 20190816 093957 287 recorded.mp4,True,3716,,Ambiguous match (3 candidates); No recorded action
C:\Users\micro\Documents\Better Up\Media-Manager\to-be-deleted\Gallery__VID__DRS__2019__VID_20190816_094422_817_recorded.mp4,VID 20190816 094422 817 recorded.mp4,True,3719,,Ambiguous match (3 candidates); No recorded action
C:\Users\micro\Documents\Better Up\Media-Manager\to-be-deleted\Gallery__VID__DRS__2019__VID_20190816_095154_430_recorded.mp4,VID 20190816 095154 430 recorded.mp4,True,3722,,Ambiguous match (3 candidates); No recorded action
C:\Users\micro\Documents\Better Up\Media-Manager\to-be-deleted\Gallery__VID__DRS__2019__VID_20190816_100645_012_recorded.mp4,VID 20190816 100645 012 recorded.mp4,True,3725,,Ambiguous match (3 candidates); No recorded action
C:\Users\micro\Documents\Better Up\Media-Manager\to-be-deleted\Gallery__VID__DRS__2019__VID_20190816_100715_147_recorded.mp4,VID 20190816 100715 147 recorded.mp4,True,3728,,Ambiguous match (3 candidates); No recorded action
C:\Users\micro\Documents\Better Up\Media-Manager\to-be-deleted\Gallery__VID__DRS__2019__VID_20190816_100742_722_recorded.mp4,VID 20190816 100742 722 recorded.mp4,True,3731,,Ambiguous match (3 candidates); No recorded action
C:\Users\micro\Documents\Better Up\Media-Manager\to-be-deleted\Gallery__VID__DRS__2019__VID_20190816_100802_860_recorded.mp4,VID 20190816 100802 860 recorded.mp4,True,3734,,Ambiguous match (3 candidates); No recorded action
C:\Users\micro\Documents\Better Up\Media-Manager\to-be-deleted\Gallery__VID__DRS__2019__VID_20190816_100822_045_recorded.mp4,VID 20190816 100822 045 recorded.mp4,True,3737,,Ambiguous match (3 candidates); No recorded action
C:\Users\micro\Documents\Better Up\Media-Manager\to-be-deleted\Gallery__VID__DRS__2019__VID_20190816_100838_055_recorded.mp4,VID 20190816 100838 055 recorded.mp4,True,3740,,Ambiguous match (3 candidates); No recorded action
C:\Users\micro\Documents\Better Up\Media-Manager\to-be-deleted\Gallery__VID__DRS__2019__VID_20190816_100851_015_recorded.mp4,VID 20190816 100851 015 recorded.mp4,True,3743,,Ambiguous match (3 candidates); No recorded action
C:\Users\micro\Documents\Better Up\Media-Manager\to-be-deleted\Gallery__VID__DRS__2019__VID_20190816_100904_196_recorded.mp4,VID 20190816 100904 196 recorded.mp4,True,3746,,Ambiguous match (3 candidates); No recorded action
C:\Users\micro\Documents\Better Up\Media-Manager\to-be-deleted\Gallery__VID__DRS__2019__VID_20190816_101134_232_recorded.mp4,VID 20190816 101134 232 recorded.mp4,True,3752,,Ambiguous match (3 candidates); No recorded action
C:\Users\micro\Documents\Better Up\Media-Manager\to-be-deleted\Gallery__VID__DRS__2019__VID_20190818_092756_645_recorded.mp4,VID 20190818 092756 645 recorded.mp4,True,3755,,Ambiguous match (3 candidates); No recorded action
C:\Users\micro\Documents\Better Up\Media-Manager\to-be-deleted\Gallery__VID__DRS__2019__VID_20190818_092936_432_recorded.mp4,VID 20190818 092936 432 recorded.mp4,True,3758,,Ambiguous match (3 candidates); No recorded action
C:\Users\micro\Documents\Better Up\Media-Manager\to-be-deleted\Gallery__VID__DRS__2019__VID_20190818_093255_693_recorded.mp4,VID 20190818 093255 693 recorded.mp4,True,3761,,Ambiguous match (3 candidates); No recorded action
C:\Users\micro\Documents\Better Up\Media-Manager\to-be-deleted\Gallery__VID__DRS__2019__VID_20190818_094048_164_recorded.mp4,VID 20190818 094048 164 recorded.mp4,True,3764,,Ambiguous match (3 candidates); No recorded action
C:\Users\micro\Documents\Better Up\Media-Manager\to-be-deleted\Gallery__VID__DRS__2019__VID_20190818_094342_328_recorded.mp4,VID 20190818 094342 328 recorded.mp4,True,3767,,Ambiguous match (3 candidates); No recorded action
C:\Users\micro\Documents\Better Up\Media-Manager\to-be-deleted\Gallery__VID__DRS__2019__VID_20190818_094510_722_recorded.mp4,VID 20190818 094510 722 recorded.mp4,True,3773,,Ambiguous match (3 candidates); No recorded action
C:\Users\micro\Documents\Better Up\Media-Manager\to-be-deleted\Gallery__VID__DRS__2019__VID_20190824_082501_788_recorded.mp4,VID 20190824 082501 788 recorded.mp4,True,3779,,Ambiguous match (3 candidates); No recorded action
C:\Users\micro\Documents\Better Up\Media-Manager\to-be-deleted\Gallery__VID__DRS__2019__VID_20190824_082803_389_recorded.mp4,VID 20190824 082803 389 recorded.mp4,True,3782,,Ambiguous match (3 candidates); No recorded action
C:\Users\micro\Documents\Better Up\Media-Manager\to-be-deleted\Gallery__VID__DRS__2019__VID_20190824_083134_289_recorded.mp4,VID 20190824 083134 289 recorded.mp4,True,3785,,Ambiguous match (3 candidates); No recorded action
C:\Users\micro\Documents\Better Up\Media-Manager\to-be-deleted\Gallery__VID__DRS__2019__VID_20190824_083433_030_recorded.mp4,VID 20190824 083433 030 recorded.mp4,True,3788,,Ambiguous match (3 candidates); No recorded action
C:\Users\micro\Documents\Better Up\Media-Manager\to-be-deleted\Gallery__VID__DRS__2019__VID_20190825_171358_853_recorded.mp4,VID 20190825 171358 853 recorded.mp4,True,3791,,Ambiguous match (3 candidates); No recorded action
C:\Users\micro\Documents\Better Up\Media-Manager\to-be-deleted\Gallery__VID__DRS__2019__VID_20190825_171554_299_recorded.mp4,VID 20190825 171554 299 recorded.mp4,True,3794,,Ambiguous match (3 candidates); No recorded action
C:\Users\micro\Documents\Better Up\Media-Manager\to-be-deleted\Gallery__VID__DRS__2019__VID_20190825_172008_121_recorded.mp4,VID 20190825 172008 121 recorded.mp4,True,3797,,Ambiguous match (3 candidates); No recorded action
C:\Users\micro\Documents\Better Up\Media-Manager\to-be-deleted\Gallery__VID__DRS__2019__VID_20190825_172350_849_recorded.mp4,VID 20190825 172350 849 recorded.mp4,True,3799,,Ambiguous match (5 candidates); No recorded action
C:\Users\micro\Documents\Better Up\Media-Manager\to-be-deleted\Gallery__VID__DRS__2019__VID_20190825_173613_628_recorded.mp4,VID 20190825 173613 628 recorded.mp4,True,3801,,Ambiguous match (3 candidates); No recorded action
C:\Users\micro\Documents\Better Up\Media-Manager\to-be-deleted\Gallery__VID__DRS__2019__VID_20190825_174105_607_recorded.mp4,VID 20190825 174105 607 recorded.mp4,True,3804,,Ambiguous match (3 candidates); No recorded action
C:\Users\micro\Documents\Better Up\Media-Manager\to-be-deleted\Gallery__VID__DRS__2019__VID_20190825_174603_641_recorded.mp4,VID 20190825 174603 641 recorded.mp4,True,3807,,Ambiguous match (3 candidates); No recorded action
C:\Users\micro\Documents\Better Up\Media-Manager\to-be-deleted\Gallery__VID__DRS__2019__VID_20190825_174851_707_recorded.mp4,VID 20190825 174851 707 recorded.mp4,True,3810,,Ambiguous match (3 candidates); No recorded action
C:\Users\micro\Documents\Better Up\Media-Manager\to-be-deleted\Gallery__VID__DRS__2019__VID_20190825_175130_075_recorded.mp4,VID 20190825 175130 075 recorded.mp4,True,3816,,Ambiguous match (3 candidates); No recorded action
C:\Users\micro\Documents\Better Up\Media-Manager\to-be-deleted\Gallery__VID__DRS__2019__VID_20190825_175415_222_recorded.mp4,VID 20190825 175415 222 recorded.mp4,True,3819,,Ambiguous match (3 candidates); No recorded action
C:\Users\micro\Documents\Better Up\Media-Manager\to-be-deleted\Gallery__VID__DRS__2019__VID_20190825_175706_436_recorded.mp4,VID 20190825 175706 436 recorded.mp4,True,3822,,Ambiguous match (3 candidates); No recorded action
C:\Users\micro\Documents\Better Up\Media-Manager\to-be-deleted\Gallery__VID__DRS__2019__VID_20190825_175854_989_recorded.mp4,VID 20190825 175854 989 recorded.mp4,True,3825,,Ambiguous match (3 candidates); No recorded action
C:\Users\micro\Documents\Better Up\Media-Manager\to-be-deleted\Gallery__VID__DRS__2019__VID_20190825_180222_819_recorded.mp4,VID 20190825 180222 819 recorded.mp4,True,3828,,Ambiguous match (3 candidates); No recorded action
C:\Users\micro\Documents\Better Up\Media-Manager\to-be-deleted\Gallery__VID__DRS__2019__VID_20190825_180515_674_recorded.mp4,VID 20190825 180515 674 recorded.mp4,True,3831,,Ambiguous match (3 candidates); No recorded action
C:\Users\micro\Documents\Better Up\Media-Manager\to-be-deleted\Gallery__VID__DRS__2019__VID_20190828_072148_574_recorded.mp4,VID 20190828 072148 574 recorded.mp4,True,3840,,Ambiguous match (3 candidates); No recorded action
C:\Users\micro\Documents\Better Up\Media-Manager\to-be-deleted\Gallery__VID__DRS__2019__VID_20190828_072455_050_recorded.mp4,VID 20190828 072455 050 recorded.mp4,True,3843,,Ambiguous match (3 candidates); No recorded action
C:\Users\micro\Documents\Better Up\Media-Manager\to-be-deleted\Gallery__VID__DRS__2019__VID_20190830_043503_769_recorded.mp4,VID 20190830 043503 769 recorded.mp4,True,3846,,Ambiguous match (3 candidates); No recorded action
C:\Users\micro\Documents\Better Up\Media-Manager\to-be-deleted\Gallery__VID__DRS__2019__VID_20190830_043741_579_recorded.mp4,VID 20190830 043741 579 recorded.mp4,True,3849,,Ambiguous match (3 candidates); No recorded action
C:\Users\micro\Documents\Better Up\Media-Manager\to-be-deleted\Gallery__VID__DRS__2019__VID_20190830_052314_691_recorded.mp4,VID 20190830 052314 691 recorded.mp4,True,3855,,Ambiguous match (3 candidates); No recorded action
C:\Users\micro\Documents\Better Up\Media-Manager\to-be-deleted\Gallery__VID__DRS__2019__VID_20190830_052658_977_recorded.mp4,VID 20190830 052658 977 recorded.mp4,True,3858,,Ambiguous match (3 candidates); No recorded action
C:\Users\micro\Documents\Better Up\Media-Manager\to-be-deleted\Gallery__VID__DRS__2019__VID_20190922_164823_878_recorded.mp4,VID 20190922 164823 878 recorded.mp4,True,3861,,Ambiguous match (3 candidates); No recorded action
C:\Users\micro\Documents\Better Up\Media-Manager\to-be-deleted\Gallery__VID__DRS__2019__VID_20190922_165124_370_recorded.mp4,VID 20190922 165124 370 recorded.mp4,True,3863,,Ambiguous match (5 candidates); No recorded action
C:\Users\micro\Documents\Better Up\Media-Manager\to-be-deleted\Gallery__VID__DRS__2019__VID_20190922_165613_688_recorded.mp4,VID 20190922 165613 688 recorded.mp4,True,3865,,Ambiguous match (3 candidates); No recorded action
C:\Users\micro\Documents\Better Up\Media-Manager\to-be-deleted\Gallery__VID__DRS__2019__VID_20190922_170150_642_recorded.mp4,VID 20190922 170150 642 recorded.mp4,True,3868,,Ambiguous match (3 candidates); No recorded action
C:\Users\micro\Documents\Better Up\Media-Manager\to-be-deleted\Gallery__VID__DRS__2019__VID_20190922_170427_834_recorded.mp4,VID 20190922 170427 834 recorded.mp4,True,3871,,Ambiguous match (3 candidates); No recorded action
C:\Users\micro\Documents\Better Up\Media-Manager\to-be-deleted\Gallery__VID__DRS__2019__VID_20190922_170728_048_recorded.mp4,VID 20190922 170728 048 recorded.mp4,True,3874,,Ambiguous match (3 candidates); No recorded action
C:\Users\micro\Documents\Better Up\Media-Manager\to-be-deleted\Gallery__VID__DRS__2019__VID_20190922_171023_518_recorded.mp4,VID 20190922 171023 518 recorded.mp4,True,3880,,Ambiguous match (3 candidates); No recorded action
C:\Users\micro\Documents\Better Up\Media-Manager\to-be-deleted\Gallery__VID__DRS__2019__VID_20190922_171317_129_recorded.mp4,VID 20190922 171317 129 recorded.mp4,True,3883,,Ambiguous match (3 candidates); No recorded action
C:\Users\micro\Documents\Better Up\Media-Manager\to-be-deleted\Gallery__VID__DRS__2019__VID_20190922_171540_345_recorded.mp4,VID 20190922 171540 345 recorded.mp4,True,3886,,Ambiguous match (3 candidates); No recorded action
C:\Users\micro\Documents\Better Up\Media-Manager\to-be-deleted\Gallery__VID__DRS__2019__VID_20190922_172717_630_recorded.mp4,VID 20190922 172717 630 recorded.mp4,True,3889,,Ambiguous match (3 candidates); No recorded action
C:\Users\micro\Documents\Better Up\Media-Manager\to-be-deleted\Gallery__VID__DRS__2019__VID_20190922_173116_612_recorded.mp4,VID 20190922 173116 612 recorded.mp4,True,3892,,Ambiguous match (3 candidates); No recorded action
C:\Users\micro\Documents\Better Up\Media-Manager\to-be-deleted\Gallery__VID__DRS__2019__VID_20190930_044633_428_recorded.mp4,VID 20190930 044633 428 recorded.mp4,True,3895,,Ambiguous match (3 candidates); No recorded action
C:\Users\micro\Documents\Better Up\Media-Manager\to-be-deleted\Gallery__VID__DRS__2019__VID_20190930_044819_644_recorded.mp4,VID 20190930 044819 644 recorded.mp4,True,3898,,Ambiguous match (3 candidates); No recorded action
C:\Users\micro\Documents\Better Up\Media-Manager\to-be-deleted\Gallery__VID__DRS__2019__VID_20190930_070248_433_recorded.mp4,VID 20190930 070248 433 recorded.mp4,True,3904,,Ambiguous match (3 candidates); No recorded action
C:\Users\micro\Documents\Better Up\Media-Manager\to-be-deleted\Gallery__VID__DRS__2019__VID_20191002_041204_436_recorded.mp4,VID 20191002 041204 436 recorded.mp4,True,3909,,Ambiguous match (5 candidates); No recorded action
C:\Users\micro\Documents\Better Up\Media-Manager\to-be-deleted\Gallery__VID__DRS__2019__VID_20191007_181716_991_recorded.mp4,VID 20191007 181716 991 recorded.mp4,True,3914,,Ambiguous match (3 candidates); No recorded action
C:\Users\micro\Documents\Better Up\Media-Manager\to-be-deleted\Gallery__VID__DRS__2019__VID_20191009_012258_523_recorded.mp4,VID 20191009 012258 523 recorded.mp4,True,3917,,Ambiguous match (3 candidates); No recorded action
C:\Users\micro\Documents\Better Up\Media-Manager\to-be-deleted\Gallery__VID__DRS__2019__VID_20191009_012835_727_recorded.mp4,VID 20191009 012835 727 recorded.mp4,True,3933,,Ambiguous match (3 candidates); No recorded action
C:\Users\micro\Documents\Better Up\Media-Manager\to-be-deleted\Gallery__VID__DRS__2019__VID_20191009_042205_218_recorded.mp4,VID 20191009 042205 218 recorded.mp4,True,3936,,Ambiguous match (3 candidates); No recorded action
C:\Users\micro\Documents\Better Up\Media-Manager\to-be-deleted\Gallery__VID__DRS__2019__VID_20191013_055628_002_recorded.mp4,VID 20191013 055628 002 recorded.mp4,True,3941,,Ambiguous match (5 candidates); No recorded action
C:\Users\micro\Documents\Better Up\Media-Manager\to-be-deleted\Gallery__VID__DRS__2019__VID_20191013_055628_882_recorded.mp4,VID 20191013 055628 882 recorded.mp4,True,3946,,Ambiguous match (3 candidates); No recorded action
C:\Users\micro\Documents\Better Up\Media-Manager\to-be-deleted\Gallery__VID__DRS__2019__VID_20191013_093010_818_recorded.mp4,VID 20191013 093010 818 recorded.mp4,True,3949,,Ambiguous match (3 candidates); No recorded action
C:\Users\micro\Documents\Better Up\Media-Manager\to-be-deleted\Gallery__VID__DRS__2019__VID_20191013_093437_707_recorded.mp4,VID 20191013 093437 707 recorded.mp4,True,3952,,Ambiguous match (3 candidates); No recorded action
C:\Users\micro\Documents\Better Up\Media-Manager\to-be-deleted\Gallery__VID__DRS__2019__VID_20191013_093815_954_recorded.mp4,VID 20191013 093815 954 recorded.mp4,True,3955,,Ambiguous match (3 candidates); No recorded action
C:\Users\micro\Documents\Better Up\Media-Manager\to-be-deleted\Gallery__VID__DRS__2019__VID_20191013_094116_259_recorded.mp4,VID 20191013 094116 259 recorded.mp4,True,3958,,Ambiguous match (3 candidates); No recorded action
C:\Users\micro\Documents\Better Up\Media-Manager\to-be-deleted\Gallery__VID__DRS__2019__VID_20191013_094406_613_recorded.mp4,VID 20191013 094406 613 recorded.mp4,True,3961,,Ambiguous match (3 candidates); No recorded action
C:\Users\micro\Documents\Better Up\Media-Manager\to-be-deleted\Gallery__VID__DRS__2019__VID_20191013_095025_434_recorded.mp4,VID 20191013 095025 434 recorded.mp4,True,3964,,Ambiguous match (3 candidates); No recorded action
C:\Users\micro\Documents\Better Up\Media-Manager\to-be-deleted\Gallery__VID__DRS__2019__VID_20191013_095322_379_recorded.mp4,VID 20191013 095322 379 recorded.mp4,True,3967,,Ambiguous match (3 candidates); No recorded action
C:\Users\micro\Documents\Better Up\Media-Manager\to-be-deleted\Gallery__VID__DRS__2019__VID_20191013_095611_564_recorded.mp4,VID 20191013 095611 564 recorded.mp4,True,3970,,Ambiguous match (3 candidates); No recorded action
C:\Users\micro\Documents\Better Up\Media-Manager\to-be-deleted\Gallery__VID__DRS__2019__VID_20191013_100036_366_recorded.mp4,VID 20191013 100036 366 recorded.mp4,True,3973,,Ambiguous match (3 candidates); No recorded action
C:\Users\micro\Documents\Better Up\Media-Manager\to-be-deleted\Gallery__VID__DRS__2019__VID_20191013_100612_319_recorded(1).mp4,VID 20191013 100612 319 recorded(1).mp4,True,3976,,Ambiguous match (5 candidates); No recorded action
C:\Users\micro\Documents\Better Up\Media-Manager\to-be-deleted\Gallery__VID__DRS__2019__VID_20191013_100918_691_recorded.mp4,VID 20191013 100918 691 recorded.mp4,True,3982,,Ambiguous match (3 candidates); No recorded action
C:\Users\micro\Documents\Better Up\Media-Manager\to-be-deleted\Gallery__VID__DRS__2019__VID_20191209_063339_321_recorded.mp4,VID 20191209 063339 321 recorded.mp4,True,3985,,Ambiguous match (3 candidates); No recorded action
C:\Users\micro\Documents\Better Up\Media-Manager\to-be-deleted\Gallery__VID__DRS__2019__VID_20191214_150656_291_recorded.mp4,VID 20191214 150656 291 recorded.mp4,True,3988,,Ambiguous match (3 candidates); No recorded action
C:\Users\micro\Documents\Better Up\Media-Manager\to-be-deleted\Gallery__VID__DRS__2019__VID_20191214_150946_332_recorded.mp4,VID 20191214 150946 332 recorded.mp4,True,3991,,Ambiguous match (3 candidates); No recorded action
C:\Users\micro\Documents\Better Up\Media-Manager\to-be-deleted\Gallery__VID__DRS__2019__VID_20191214_152018_526_recorded.mp4,VID 20191214 152018 526 recorded.mp4,True,3994,,Ambiguous match (3 candidates); No recorded action
C:\Users\micro\Documents\Better Up\Media-Manager\to-be-deleted\Gallery__VID__DRS__2019__VID_20191214_152258_240_recorded.mp4,VID 20191214 152258 240 recorded.mp4,True,3997,,Ambiguous match (3 candidates); No recorded action
C:\Users\micro\Documents\Better Up\Media-Manager\to-be-deleted\Gallery__VID__DRS__2019__VID_20191215_035730_158_recorded.mp4,VID 20191215 035730 158 recorded.mp4,True,4000,,Ambiguous match (3 candidates); No recorded action
C:\Users\micro\Documents\Better Up\Media-Manager\to-be-deleted\Gallery__VID__DRS__2019__VID_20191217_045609_610_recorded.mp4,VID 20191217 045609 610 recorded.mp4,True,4003,,Ambiguous match (3 candidates); No recorded action
C:\Users\micro\Documents\Better Up\Media-Manager\to-be-deleted\Gallery__VID__DRS__2019__VID_20191217_045744_438_recorded.mp4,VID 20191217 045744 438 recorded.mp4,True,4006,,Ambiguous match (3 candidates); No recorded action
C:\Users\micro\Documents\Better Up\Media-Manager\to-be-deleted\Gallery__VID__DRS__2019__VID_20191217_045932_852_recorded.mp4,VID 20191217 045932 852 recorded.mp4,True,4009,,Ambiguous match (3 candidates); No recorded action
C:\Users\micro\Documents\Better Up\Media-Manager\to-be-deleted\Gallery__VID__DRS__2019__VID_20191217_050405_915_recorded.mp4,VID 20191217 050405 915 recorded.mp4,True,4015,,Ambiguous match (3 candidates); No recorded action
C:\Users\micro\Documents\Better Up\Media-Manager\to-be-deleted\Gallery__VID__DRS__2019__VID_20191217_050649_754_recorded.mp4,VID 20191217 050649 754 recorded.mp4,True,4018,,Ambiguous match (3 candidates); No recorded action
C:\Users\micro\Documents\Better Up\Media-Manager\to-be-deleted\Gallery__VID__DRS__2019__VID_20191217_050944_634_recorded.mp4,VID 20191217 050944 634 recorded.mp4,True,4021,,Ambiguous match (3 candidates); No recorded action
C:\Users\micro\Documents\Better Up\Media-Manager\to-be-deleted\Gallery__VID__DRS__2020__QVR_2020_09_17_11_29_37.m4v,QVR 2020 09 17 11 29 37.m4v,True,4576,,Ambiguous match (3 candidates); No recorded action
C:\Users\micro\Documents\Better Up\Media-Manager\to-be-deleted\Gallery__VID__DRS__2020__QVR_2020_10_19_10_49_09.m4v,QVR 2020 10 19 10 49 09.m4v,True,4591,,Ambiguous match (3 candidates); No recorded action
C:\Users\micro\Documents\Better Up\Media-Manager\to-be-deleted\Gallery__VID__DRS__2020__VID_20200104_174013_758_recorded.mp4,VID 20200104 174013 758 recorded.mp4,True,4606,,Ambiguous match (3 candidates); No recorded action
C:\Users\micro\Documents\Better Up\Media-Manager\to-be-deleted\Gallery__VID__DRS__2020__VID_20200104_174127_647_recorded.mp4,VID 20200104 174127 647 recorded.mp4,True,4609,,Ambiguous match (3 candidates); No recorded action
C:\Users\micro\Documents\Better Up\Media-Manager\to-be-deleted\Gallery__VID__DRS__2020__VID_20200104_174602_463_recorded.mp4,VID 20200104 174602 463 recorded.mp4,True,4612,,Ambiguous match (3 candidates); No recorded action
C:\Users\micro\Documents\Better Up\Media-Manager\to-be-deleted\Gallery__VID__DRS__2020__VID_20200104_174805_130_recorded.mp4,VID 20200104 174805 130 recorded.mp4,True,4615,,Ambiguous match (3 candidates); No recorded action
C:\Users\micro\Documents\Better Up\Media-Manager\to-be-deleted\Gallery__VID__DRS__2020__VID_20200104_175108_910_recorded.mp4,VID 20200104 175108 910 recorded.mp4,True,4618,,Ambiguous match (3 candidates); No recorded action
C:\Users\micro\Documents\Better Up\Media-Manager\to-be-deleted\Gallery__VID__DRS__2020__VID_20200106_050759_324_recorded.mp4,VID 20200106 050759 324 recorded.mp4,True,4621,,Ambiguous match (3 candidates); No recorded action
C:\Users\micro\Documents\Better Up\Media-Manager\to-be-deleted\Gallery__VID__DRS__2020__VID_20200106_050926_075_recorded.mp4,VID 20200106 050926 075 recorded.mp4,True,4624,,Ambiguous match (3 candidates); No recorded action
C:\Users\micro\Documents\Better Up\Media-Manager\to-be-deleted\Gallery__VID__DRS__2020__VID_20200106_051213_342_recorded.mp4,VID 20200106 051213 342 recorded.mp4,True,4627,,Ambiguous match (3 candidates); No recorded action
C:\Users\micro\Documents\Better Up\Media-Manager\to-be-deleted\Gallery__VID__DRS__2020__VID_20200106_051454_594_recorded.mp4,VID 20200106 051454 594 recorded.mp4,True,4630,,Ambiguous match (3 candidates); No recorded action
C:\Users\micro\Documents\Better Up\Media-Manager\to-be-deleted\Gallery__VID__DRS__2020__VID_20200106_051801_109_recorded.mp4,VID 20200106 051801 109 recorded.mp4,True,4633,,Ambiguous match (3 candidates); No recorded action
C:\Users\micro\Documents\Better Up\Media-Manager\to-be-deleted\Gallery__VID__DRS__2020__VID_20200106_051957_106_recorded.mp4,VID 20200106 051957 106 recorded.mp4,True,4636,,Ambiguous match (3 candidates); No recorded action
C:\Users\micro\Documents\Better Up\Media-Manager\to-be-deleted\Gallery__VID__DRS__2020__VID_20200106_065739_707_recorded.mp4,VID 20200106 065739 707 recorded.mp4,True,4639,,Ambiguous match (3 candidates); No recorded action
C:\Users\micro\Documents\Better Up\Media-Manager\to-be-deleted\Gallery__VID__DRS__2020__VID_20200106_070046_639_recorded.mp4,VID 20200106 070046 639 recorded.mp4,True,4642,,Ambiguous match (3 candidates); No recorded action
C:\Users\micro\Documents\Better Up\Media-Manager\to-be-deleted\Gallery__VID__DRS__2020__VID_20200106_070400_192_recorded.mp4,VID 20200106 070400 192 recorded.mp4,True,4645,,Ambiguous match (3 candidates); No recorded action
C:\Users\micro\Documents\Better Up\Media-Manager\to-be-deleted\Gallery__VID__DRS__2020__VID_20200110_052016_136_recorded.mp4,VID 20200110 052016 136 recorded.mp4,True,4648,,Ambiguous match (3 candidates); No recorded action
C:\Users\micro\Documents\Better Up\Media-Manager\to-be-deleted\Gallery__VID__DRS__2020__VID_20200110_052327_017_recorded.mp4,VID 20200110 052327 017 recorded.mp4,True,4651,,Ambiguous match (3 candidates); No recorded action
C:\Users\micro\Documents\Better Up\Media-Manager\to-be-deleted\Gallery__VID__DRS__2020__VID_20200110_053201_383_recorded.mp4,VID 20200110 053201 383 recorded.mp4,True,4654,,Ambiguous match (3 candidates); No recorded action
C:\Users\micro\Documents\Better Up\Media-Manager\to-be-deleted\Gallery__VID__DRS__2020__VID_20200110_053546_763_recorded.mp4,VID 20200110 053546 763 recorded.mp4,True,4657,,Ambiguous match (3 candidates); No recorded action
C:\Users\micro\Documents\Better Up\Media-Manager\to-be-deleted\Gallery__VID__DRS__2020__VID_20200110_053822_174_recorded.mp4,VID 20200110 053822 174 recorded.mp4,True,4660,,Ambiguous match (3 candidates); No recorded action
C:\Users\micro\Documents\Better Up\Media-Manager\to-be-deleted\Gallery__VID__DRS__2020__VID_20200110_054235_661_recorded.mp4,VID 20200110 054235 661 recorded.mp4,True,4663,,Ambiguous match (3 candidates); No recorded action
C:\Users\micro\Documents\Better Up\Media-Manager\to-be-deleted\Gallery__VID__DRS__2020__VID_20200119_120340_425_recorded.mp4,VID 20200119 120340 425 recorded.mp4,True,4666,,Ambiguous match (3 candidates); No recorded action
C:\Users\micro\Documents\Better Up\Media-Manager\to-be-deleted\Gallery__VID__DRS__2020__VID_20200119_120738_231_recorded.mp4,VID 20200119 120738 231 recorded.mp4,True,4669,,Ambiguous match (3 candidates); No recorded action
C:\Users\micro\Documents\Better Up\Media-Manager\to-be-deleted\Gallery__VID__DRS__2020__VID_20200119_120821_231_recorded.mp4,VID 20200119 120821 231 recorded.mp4,True,4672,,Ambiguous match (3 candidates); No recorded action
C:\Users\micro\Documents\Better Up\Media-Manager\to-be-deleted\Gallery__VID__DRS__2020__VID_20200119_121149_430_recorded.mp4,VID 20200119 121149 430 recorded.mp4,True,4675,,Ambiguous match (3 candidates); No recorded action
C:\Users\micro\Documents\Better Up\Media-Manager\to-be-deleted\Gallery__VID__DRS__2020__VID_20200119_121434_376_recorded.mp4,VID 20200119 121434 376 recorded.mp4,True,4678,,Ambiguous match (3 candidates); No recorded action
C:\Users\micro\Documents\Better Up\Media-Manager\to-be-deleted\Gallery__VID__DRS__2020__VID_20200119_121722_830_recorded.mp4,VID 20200119 121722 830 recorded.mp4,True,4681,,Ambiguous match (3 candidates); No recorded action
C:\Users\micro\Documents\Better Up\Media-Manager\to-be-deleted\Gallery__VID__DRS__2020__VID_20200119_122019_148_recorded.mp4,VID 20200119 122019 148 recorded.mp4,True,4684,,Ambiguous match (3 candidates); No recorded action
C:\Users\micro\Documents\Better Up\Media-Manager\to-be-deleted\Gallery__VID__DRS__2020__VID_20200122_071759_931_recorded.mp4,VID 20200122 071759 931 recorded.mp4,True,4687,,Ambiguous match (3 candidates); No recorded action
C:\Users\micro\Documents\Better Up\Media-Manager\to-be-deleted\Gallery__VID__DRS__2020__VID_20200122_072057_067_recorded.mp4,VID 20200122 072057 067 recorded.mp4,True,4690,,Ambiguous match (3 candidates); No recorded action
C:\Users\micro\Documents\Better Up\Media-Manager\to-be-deleted\Gallery__VID__DRS__2020__VID_20200122_200543_518_recorded.mp4,VID 20200122 200543 518 recorded.mp4,True,4693,,Ambiguous match (3 candidates); No recorded action
C:\Users\micro\Documents\Better Up\Media-Manager\to-be-deleted\Gallery__VID__DRS__2020__VID_20200127_071431_921_recorded.mp4,VID 20200127 071431 921 recorded.mp4,True,4696,,Ambiguous match (3 candidates); No recorded action
C:\Users\micro\Documents\Better Up\Media-Manager\to-be-deleted\Gallery__VID__DRS__2020__VID_20200127_071714_528_recorded.mp4,VID 20200127 071714 528 recorded.mp4,True,4699,,Ambiguous match (3 candidates); No recorded action
C:\Users\micro\Documents\Better Up\Media-Manager\to-be-deleted\Gallery__VID__DRS__2020__VID_20200131_065617_503_recorded.mp4,VID 20200131 065617 503 recorded.mp4,True,4702,,Ambiguous match (3 candidates); No recorded action
C:\Users\micro\Documents\Better Up\Media-Manager\to-be-deleted\Gallery__VID__DRS__2020__VID_20200131_070029_026_recorded.mp4,VID 20200131 070029 026 recorded.mp4,True,4705,,Ambiguous match (3 candidates); No recorded action
C:\Users\micro\Documents\Better Up\Media-Manager\to-be-deleted\Gallery__VID__DRS__2020__VID_20200131_110427_797_recorded.mp4,VID 20200131 110427 797 recorded.mp4,True,1614,,Ambiguous match (8 candidates); No recorded action
C:\Users\micro\Documents\Better Up\Media-Manager\to-be-deleted\Gallery__VID__DRS__2020__VID_20200131_110601_123_recorded.mp4,VID 20200131 110601 123 recorded.mp4,True,4709,,Ambiguous match (3 candidates); No recorded action
C:\Users\micro\Documents\Better Up\Media-Manager\to-be-deleted\Gallery__VID__DRS__2020__VID_20200131_110718_428_recorded.mp4,VID 20200131 110718 428 recorded.mp4,True,4712,,Ambiguous match (3 candidates); No recorded action
C:\Users\micro\Documents\Better Up\Media-Manager\to-be-deleted\Gallery__VID__DRS__2020__VID_20200131_111150_524_recorded.mp4,VID 20200131 111150 524 recorded.mp4,True,4715,,Ambiguous match (3 candidates); No recorded action
C:\Users\micro\Documents\Better Up\Media-Manager\to-be-deleted\Gallery__VID__DRS__2020__VID_20200131_112200_114_recorded.mp4,VID 20200131 112200 114 recorded.mp4,True,4718,,Ambiguous match (3 candidates); No recorded action
C:\Users\micro\Documents\Better Up\Media-Manager\to-be-deleted\Gallery__VID__DRS__2020__VID_20200131_112739_159_recorded.mp4,VID 20200131 112739 159 recorded.mp4,True,4721,,Ambiguous match (3 candidates); No recorded action
C:\Users\micro\Documents\Better Up\Media-Manager\to-be-deleted\Gallery__VID__DRS__2020__VID_20200131_113846_674_recorded.mp4,VID 20200131 113846 674 recorded.mp4,True,4724,,Ambiguous match (3 candidates); No recorded action
C:\Users\micro\Documents\Better Up\Media-Manager\to-be-deleted\Gallery__VID__DRS__2020__VID_20200131_114426_350_recorded.mp4,VID 20200131 114426 350 recorded.mp4,True,4727,,Ambiguous match (3 candidates); No recorded action
C:\Users\micro\Documents\Better Up\Media-Manager\to-be-deleted\Gallery__VID__DRS__2020__VID_20200131_115028_902_recorded.mp4,VID 20200131 115028 902 recorded.mp4,True,4730,,Ambiguous match (3 candidates); No recorded action
C:\Users\micro\Documents\Better Up\Media-Manager\to-be-deleted\Gallery__VID__DRS__2020__VID_20200131_115324_660_recorded.mp4,VID 20200131 115324 660 recorded.mp4,True,4733,,Ambiguous match (3 candidates); No recorded action
C:\Users\micro\Documents\Better Up\Media-Manager\to-be-deleted\Gallery__VID__DRS__2020__VID_20200131_115603_879_recorded.mp4,VID 20200131 115603 879 recorded.mp4,True,4736,,Ambiguous match (3 candidates); No recorded action
C:\Users\micro\Documents\Better Up\Media-Manager\to-be-deleted\Gallery__VID__DRS__2020__VID_20200131_120624_919_recorded.mp4,VID 20200131 120624 919 recorded.mp4,True,4739,,Ambiguous match (3 candidates); No recorded action
C:\Users\micro\Documents\Better Up\Media-Manager\to-be-deleted\Gallery__VID__DRS__2020__VID_20200131_120821_542_recorded.mp4,VID 20200131 120821 542 recorded.mp4,True,4745,,Ambiguous match (3 candidates); No recorded action
C:\Users\micro\Documents\Better Up\Media-Manager\to-be-deleted\Gallery__VID__DRS__2020__VID_20200201_132705_266_recorded.mp4,VID 20200201 132705 266 recorded.mp4,True,4748,,Ambiguous match (3 candidates); No recorded action
C:\Users\micro\Documents\Better Up\Media-Manager\to-be-deleted\Gallery__VID__DRS__2020__VID_20200202_085526_468_recorded.mp4,VID 20200202 085526 468 recorded.mp4,True,4751,,Ambiguous match (3 candidates); No recorded action
C:\Users\micro\Documents\Better Up\Media-Manager\to-be-deleted\Gallery__VID__DRS__2020__VID_20200202_085802_994_recorded.mp4,VID 20200202 085802 994 recorded.mp4,True,4754,,Ambiguous match (3 candidates); No recorded action
C:\Users\micro\Documents\Better Up\Media-Manager\to-be-deleted\Gallery__VID__DRS__2020__VID_20200202_090103_393_recorded.mp4,VID 20200202 090103 393 recorded.mp4,True,4757,,Ambiguous match (3 candidates); No recorded action
C:\Users\micro\Documents\Better Up\Media-Manager\to-be-deleted\Gallery__VID__DRS__2020__VID_20200207_074831_600_recorded.mp4,VID 20200207 074831 600 recorded.mp4,True,4760,,Ambiguous match (3 candidates); No recorded action
C:\Users\micro\Documents\Better Up\Media-Manager\to-be-deleted\Gallery__VID__DRS__2020__VID_20200210_210211_131_recorded.mp4,VID 20200210 210211 131 recorded.mp4,True,4763,,Ambiguous match (3 candidates); No recorded action
C:\Users\micro\Documents\Better Up\Media-Manager\to-be-deleted\Gallery__VID__DRS__2020__VID_20200210_210329_754_recorded.mp4,VID 20200210 210329 754 recorded.mp4,True,4766,,Ambiguous match (3 candidates); No recorded action
C:\Users\micro\Documents\Better Up\Media-Manager\to-be-deleted\Gallery__VID__DRS__2020__VID_20200210_210714_844_recorded.mp4,VID 20200210 210714 844 recorded.mp4,True,4769,,Ambiguous match (3 candidates); No recorded action
C:\Users\micro\Documents\Better Up\Media-Manager\to-be-deleted\Gallery__VID__DRS__2020__VID_20200210_211328_656_recorded.mp4,VID 20200210 211328 656 recorded.mp4,True,4772,,Ambiguous match (3 candidates); No recorded action
C:\Users\micro\Documents\Better Up\Media-Manager\to-be-deleted\Gallery__VID__DRS__2020__VID_20200217_102121_485_recorded.mp4,VID 20200217 102121 485 recorded.mp4,True,1616,,Ambiguous match (8 candidates); No recorded action
C:\Users\micro\Documents\Better Up\Media-Manager\to-be-deleted\Gallery__VID__DRS__2020__VID_20200217_103915_389_recorded.mp4,VID 20200217 103915 389 recorded.mp4,True,4777,,Ambiguous match (3 candidates); No recorded action
C:\Users\micro\Documents\Better Up\Media-Manager\to-be-deleted\Gallery__VID__DRS__2020__VID_20200308_135437_450_recorded.mp4,VID 20200308 135437 450 recorded.mp4,True,4780,,Ambiguous match (3 candidates); No recorded action
C:\Users\micro\Documents\Better Up\Media-Manager\to-be-deleted\Gallery__VID__DRS__2020__VID_20200308_135551_026_recorded.mp4,VID 20200308 135551 026 recorded.mp4,True,4783,,Ambiguous match (3 candidates); No recorded action
C:\Users\micro\Documents\Better Up\Media-Manager\to-be-deleted\Gallery__VID__DRS__2020__VID_20200308_135716_073_recorded.mp4,VID 20200308 135716 073 recorded.mp4,True,4786,,Ambiguous match (3 candidates); No recorded action
C:\Users\micro\Documents\Better Up\Media-Manager\to-be-deleted\Gallery__VID__DRS__2020__VID_20200330_093531_662_recorded.mp4,VID 20200330 093531 662 recorded.mp4,True,4789,,Ambiguous match (3 candidates); No recorded action
C:\Users\micro\Documents\Better Up\Media-Manager\to-be-deleted\Gallery__VID__DRS__2020__VID_20200330_093823_123_recorded.mp4,VID 20200330 093823 123 recorded.mp4,True,4792,,Ambiguous match (3 candidates); No recorded action
C:\Users\micro\Documents\Better Up\Media-Manager\to-be-deleted\Gallery__VID__DRS__2020__VID_20200330_094333_313_recorded.mp4,VID 20200330 094333 313 recorded.mp4,True,4795,,Ambiguous match (3 candidates); No recorded action
C:\Users\micro\Documents\Better Up\Media-Manager\to-be-deleted\Gallery__VID__DRS__2020__VID_20200330_094716_081_recorded.mp4,VID 20200330 094716 081 recorded.mp4,True,4798,,Ambiguous match (3 candidates); No recorded action
C:\Users\micro\Documents\Better Up\Media-Manager\to-be-deleted\Gallery__VID__DRS__2020__VID_20200330_094829_658_recorded.mp4,VID 20200330 094829 658 recorded.mp4,True,4801,,Ambiguous match (3 candidates); No recorded action
C:\Users\micro\Documents\Better Up\Media-Manager\to-be-deleted\Gallery__VID__DRS__2020__VID_20200330_094942_527_recorded.mp4,VID 20200330 094942 527 recorded.mp4,True,4804,,Ambiguous match (3 candidates); No recorded action
C:\Users\micro\Documents\Better Up\Media-Manager\to-be-deleted\Gallery__VID__DRS__2020__VID_20200330_095109_078_recorded.mp4,VID 20200330 095109 078 recorded.mp4,True,4807,,Ambiguous match (3 candidates); No recorded action
C:\Users\micro\Documents\Better Up\Media-Manager\to-be-deleted\Gallery__VID__DRS__2020__VID_20200330_095237_901_recorded.mp4,VID 20200330 095237 901 recorded.mp4,True,4810,,Ambiguous match (3 candidates); No recorded action
C:\Users\micro\Documents\Better Up\Media-Manager\to-be-deleted\Gallery__VID__DRS__2020__VID_20200330_100019_589_recorded.mp4,VID 20200330 100019 589 recorded.mp4,True,4813,,Ambiguous match (3 candidates); No recorded action
C:\Users\micro\Documents\Better Up\Media-Manager\to-be-deleted\Gallery__VID__DRS__2020__VID_20200330_100153_721_recorded.mp4,VID 20200330 100153 721 recorded.mp4,True,4816,,Ambiguous match (3 candidates); No recorded action
C:\Users\micro\Documents\Better Up\Media-Manager\to-be-deleted\Gallery__VID__DRS__2020__VID_20200330_100303_086_recorded.mp4,VID 20200330 100303 086 recorded.mp4,True,4819,,Ambiguous match (3 candidates); No recorded action
C:\Users\micro\Documents\Better Up\Media-Manager\to-be-deleted\Gallery__VID__DRS__2020__VID_20200330_100322_520_recorded.mp4,VID 20200330 100322 520 recorded.mp4,True,4822,,Ambiguous match (3 candidates); No recorded action
C:\Users\micro\Documents\Better Up\Media-Manager\to-be-deleted\Gallery__VID__DRS__2020__VID_20200330_100451_292_recorded.mp4,VID 20200330 100451 292 recorded.mp4,True,4825,,Ambiguous match (3 candidates); No recorded action
C:\Users\micro\Documents\Better Up\Media-Manager\to-be-deleted\Gallery__VID__DRS__2020__VID_20200330_100956_679_recorded.mp4,VID 20200330 100956 679 recorded.mp4,True,4831,,Ambiguous match (3 candidates); No recorded action
C:\Users\micro\Documents\Better Up\Media-Manager\to-be-deleted\Gallery__VID__DRS__2020__VID_20200330_101019_079_recorded.mp4,VID 20200330 101019 079 recorded.mp4,True,4834,,Ambiguous match (3 candidates); No recorded action
C:\Users\micro\Documents\Better Up\Media-Manager\to-be-deleted\Gallery__VID__DRS__2020__VID_20200330_101136_632_recorded.mp4,VID 20200330 101136 632 recorded.mp4,True,4837,,Ambiguous match (3 candidates); No recorded action
C:\Users\micro\Documents\Better Up\Media-Manager\to-be-deleted\Gallery__VID__DRS__2020__VID_20200408_095846_335_recorded.mp4,VID 20200408 095846 335 recorded.mp4,True,4843,,Ambiguous match (3 candidates); No recorded action
C:\Users\micro\Documents\Better Up\Media-Manager\to-be-deleted\Gallery__VID__DRS__2020__VID_59720523_235207_650.mp4,VID 59720523 235207 650.mp4,True,4918,,Ambiguous match (5 candidates); No recorded action
C:\Users\micro\Documents\Better Up\Media-Manager\to-be-deleted\Gallery__VID__DRS__2020__VID_59750713_003148_863.mp4,VID 59750713 003148 863.mp4,True,4921,,Ambiguous match (5 candidates); No recorded action
C:\Users\micro\Documents\Better Up\Media-Manager\to-be-deleted\Gallery__VID__DRS__2020__VID_59780825_184217_523.mp4,VID 59780825 184217 523.mp4,True,4924,,Ambiguous match (5 candidates); No recorded action
C:\Users\micro\Documents\Better Up\Media-Manager\to-be-deleted\Gallery__VID__DRS__2020__VID_59820405_100948_729.mp4,VID 59820405 100948 729.mp4,True,4927,,Ambiguous match (5 candidates); No recorded action
C:\Users\micro\Documents\Better Up\Media-Manager\to-be-deleted\Gallery__VID__DRS__2020__VID_75691023_010011_754.mp4,VID 75691023 010011 754.mp4,True,4933,,Ambiguous match (5 candidates); No recorded action
C:\Users\micro\Documents\Better Up\Media-Manager\to-be-deleted\Gallery__VID__DRS__2020__VID_75860712_045959_053.mp4,VID 75860712 045959 053.mp4,True,4939,,Ambiguous match (5 candidates); No recorded action
C:\Users\micro\Documents\Better Up\Media-Manager\to-be-deleted\Gallery__VID__DRS__2021__QVR_2021_01_18_10_44_58.m4v,QVR 2021 01 18 10 44 58.m4v,True,5107,,Ambiguous match (3 candidates); No recorded action
C:\Users\micro\Documents\Better Up\Media-Manager\to-be-deleted\Gallery__VID__DRS__2021__QVR_2021_01_18_11_06_42.m4v,QVR 2021 01 18 11 06 42.m4v,True,5114,,Ambiguous match (3 candidates); No recorded action
C:\Users\micro\Documents\Better Up\Media-Manager\to-be-deleted\Gallery__VID__DRS__2021__QVR_2021_02_01_09_39_26.m4v,QVR 2021 02 01 09 39 26.m4v,True,5116,,Ambiguous match (3 candidates); No recorded action
C:\Users\micro\Documents\Better Up\Media-Manager\to-be-deleted\Gallery__VID__DRS__2021__QVR_2021_03_22_11_21_56.mp4,QVR 2021 03 22 11 21 56.mp4,True,5119,,Ambiguous match (3 candidates); No recorded action
C:\Users\micro\Documents\Better Up\Media-Manager\to-be-deleted\Gallery__VID__DRS__2021__QVR_2021_09_13_09_12_09.m4v,QVR 2021 09 13 09 12 09.m4v,True,5139,,Ambiguous match (3 candidates); No recorded action
C:\Users\micro\Documents\Better Up\Media-Manager\to-be-deleted\Gallery__VID__DRS__2021__QVR_2021_09_13_10_32_59.m4v,QVR 2021 09 13 10 32 59.m4v,True,5148,,Ambiguous match (3 candidates); No recorded action
C:\Users\micro\Documents\Better Up\Media-Manager\to-be-deleted\Gallery__VID__DRS__2021__QVR_2021_10_08_09_09_28.m4v,QVR 2021 10 08 09 09 28.m4v,True,5154,,Ambiguous match (3 candidates); No recorded action
C:\Users\micro\Documents\Better Up\Media-Manager\to-be-deleted\Gallery__VID__DRS__2021__QVR_2021_10_08_09_22_47.m4v,QVR 2021 10 08 09 22 47.m4v,True,5157,,Ambiguous match (3 candidates); No recorded action
C:\Users\micro\Documents\Better Up\Media-Manager\to-be-deleted\Gallery__VID__DRS__2021__QVR_2021_10_08_09_58_59.m4v,QVR 2021 10 08 09 58 59.m4v,True,5160,,Ambiguous match (3 candidates); No recorded action
C:\Users\micro\Documents\Better Up\Media-Manager\to-be-deleted\Gallery__VID__DRS__2021__QVR_2021_10_08_10_21_53.m4v,QVR 2021 10 08 10 21 53.m4v,True,5163,,Ambiguous match (3 candidates); No recorded action
C:\Users\micro\Documents\Better Up\Media-Manager\to-be-deleted\Gallery__VID__DRS__2021__VID_152421205_134829_386.mp4,VID 152421205 134829 386.mp4,True,5172,,Ambiguous match (5 candidates); No recorded action
C:\Users\micro\Documents\Better Up\Media-Manager\to-be-deleted\Gallery__VID__DRS__2021__VID_152490403_093314_466.mp4,VID 152490403 093314 466.mp4,True,5175,,Ambiguous match (5 candidates); No recorded action
C:\Users\micro\Documents\Better Up\Media-Manager\to-be-deleted\Gallery__VID__DRS__2021__VID_152511128_043515_215.mp4,VID 152511128 043515 215.mp4,True,5178,,Ambiguous match (5 candidates); No recorded action
C:\Users\micro\Documents\Better Up\Media-Manager\to-be-deleted\Gallery__VID__DRS__2021__VID_153710317_082318_988.mp4,VID 153710317 082318 988.mp4,True,5181,,Ambiguous match (5 candidates); No recorded action
C:\Users\micro\Documents\Better Up\Media-Manager\to-be-deleted\Gallery__VID__DRS__2021__VID_153730913_025724_582.mp4,VID 153730913 025724 582.mp4,True,5184,,Ambiguous match (5 candidates); No recorded action
C:\Users\micro\Documents\Better Up\Media-Manager\to-be-deleted\Gallery__VID__DRS__2021__VID_153870719_140018_687.mp4,VID 153870719 140018 687.mp4,True,5187,,Ambiguous match (5 candidates); No recorded action
C:\Users\micro\Documents\Better Up\Media-Manager\to-be-deleted\Gallery__VID__DRS__2021__VID_198450103_234310_340.mp4,VID 198450103 234310 340.mp4,True,5190,,Ambiguous match (5 candidates); No recorded action
C:\Users\micro\Documents\Better Up\Media-Manager\to-be-deleted\Gallery__VID__DRS__2021__VID_34561026_152543_715.mp4,VID 34561026 152543 715.mp4,True,5262,,Ambiguous match (3 candidates); No recorded action
C:\Users\micro\Documents\Better Up\Media-Manager\to-be-deleted\Gallery__VID__DRS__2021__VID_34590806_153129_046.mp4,VID 34590806 153129 046.mp4,True,5265,,Ambiguous match (3 candidates); No recorded action
C:\Users\micro\Documents\Better Up\Media-Manager\to-be-deleted\Gallery__VID__DRS__2021__VID_34820509_193507_054.mp4,VID 34820509 193507 054.mp4,True,5271,,Ambiguous match (3 candidates); No recorded action
C:\Users\micro\Documents\Better Up\Media-Manager\to-be-deleted\Gallery__VID__DRS__2021__VID_34820818_030224_082.mp4,VID 34820818 030224 082.mp4,True,5274,,Ambiguous match (3 candidates); No recorded action
C:\Users\micro\Documents\Better Up\Media-Manager\to-be-deleted\Gallery__VID__DRS__2021__VID_34821116_194116_475.mp4,VID 34821116 194116 475.mp4,True,5277,,Ambiguous match (3 candidates); No recorded action
C:\Users\micro\Documents\Better Up\Media-Manager\to-be-deleted\Gallery__VID__DRS__2021__VID_34830214_063931_992.mp4,VID 34830214 063931 992.mp4,True,5280,,Ambiguous match (3 candidates); No recorded action
C:\Users\micro\Documents\Better Up\Media-Manager\to-be-deleted\Gallery__VID__DRS__2021__VID_51160818_035335_868.mp4,VID 51160818 035335 868.mp4,True,5283,,Ambiguous match (3 candidates); No recorded action
C:\Users\micro\Documents\Better Up\Media-Manager\to-be-deleted\Gallery__VID__DRS__2021__VID_51240521_061650_410.mp4,VID 51240521 061650 410.mp4,True,5286,,Ambiguous match (3 candidates); No recorded action
C:\Users\micro\Documents\Better Up\Media-Manager\to-be-deleted\Gallery__VID__DRS__2021__VID_51320325_101818_024.mp4,VID 51320325 101818 024.mp4,True,5289,,Ambiguous match (3 candidates); No recorded action
C:\Users\micro\Documents\Better Up\Media-Manager\to-be-deleted\Gallery__VID__DRS__2021__VID_54821128_063513_543.mp4,VID 54821128 063513 543.mp4,True,5292,,Ambiguous match (3 candidates); No recorded action
C:\Users\micro\Documents\Better Up\Media-Manager\to-be-deleted\Gallery__VID__DRS__2021__VID_54830219_015132_030.mp4,VID 54830219 015132 030.mp4,True,5295,,Ambiguous match (3 candidates); No recorded action
C:\Users\micro\Documents\Better Up\Media-Manager\to-be-deleted\Gallery__VID__DRS__2021__VID_54830505_223143_746.mp4,VID 54830505 223143 746.mp4,True,5298,,Ambiguous match (3 candidates); No recorded action
C:\Users\micro\Documents\Better Up\Media-Manager\to-be-deleted\Gallery__VID__DRS__2021__VID_54830726_134654_942.mp4,VID 54830726 134654 942.mp4,True,5301,,Ambiguous match (3 candidates); No recorded action
C:\Users\micro\Documents\Better Up\Media-Manager\to-be-deleted\Gallery__VID__DRS__2021__VID_61700822_001249_170.mp4,VID 61700822 001249 170.mp4,True,5304,,Ambiguous match (3 candidates); No recorded action
C:\Users\micro\Documents\Better Up\Media-Manager\to-be-deleted\Gallery__VID__DRS__2021__VID_61710613_042721_817.mp4,VID 61710613 042721 817.mp4,True,5307,,Ambiguous match (3 candidates); No recorded action
C:\Users\micro\Documents\Better Up\Media-Manager\to-be-deleted\Gallery__VID__DRS__2021__VID_61720908_174736_333.mp4,VID 61720908 174736 333.mp4,True,5310,,Ambiguous match (3 candidates); No recorded action
C:\Users\micro\Documents\Better Up\Media-Manager\to-be-deleted\Gallery__VID__DRS__2021__VID_61730114_235415_860.mp4,VID 61730114 235415 860.mp4,True,5313,,Ambiguous match (3 candidates); No recorded action
C:\Users\micro\Documents\Better Up\Media-Manager\to-be-deleted\Gallery__VID__DRS__2021__VID_86820626_044147_735.mp4,VID 86820626 044147 735.mp4,True,5316,,Ambiguous match (5 candidates); No recorded action
C:\Users\micro\Documents\Better Up\Media-Manager\to-be-deleted\Gallery__VID__DRS__2021__VID_86830202_152915_905.mp4,VID 86830202 152915 905.mp4,True,5319,,Ambiguous match (5 candidates); No recorded action
C:\Users\micro\Documents\Better Up\Media-Manager\to-be-deleted\Gallery__VID__DRS__2021__VID_86840507_064745_473.mp4,VID 86840507 064745 473.mp4,True,5325,,Ambiguous match (5 candidates); No recorded action
C:\Users\micro\Documents\Better Up\Media-Manager\to-be-deleted\Gallery__VID__DRS__2021__VID_87030120_104515_248.mp4,VID 87030120 104515 248.mp4,True,5328,,Ambiguous match (5 candidates); No recorded action
C:\Users\micro\Documents\Better Up\Media-Manager\to-be-deleted\Gallery__VID__DRS__2021__YouCamVideo_20211110_073901.mp4,YouCamVideo 20211110 073901.mp4,True,5331,,Ambiguous match (3 candidates); No recorded action
C:\Users\micro\Documents\Better Up\Media-Manager\to-be-deleted\Gallery__VID__DRS__2024__PXL_20240312_045017251.TS.mp4,PXL 20240312 045017251.TS.mp4,True,5438,,Ambiguous match (3 candidates); No recorded action
C:\Users\micro\Documents\Better Up\Media-Manager\to-be-deleted\Gallery__VID__DRS__2024__PXL_20240312_061222965.TS.mp4,PXL 20240312 061222965.TS.mp4,True,5441,,Ambiguous match (3 candidates); No recorded action
C:\Users\micro\Documents\Better Up\Media-Manager\to-be-deleted\Gallery__VID__DRS__2024__PXL_20240810_104636902.TS.mp4,PXL 20240810 104636902.TS.mp4,True,5444,,Ambiguous match (3 candidates); No recorded action
C:\Users\micro\Documents\Better Up\Media-Manager\to-be-deleted\Gallery__VID__DRS__2024__PXL_20240816_085011908.TS.mp4,PXL 20240816 085011908.TS.mp4,True,5447,,Ambiguous match (3 candidates); No recorded action
C:\Users\micro\Documents\Better Up\Media-Manager\to-be-deleted\Gallery__VID__DRS__2024__PXL_20240816_085119118.TS.mp4,PXL 20240816 085119118.TS.mp4,True,5450,,Ambiguous match (3 candidates); No recorded action
C:\Users\micro\Documents\Better Up\Media-Manager\to-be-deleted\Gallery__VID__DRS__2024__PXL_20240816_085210879.TS.mp4,PXL 20240816 085210879.TS.mp4,True,5453,,Ambiguous match (3 candidates); No recorded action
C:\Users\micro\Documents\Better Up\Media-Manager\to-be-deleted\Gallery__VID__DRS__2024__VID_20330424_090359_131.mp4,VID 20330424 090359 131.mp4,True,5471,,Ambiguous match (3 candidates); No recorded action
C:\Users\micro\Documents\Better Up\Media-Manager\to-be-deleted\Gallery__VID__DRS__2025__PXL_20250401_085731604.TS.mp4,PXL 20250401 085731604.TS.mp4,True,5487,,No recorded action
C:\Users\micro\Documents\Better Up\Media-Manager\to-be-deleted\Gallery__VID__DRS__2025__PXL_20250403_083504488.TS.mp4,PXL 20250403 083504488.TS.mp4,True,5489,,No recorded action
C:\Users\micro\Documents\Better Up\Media-Manager\to-be-deleted\Gallery__VID__DRS__2025__PXL_20250403_091556360.TS.mp4,PXL 20250403 091556360.TS.mp4,True,5492,,No recorded action
C:\Users\micro\Documents\Better Up\Media-Manager\to-be-deleted\Gallery__VID__DRS__2025__PXL_20250609_085945878.TS.mp4,PXL 20250609 085945878.TS.mp4,True,5502,,No recorded action
C:\Users\micro\Documents\Better Up\Media-Manager\to-be-deleted\Gallery__VID__DRS__2025__PXL_20250609_091206194.TS.mp4,PXL 20250609 091206194.TS.mp4,True,5505,,No recorded action
C:\Users\micro\Documents\Better Up\Media-Manager\to-be-deleted\Gallery__VID__DRS__2025__PXL_20250609_091440742.TS.mp4,PXL 20250609 091440742.TS.mp4,True,5508,,No recorded action
C:\Users\micro\Documents\Better Up\Media-Manager\to-be-deleted\Gallery__VID__DRS__2025__PXL_20250609_095710336.TS.mp4,PXL 20250609 095710336.TS.mp4,True,5511,,No recorded action
C:\Users\micro\Documents\Better Up\Media-Manager\to-be-deleted\Gallery__VID__DRS__2025__PXL_20250612_092058866.TS.mp4,PXL 20250612 092058866.TS.mp4,True,5514,,No recorded action
C:\Users\micro\Documents\Better Up\Media-Manager\to-be-deleted\Gallery__VID__DRS__2025__PXL_20250621_183227892.TS.mp4,PXL 20250621 183227892.TS.mp4,True,5517,,No recorded action
C:\Users\micro\Documents\Better Up\Media-Manager\to-be-deleted\Gallery__VID__DRS__2025__PXL_20250715_074906734.TS.mp4,PXL 20250715 074906734.TS.mp4,True,5520,,No recorded action
C:\Users\micro\Documents\Better Up\Media-Manager\to-be-deleted\Gallery__VID__DRS__2025__PXL_20250715_101544774.TS.mp4,PXL 20250715 101544774.TS.mp4,True,5524,,No recorded action
C:\Users\micro\Documents\Better Up\Media-Manager\to-be-deleted\Gallery__VID__DRS__2025__PXL_20250903_041814786.mp4,PXL 20250903 041814786.mp4,True,5527,,No recorded action
C:\Users\micro\Documents\Better Up\Media-Manager\to-be-deleted\Gallery__VID__DRS__2025__PXL_20250903_042330742.mp4,PXL 20250903 042330742.mp4,True,5530,,No recorded action
C:\Users\micro\Documents\Better Up\Media-Manager\to-be-deleted\Gallery__VID__DRS__2025__PXL_20250903_043454808.mp4,PXL 20250903 043454808.mp4,True,5533,,No recorded action
C:\Users\micro\Documents\Better Up\Media-Manager\to-be-deleted\Gallery__VID__DRS__2025__PXL_20250903_094835281.mp4,PXL 20250903 094835281.mp4,True,5536,,No recorded action
C:\Users\micro\Documents\Better Up\Media-Manager\to-be-deleted\Gallery__VID__DRS__VID_20190227_101235_208_recorded.mp4,VID 20190227 101235 208 recorded.mp4,True,1704,,Ambiguous match (8 candidates); No recorded action
C:\Users\micro\Documents\Better Up\Media-Manager\to-be-deleted\Gallery__VID__DRS__VID_20190430_094104_206_recorded.mp4,VID 20190430 094104 206 recorded.mp4,True,1706,,Ambiguous match (8 candidates); No recorded action
C:\Users\micro\Documents\Better Up\Media-Manager\to-be-deleted\Gallery__VID__DRS__VID_20190803_124704_144_recorded.mp4,VID 20190803 124704 144 recorded.mp4,True,1708,,Ambiguous match (8 candidates); No recorded action
C:\Users\micro\Documents\Better Up\Media-Manager\to-be-deleted\Gallery__VID__DRS__VID_20190804_091843_806_recorded.mp4,VID 20190804 091843 806 recorded.mp4,True,1710,,Ambiguous match (8 candidates); No recorded action
C:\Users\micro\Documents\Better Up\Media-Manager\to-be-deleted\Gallery__VID__DRS__VID_20190830_044021_747_recorded.mp4,VID 20190830 044021 747 recorded.mp4,True,1714,,Ambiguous match (8 candidates); No recorded action
C:\Users\micro\Documents\Better Up\Media-Manager\to-be-deleted\Gallery__VID__DRS__VID_20190930_065936_853_recorded.mp4,VID 20190930 065936 853 recorded.mp4,True,1716,,Ambiguous match (8 candidates); No recorded action
C:\Users\micro\Documents\Better Up\Media-Manager\to-be-deleted\Gallery__VID__DRS__VID_20191002_041441_625_recorded.mp4,VID 20191002 041441 625 recorded.mp4,True,1718,,Ambiguous match (8 candidates); No recorded action
C:\Users\micro\Documents\Better Up\Media-Manager\to-be-deleted\Gallery__VID__DRS__VID_20191009_012258_524_recorded.mp4,VID 20191009 012258 524 recorded.mp4,True,1719,,Ambiguous match (8 candidates); No recorded action
C:\Users\micro\Documents\Better Up\Media-Manager\to-be-deleted\Gallery__VID__DRS__VID_20191009_012542_786_recorded.mp4,VID 20191009 012542 786 recorded.mp4,True,1721,,Ambiguous match (8 candidates); No recorded action
C:\Users\micro\Documents\Better Up\Media-Manager\to-be-deleted\Gallery__VID__DRS__VID_20191217_050107_792_recorded.mp4,VID 20191217 050107 792 recorded.mp4,True,1723,,Ambiguous match (8 candidates); No recorded action
C:\Users\micro\Documents\Better Up\Media-Manager\to-be-deleted\Gallery__VID__DRS__VID_34670226_134137_966.mp4,VID 34670226 134137 966.mp4,True,1739,,Ambiguous match (8 candidates); No recorded action
C:\Users\micro\Documents\Better Up\Media-Manager\to-be-deleted\Gallery__VID__DRS__VID_86830712_155218_764.mp4,VID 86830712 155218 764.mp4,True,1767,,Ambiguous match (8 candidates); No recorded action
C:\Users\micro\Documents\Better Up\Media-Manager\to-be-deleted\Gallery__VID__DRS__VID_89760409_014853_051.mp4,VID 89760409 014853 051.mp4,True,1768,,Ambiguous match (8 candidates); No recorded action
C:\Users\micro\Documents\Better Up\Media-Manager\to-be-deleted\Gallery__VID__TMP__Reconstructed__Videos_1__mp4__VID_20190824_092306_123_07m12s_recovered.mp4,VID 20190824 092306 123 07m12s recovered.mp4,True,5800,,Ambiguous match (3 candidates); No recorded action
C:\Users\micro\Documents\Better Up\Media-Manager\to-be-deleted\Lost_Partition-1__$RECYCLE.BIN__9999__addAduiotoVideo1578635902205.mp4,addAduiotoVideo1578635902205.mp4,True,1771,,Ambiguous match (5 candidates); No recorded action
C:\Users\micro\Documents\Better Up\Media-Manager\to-be-deleted\Lost_Partition-1__$RECYCLE.BIN__9999__VID_152421205_134829_386.mp4,VID 152421205 134829 386.mp4,True,5172,,Ambiguous match (5 candidates); No recorded action
C:\Users\micro\Documents\Better Up\Media-Manager\to-be-deleted\Lost_Partition-1__$RECYCLE.BIN__9999__VID_152490403_093314_466.mp4,VID 152490403 093314 466.mp4,True,5175,,Ambiguous match (5 candidates); No recorded action
C:\Users\micro\Documents\Better Up\Media-Manager\to-be-deleted\Lost_Partition-1__$RECYCLE.BIN__9999__VID_152511128_043515_215.mp4,VID 152511128 043515 215.mp4,True,5178,,Ambiguous match (5 candidates); No recorded action
C:\Users\micro\Documents\Better Up\Media-Manager\to-be-deleted\Lost_Partition-1__$RECYCLE.BIN__9999__VID_153710317_082318_988.mp4,VID 153710317 082318 988.mp4,True,5181,,Ambiguous match (5 candidates); No recorded action
C:\Users\micro\Documents\Better Up\Media-Manager\to-be-deleted\Lost_Partition-1__$RECYCLE.BIN__9999__VID_153730913_025724_582.mp4,VID 153730913 025724 582.mp4,True,5184,,Ambiguous match (5 candidates); No recorded action
C:\Users\micro\Documents\Better Up\Media-Manager\to-be-deleted\Lost_Partition-1__$RECYCLE.BIN__9999__VID_153870719_140018_687.mp4,VID 153870719 140018 687.mp4,True,5187,,Ambiguous match (5 candidates); No recorded action
C:\Users\micro\Documents\Better Up\Media-Manager\to-be-deleted\Lost_Partition-1__$RECYCLE.BIN__9999__VID_198450103_234310_340.mp4,VID 198450103 234310 340.mp4,True,5190,,Ambiguous match (5 candidates); No recorded action
C:\Users\micro\Documents\Better Up\Media-Manager\to-be-deleted\Lost_Partition-1__$RECYCLE.BIN__9999__VID_20190525_051217_897_recorded.mp4,VID 20190525 051217 897 recorded.mp4,True,3479,,Ambiguous match (5 candidates); No recorded action
C:\Users\micro\Documents\Better Up\Media-Manager\to-be-deleted\Lost_Partition-1__$RECYCLE.BIN__9999__VID_20190805_070606_137_recorded.mp4,VID 20190805 070606 137 recorded.mp4,True,3624,,Ambiguous match (5 candidates); No recorded action
C:\Users\micro\Documents\Better Up\Media-Manager\to-be-deleted\Lost_Partition-1__$RECYCLE.BIN__9999__VID_20190825_172350_849_recorded.mp4,VID 20190825 172350 849 recorded.mp4,True,3799,,Ambiguous match (5 candidates); No recorded action
C:\Users\micro\Documents\Better Up\Media-Manager\to-be-deleted\Lost_Partition-1__$RECYCLE.BIN__9999__VID_20190922_165124_370_recorded.mp4,VID 20190922 165124 370 recorded.mp4,True,3863,,Ambiguous match (5 candidates); No recorded action
C:\Users\micro\Documents\Better Up\Media-Manager\to-be-deleted\Lost_Partition-1__$RECYCLE.BIN__9999__VID_20191002_041204_436_recorded.mp4,VID 20191002 041204 436 recorded.mp4,True,3909,,Ambiguous match (5 candidates); No recorded action
C:\Users\micro\Documents\Better Up\Media-Manager\to-be-deleted\Lost_Partition-1__$RECYCLE.BIN__9999__VID_20191013_055628_002_recorded.mp4,VID 20191013 055628 002 recorded.mp4,True,3941,,Ambiguous match (5 candidates); No recorded action
C:\Users\micro\Documents\Better Up\Media-Manager\to-be-deleted\Lost_Partition-1__$RECYCLE.BIN__9999__VID_20200131_110427_797_recorded.mp4,VID 20200131 110427 797 recorded.mp4,True,1614,,Ambiguous match (8 candidates); No recorded action
C:\Users\micro\Documents\Better Up\Media-Manager\to-be-deleted\Lost_Partition-1__$RECYCLE.BIN__9999__VID_20200217_102121_485_recorded.mp4,VID 20200217 102121 485 recorded.mp4,True,1616,,Ambiguous match (8 candidates); No recorded action
C:\Users\micro\Documents\Better Up\Media-Manager\to-be-deleted\Lost_Partition-1__$RECYCLE.BIN__9999__VID_59720523_235207_650.mp4,VID 59720523 235207 650.mp4,True,4918,,Ambiguous match (5 candidates); No recorded action
C:\Users\micro\Documents\Better Up\Media-Manager\to-be-deleted\Lost_Partition-1__$RECYCLE.BIN__9999__VID_59750713_003148_863.mp4,VID 59750713 003148 863.mp4,True,4921,,Ambiguous match (5 candidates); No recorded action
C:\Users\micro\Documents\Better Up\Media-Manager\to-be-deleted\Lost_Partition-1__$RECYCLE.BIN__9999__VID_59780825_184217_523.mp4,VID 59780825 184217 523.mp4,True,4924,,Ambiguous match (5 candidates); No recorded action
C:\Users\micro\Documents\Better Up\Media-Manager\to-be-deleted\Lost_Partition-1__$RECYCLE.BIN__9999__VID_59820405_100948_729.mp4,VID 59820405 100948 729.mp4,True,4927,,Ambiguous match (5 candidates); No recorded action
C:\Users\micro\Documents\Better Up\Media-Manager\to-be-deleted\Lost_Partition-1__$RECYCLE.BIN__9999__VID_86820626_044147_735.mp4,VID 86820626 044147 735.mp4,True,5316,,Ambiguous match (5 candidates); No recorded action
C:\Users\micro\Documents\Better Up\Media-Manager\to-be-deleted\Lost_Partition-1__$RECYCLE.BIN__9999__VID_86830202_152915_905.mp4,VID 86830202 152915 905.mp4,True,5319,,Ambiguous match (5 candidates); No recorded action
C:\Users\micro\Documents\Better Up\Media-Manager\to-be-deleted\Lost_Partition-1__$RECYCLE.BIN__9999__VID_86840507_064745_473.mp4,VID 86840507 064745 473.mp4,True,5325,,Ambiguous match (5 candidates); No recorded action
C:\Users\micro\Documents\Better Up\Media-Manager\to-be-deleted\Lost_Partition-1__$RECYCLE.BIN__9999__VID_87030120_104515_248.mp4,VID 87030120 104515 248.mp4,True,5328,,Ambiguous match (5 candidates); No recorded action
C:\Users\micro\Documents\Better Up\Media-Manager\to-be-deleted\Lost_Partition-1__OWN__AUD__ppbf_panties_qa_00m-14s.mp3,ppbf panties qa 00m-14s.mp3,True,6448,,Ambiguous match (2 candidates); No recorded action
C:\Users\micro\Documents\Better Up\Media-Manager\to-be-deleted\Lost_Partition-1__OWN__AUD__ppbf_panties_qa_00m-14s_(2).mp3,ppbf panties qa 00m-14s (2).mp3,True,6447,,Ambiguous match (2 candidates); No recorded action
C:\Users\micro\Documents\Better Up\Media-Manager\to-be-deleted\Lost_Partition-1__OWN__AUD__ppbf_panties_qa_01m-41s.mp3,ppbf panties qa 01m-41s.mp3,True,1430,,Ambiguous match (5 candidates); No recorded action
C:\Users\micro\Documents\Better Up\Media-Manager\to-be-deleted\Lost_Partition-1__OWN__AUD__ppbf_panties_qa_01m-41s_(2).mp3,ppbf panties qa 01m-41s (2).mp3,True,6449,,Ambiguous match (2 candidates); No recorded action
C:\Users\micro\Documents\Better Up\Media-Manager\to-be-deleted\Lost_Partition-1__OWN__PIC__DRS__IMG_1415.HEIC,IMG 1415.HEIC,True,429,,Ambiguous match (3 candidates); No recorded action
C:\Users\micro\Documents\Better Up\Media-Manager\to-be-deleted\Lost_Partition-1__OWN__PIC__DRS__IMG_1416.HEIC,IMG 1416.HEIC,True,430,,Ambiguous match (3 candidates); No recorded action
C:\Users\micro\Documents\Better Up\Media-Manager\to-be-deleted\Lost_Partition-1__OWN__PIC__DRS__IMG_1417.HEIC,IMG 1417.HEIC,True,431,,Ambiguous match (3 candidates); No recorded action
C:\Users\micro\Documents\Better Up\Media-Manager\to-be-deleted\Lost_Partition-1__OWN__PIC__DRS__IMG_1418.HEIC,IMG 1418.HEIC,True,432,,Ambiguous match (3 candidates); No recorded action
C:\Users\micro\Documents\Better Up\Media-Manager\to-be-deleted\Lost_Partition-1__OWN__PIC__DRS__IMG_1419.HEIC,IMG 1419.HEIC,True,433,,Ambiguous match (3 candidates); No recorded action
C:\Users\micro\Documents\Better Up\Media-Manager\to-be-deleted\Lost_Partition-1__OWN__PIC__DRS__IMG_20181214_064139_304.mov,IMG 20181214 064139 304.mov,True,907,,Ambiguous match (3 candidates); No recorded action
C:\Users\micro\Documents\Better Up\Media-Manager\to-be-deleted\Lost_Partition-1__OWN__PIC__DRS__ppbf_panties_qa_01m-41s.mp3,ppbf panties qa 01m-41s.mp3,True,1430,,Ambiguous match (5 candidates); No recorded action
C:\Users\micro\Documents\Better Up\Media-Manager\to-be-deleted\Lost_Partition-1__OWN__RCV__File_Name_Lost_(14).mp4_fixed.mp4,File Name Lost (14).mp4 fixed.mp4,True,1581,,Ambiguous match (6 candidates); No recorded action
C:\Users\micro\Documents\Better Up\Media-Manager\to-be-deleted\Lost_Partition-1__OWN__RCV__File_Name_Lost_(24).mp4_fixed.mp4,File Name Lost (24).mp4 fixed.mp4,True,1583,,Ambiguous match (3 candidates); No recorded action
C:\Users\micro\Documents\Better Up\Media-Manager\to-be-deleted\Lost_Partition-1__OWN__RCV__File_Name_Lost_(31).mp4_fixed.mp4,File Name Lost (31).mp4 fixed.mp4,True,1585,,Ambiguous match (3 candidates); No recorded action
C:\Users\micro\Documents\Better Up\Media-Manager\to-be-deleted\Lost_Partition-1__OWN__RCV__File_Name_Lost_(32).mp4_fixed.mp4,File Name Lost (32).mp4 fixed.mp4,True,1587,,Ambiguous match (3 candidates); No recorded action
C:\Users\micro\Documents\Better Up\Media-Manager\to-be-deleted\Lost_Partition-1__OWN__RCV__File_Name_Lost_(33).mp4_fixed.mp4,File Name Lost (33).mp4 fixed.mp4,True,1589,,Ambiguous match (3 candidates); No recorded action
C:\Users\micro\Documents\Better Up\Media-Manager\to-be-deleted\Lost_Partition-1__OWN__RCV__File_Name_Lost_(34).mp4_fixed.mp4,File Name Lost (34).mp4 fixed.mp4,True,1591,,Ambiguous match (3 candidates); No recorded action
C:\Users\micro\Documents\Better Up\Media-Manager\to-be-deleted\Lost_Partition-1__OWN__RCV__File_Name_Lost_(35).mp4_fixed.mp4,File Name Lost (35).mp4 fixed.mp4,True,1593,,Ambiguous match (3 candidates); No recorded action
C:\Users\micro\Documents\Better Up\Media-Manager\to-be-deleted\Lost_Partition-1__OWN__RCV__File_Name_Lost_(36).mp4_fixed.mp4,File Name Lost (36).mp4 fixed.mp4,True,1595,,Ambiguous match (3 candidates); No recorded action
C:\Users\micro\Documents\Better Up\Media-Manager\to-be-deleted\Lost_Partition-1__OWN__RCV__File_Name_Lost_(42).mp4_fixed.mp4,File Name Lost (42).mp4 fixed.mp4,True,1597,,Ambiguous match (3 candidates); No recorded action
C:\Users\micro\Documents\Better Up\Media-Manager\to-be-deleted\Lost_Partition-1__OWN__RCV__File_Name_Lost_(56).mp4_fixed.mp4,File Name Lost (56).mp4 fixed.mp4,True,1599,,Ambiguous match (3 candidates); No recorded action
C:\Users\micro\Documents\Better Up\Media-Manager\to-be-deleted\Lost_Partition-1__OWN__RCV__File_Name_Lost_(57).mp4_fixed.mp4,File Name Lost (57).mp4 fixed.mp4,True,1601,,Ambiguous match (3 candidates); No recorded action
C:\Users\micro\Documents\Better Up\Media-Manager\to-be-deleted\Lost_Partition-1__OWN__RCV__File_Name_Lost_(60).mp4_fixed.mp4,File Name Lost (60).mp4 fixed.mp4,True,1603,,Ambiguous match (3 candidates); No recorded action
C:\Users\micro\Documents\Better Up\Media-Manager\to-be-deleted\Lost_Partition-1__OWN__RCV__File_Name_Lost_(61).mp4_fixed.mp4,File Name Lost (61).mp4 fixed.mp4,True,1605,,Ambiguous match (3 candidates); No recorded action
C:\Users\micro\Documents\Better Up\Media-Manager\to-be-deleted\Lost_Partition-1__OWN__RCV__File_Name_Lost_(62).mp4_fixed.mp4,File Name Lost (62).mp4 fixed.mp4,True,1607,,Ambiguous match (3 candidates); No recorded action
C:\Users\micro\Documents\Better Up\Media-Manager\to-be-deleted\Lost_Partition-1__OWN__RCV__File_Name_Lost_(63).mp4_fixed.mp4,File Name Lost (63).mp4 fixed.mp4,True,1609,,Ambiguous match (3 candidates); No recorded action
C:\Users\micro\Documents\Better Up\Media-Manager\to-be-deleted\Lost_Partition-1__OWN__RCV__File_Name_Lost_(64).mp4_fixed.mp4,File Name Lost (64).mp4 fixed.mp4,True,1610,,Ambiguous match (3 candidates); No recorded action
C:\Users\micro\Documents\Better Up\Media-Manager\to-be-deleted\Lost_Partition-1__OWN__RCV__File_Name_Lost_(65).mp4_fixed.mp4,File Name Lost (65).mp4 fixed.mp4,True,1612,,Ambiguous match (3 candidates); No recorded action
C:\Users\micro\Documents\Better Up\Media-Manager\to-be-deleted\Lost_Partition-1__OWN__RCV__VID_20200131_110427_797_recorded.mp4,VID 20200131 110427 797 recorded.mp4,True,1614,,Ambiguous match (8 candidates); No recorded action
C:\Users\micro\Documents\Better Up\Media-Manager\to-be-deleted\Lost_Partition-1__OWN__RCV__VID_20200217_102121_485_recorded.mp4,VID 20200217 102121 485 recorded.mp4,True,1616,,Ambiguous match (8 candidates); No recorded action
C:\Users\micro\Documents\Better Up\Media-Manager\to-be-deleted\Lost_Partition-1__OWN__RCV__VID_20200217_103534_594_recorded.mp4,VID 20200217 103534 594 recorded.mp4,True,1618,,Ambiguous match (11 candidates); No recorded action
C:\Users\micro\Documents\Better Up\Media-Manager\to-be-deleted\Lost_Partition-1__OWN__VID__DRS_OPT__VID_20200511_052244_wAudio-1_Copy.mp4,VID 20200511 052244 wAudio-1 Copy.mp4,True,5634,,Ambiguous match (3 candidates); No recorded action
C:\Users\micro\Documents\Better Up\Media-Manager\to-be-deleted\Lost_Partition-1__OWN__VID__DRS_OPT__VID_20220622_184444-1_Copy.mp4,VID 20220622 184444-1 Copy.mp4,True,5638,,Ambiguous match (3 candidates); No recorded action
C:\Users\micro\Documents\Better Up\Media-Manager\to-be-deleted\Lost_Partition-1__OWN__VID__DRS_OPT__VID_20220712_070241-2_Copy.mp4,VID 20220712 070241-2 Copy.mp4,True,5641,,Ambiguous match (3 candidates); No recorded action
C:\Users\micro\Documents\Better Up\Media-Manager\to-be-deleted\Lost_Partition-1__OWN__VID__DRS_OPT__VID_20220713_102703-3_Copy.mp4,VID 20220713 102703-3 Copy.mp4,True,5642,,Ambiguous match (3 candidates); No recorded action
C:\Users\micro\Documents\Better Up\Media-Manager\to-be-deleted\Lost_Partition-1__OWN__VID__DRS_OPT__VID_20220713_105038-4_Copy.mp4,VID 20220713 105038-4 Copy.mp4,True,5643,,Ambiguous match (3 candidates); No recorded action
C:\Users\micro\Documents\Better Up\Media-Manager\to-be-deleted\Lost_Partition-1__OWN__VID__DRS_OPT__VID_20221012_044554-5_Copy.mp4,VID 20221012 044554-5 Copy.mp4,True,5645,,Ambiguous match (3 candidates); No recorded action
C:\Users\micro\Documents\Better Up\Media-Manager\to-be-deleted\Lost_Partition-1__OWN__VID__DRS_OPT__VID_20221111_092814-7_Copy.mp4,VID 20221111 092814-7 Copy.mp4,True,5652,,Ambiguous match (3 candidates); No recorded action
C:\Users\micro\Documents\Better Up\Media-Manager\to-be-deleted\Lost_Partition-1__OWN__VID__DRS_OPT__YouCut_20220623_151152033_Copy.mp4,YouCut 20220623 151152033 Copy.mp4,True,5674,,Ambiguous match (3 candidates); No recorded action
C:\Users\micro\Documents\Better Up\Media-Manager\to-be-deleted\Lost_Partition-1__OWN__VID__DRS__2018__VID_20180504_112031_760_recorded.mp4,VID 20180504 112031 760 recorded.mp4,True,2149,,Ambiguous match (3 candidates); No recorded action
C:\Users\micro\Documents\Better Up\Media-Manager\to-be-deleted\Lost_Partition-1__OWN__VID__DRS__2018__VID_20180504_114039_925_recorded.mp4,VID 20180504 114039 925 recorded.mp4,True,2159,,Ambiguous match (3 candidates); No recorded action
C:\Users\micro\Documents\Better Up\Media-Manager\to-be-deleted\Lost_Partition-1__OWN__VID__DRS__2018__VID_20180504_114137_652_recorded.mp4,VID 20180504 114137 652 recorded.mp4,True,2161,,Ambiguous match (3 candidates); No recorded action
C:\Users\micro\Documents\Better Up\Media-Manager\to-be-deleted\Lost_Partition-1__OWN__VID__DRS__2018__VID_20180504_114250_940_recorded.mp4,VID 20180504 114250 940 recorded.mp4,True,2163,,Ambiguous match (3 candidates); No recorded action
C:\Users\micro\Documents\Better Up\Media-Manager\to-be-deleted\Lost_Partition-1__OWN__VID__DRS__2018__VID_20180504_114733_156_recorded.mp4,VID 20180504 114733 156 recorded.mp4,True,2165,,Ambiguous match (3 candidates); No recorded action
C:\Users\micro\Documents\Better Up\Media-Manager\to-be-deleted\Lost_Partition-1__OWN__VID__DRS__2018__VID_20180504_114831_469_recorded.mp4,VID 20180504 114831 469 recorded.mp4,True,2167,,Ambiguous match (3 candidates); No recorded action
C:\Users\micro\Documents\Better Up\Media-Manager\to-be-deleted\Lost_Partition-1__OWN__VID__DRS__2018__VID_20180504_114939_238_recorded.mp4,VID 20180504 114939 238 recorded.mp4,True,2169,,Ambiguous match (3 candidates); No recorded action
C:\Users\micro\Documents\Better Up\Media-Manager\to-be-deleted\Lost_Partition-1__OWN__VID__DRS__2018__VID_20180504_115038_740_recorded.mp4,VID 20180504 115038 740 recorded.mp4,True,2171,,Ambiguous match (3 candidates); No recorded action
C:\Users\micro\Documents\Better Up\Media-Manager\to-be-deleted\Lost_Partition-1__OWN__VID__DRS__2018__VID_20180504_115139_994_recorded.mp4,VID 20180504 115139 994 recorded.mp4,True,2173,,Ambiguous match (3 candidates); No recorded action
C:\Users\micro\Documents\Better Up\Media-Manager\to-be-deleted\Lost_Partition-1__OWN__VID__DRS__2018__VID_20180504_115236_793_recorded.mp4,VID 20180504 115236 793 recorded.mp4,True,2175,,Ambiguous match (3 candidates); No recorded action
C:\Users\micro\Documents\Better Up\Media-Manager\to-be-deleted\Lost_Partition-1__OWN__VID__DRS__2018__VID_20180504_115750_230_recorded.mp4,VID 20180504 115750 230 recorded.mp4,True,2177,,Ambiguous match (3 candidates); No recorded action
C:\Users\micro\Documents\Better Up\Media-Manager\to-be-deleted\Lost_Partition-1__OWN__VID__DRS__2018__VID_20180504_120354_417_recorded.mp4,VID 20180504 120354 417 recorded.mp4,True,2179,,Ambiguous match (3 candidates); No recorded action
C:\Users\micro\Documents\Better Up\Media-Manager\to-be-deleted\Lost_Partition-1__OWN__VID__DRS__2018__VID_20180504_120541_766_recorded.mp4,VID 20180504 120541 766 recorded.mp4,True,2181,,Ambiguous match (3 candidates); No recorded action
C:\Users\micro\Documents\Better Up\Media-Manager\to-be-deleted\Lost_Partition-1__OWN__VID__DRS__2018__VID_20180504_120618_726_recorded.mp4,VID 20180504 120618 726 recorded.mp4,True,2183,,Ambiguous match (3 candidates); No recorded action
C:\Users\micro\Documents\Better Up\Media-Manager\to-be-deleted\Lost_Partition-1__OWN__VID__DRS__2018__VID_20180504_120659_362_recorded.mp4,VID 20180504 120659 362 recorded.mp4,True,2185,,Ambiguous match (3 candidates); No recorded action
C:\Users\micro\Documents\Better Up\Media-Manager\to-be-deleted\Lost_Partition-1__OWN__VID__DRS__2018__VID_20180504_120801_135_recorded.mp4,VID 20180504 120801 135 recorded.mp4,True,2187,,Ambiguous match (3 candidates); No recorded action
C:\Users\micro\Documents\Better Up\Media-Manager\to-be-deleted\Lost_Partition-1__OWN__VID__DRS__2018__VID_20180504_120851_373_recorded.mp4,VID 20180504 120851 373 recorded.mp4,True,2189,,Ambiguous match (3 candidates); No recorded action
C:\Users\micro\Documents\Better Up\Media-Manager\to-be-deleted\Lost_Partition-1__OWN__VID__DRS__2018__VID_20180504_121409_905_recorded.mp4,VID 20180504 121409 905 recorded.mp4,True,2191,,Ambiguous match (3 candidates); No recorded action
C:\Users\micro\Documents\Better Up\Media-Manager\to-be-deleted\Lost_Partition-1__OWN__VID__DRS__2018__VID_20180508_091256_507_recorded.mp4,VID 20180508 091256 507 recorded.mp4,True,2199,,Ambiguous match (3 candidates); No recorded action
C:\Users\micro\Documents\Better Up\Media-Manager\to-be-deleted\Lost_Partition-1__OWN__VID__DRS__2018__VID_20180518_120303_384_recorded.mp4,VID 20180518 120303 384 recorded.mp4,True,2213,,Ambiguous match (3 candidates); No recorded action
C:\Users\micro\Documents\Better Up\Media-Manager\to-be-deleted\Lost_Partition-1__OWN__VID__DRS__2018__VID_20180518_120448_196_recorded.mp4,VID 20180518 120448 196 recorded.mp4,True,2215,,Ambiguous match (3 candidates); No recorded action
C:\Users\micro\Documents\Better Up\Media-Manager\to-be-deleted\Lost_Partition-1__OWN__VID__DRS__2018__VID_20180518_120529_343_recorded.mp4,VID 20180518 120529 343 recorded.mp4,True,2217,,Ambiguous match (3 candidates); No recorded action
C:\Users\micro\Documents\Better Up\Media-Manager\to-be-deleted\Lost_Partition-1__OWN__VID__DRS__2018__VID_20180518_120825_227_recorded.mp4,VID 20180518 120825 227 recorded.mp4,True,2219,,Ambiguous match (3 candidates); No recorded action
C:\Users\micro\Documents\Better Up\Media-Manager\to-be-deleted\Lost_Partition-1__OWN__VID__DRS__2018__VID_20180518_121001_542_recorded.mp4,VID 20180518 121001 542 recorded.mp4,True,2221,,Ambiguous match (3 candidates); No recorded action
C:\Users\micro\Documents\Better Up\Media-Manager\to-be-deleted\Lost_Partition-1__OWN__VID__DRS__2018__VID_20180518_121215_833_recorded.mp4,VID 20180518 121215 833 recorded.mp4,True,2225,,Ambiguous match (3 candidates); No recorded action
C:\Users\micro\Documents\Better Up\Media-Manager\to-be-deleted\Lost_Partition-1__OWN__VID__DRS__2018__VID_20180518_121244_925_recorded.mp4,VID 20180518 121244 925 recorded.mp4,True,2227,,Ambiguous match (3 candidates); No recorded action
C:\Users\micro\Documents\Better Up\Media-Manager\to-be-deleted\Lost_Partition-1__OWN__VID__DRS__2018__VID_20180518_121336_198_recorded.mp4,VID 20180518 121336 198 recorded.mp4,True,2229,,Ambiguous match (3 candidates); No recorded action
C:\Users\micro\Documents\Better Up\Media-Manager\to-be-deleted\Lost_Partition-1__OWN__VID__DRS__2018__VID_20180518_121420_750_recorded.mp4,VID 20180518 121420 750 recorded.mp4,True,2231,,Ambiguous match (3 candidates); No recorded action
C:\Users\micro\Documents\Better Up\Media-Manager\to-be-deleted\Lost_Partition-1__OWN__VID__DRS__2018__VID_20180518_121620_985_recorded.mp4,VID 20180518 121620 985 recorded.mp4,True,2233,,Ambiguous match (3 candidates); No recorded action
C:\Users\micro\Documents\Better Up\Media-Manager\to-be-deleted\Lost_Partition-1__OWN__VID__DRS__2018__VID_20180518_121933_739_recorded.mp4,VID 20180518 121933 739 recorded.mp4,True,2235,,Ambiguous match (3 candidates); No recorded action
C:\Users\micro\Documents\Better Up\Media-Manager\to-be-deleted\Lost_Partition-1__OWN__VID__DRS__2018__VID_20180518_122036_078_recorded.mp4,VID 20180518 122036 078 recorded.mp4,True,2237,,Ambiguous match (3 candidates); No recorded action
C:\Users\micro\Documents\Better Up\Media-Manager\to-be-deleted\Lost_Partition-1__OWN__VID__DRS__2018__VID_20180518_122121_315_recorded.mp4,VID 20180518 122121 315 recorded.mp4,True,2239,,Ambiguous match (3 candidates); No recorded action
C:\Users\micro\Documents\Better Up\Media-Manager\to-be-deleted\Lost_Partition-1__OWN__VID__DRS__2018__VID_20180518_122204_631_recorded.mp4,VID 20180518 122204 631 recorded.mp4,True,2241,,Ambiguous match (3 candidates); No recorded action
C:\Users\micro\Documents\Better Up\Media-Manager\to-be-deleted\Lost_Partition-1__OWN__VID__DRS__2018__VID_20180518_122250_268_recorded.mp4,VID 20180518 122250 268 recorded.mp4,True,2243,,Ambiguous match (3 candidates); No recorded action
C:\Users\micro\Documents\Better Up\Media-Manager\to-be-deleted\Lost_Partition-1__OWN__VID__DRS__2018__VID_20180518_122334_903_recorded.mp4,VID 20180518 122334 903 recorded.mp4,True,2245,,Ambiguous match (3 candidates); No recorded action
C:\Users\micro\Documents\Better Up\Media-Manager\to-be-deleted\Lost_Partition-1__OWN__VID__DRS__2018__VID_20180518_122441_414_recorded.mp4,VID 20180518 122441 414 recorded.mp4,True,2247,,Ambiguous match (3 candidates); No recorded action
C:\Users\micro\Documents\Better Up\Media-Manager\to-be-deleted\Lost_Partition-1__OWN__VID__DRS__2018__VID_20180530_123308_103_recorded.mp4,VID 20180530 123308 103 recorded.mp4,True,2251,,Ambiguous match (3 candidates); No recorded action
C:\Users\micro\Documents\Better Up\Media-Manager\to-be-deleted\Lost_Partition-1__OWN__VID__DRS__2018__VID_20180530_123632_708_recorded.mp4,VID 20180530 123632 708 recorded.mp4,True,2253,,Ambiguous match (3 candidates); No recorded action
C:\Users\micro\Documents\Better Up\Media-Manager\to-be-deleted\Lost_Partition-1__OWN__VID__DRS__2018__VID_20180530_123726_966_recorded.mp4,VID 20180530 123726 966 recorded.mp4,True,2255,,Ambiguous match (3 candidates); No recorded action
C:\Users\micro\Documents\Better Up\Media-Manager\to-be-deleted\Lost_Partition-1__OWN__VID__DRS__2018__VID_20180530_123817_476_recorded.mp4,VID 20180530 123817 476 recorded.mp4,True,2257,,Ambiguous match (3 candidates); No recorded action
C:\Users\micro\Documents\Better Up\Media-Manager\to-be-deleted\Lost_Partition-1__OWN__VID__DRS__2018__VID_20180530_124021_705_recorded.mp4,VID 20180530 124021 705 recorded.mp4,True,2259,,Ambiguous match (3 candidates); No recorded action
C:\Users\micro\Documents\Better Up\Media-Manager\to-be-deleted\Lost_Partition-1__OWN__VID__DRS__2018__VID_20181107_045330_761_recorded.mp4,VID 20181107 045330 761 recorded.mp4,True,2287,,Ambiguous match (3 candidates); No recorded action
C:\Users\micro\Documents\Better Up\Media-Manager\to-be-deleted\Lost_Partition-1__OWN__VID__DRS__2018__VID_20181107_045428_426_recorded.mp4,VID 20181107 045428 426 recorded.mp4,True,2289,,Ambiguous match (3 candidates); No recorded action
C:\Users\micro\Documents\Better Up\Media-Manager\to-be-deleted\Lost_Partition-1__OWN__VID__DRS__2018__VID_20181107_045509_430_recorded.mp4,VID 20181107 045509 430 recorded.mp4,True,2291,,Ambiguous match (3 candidates); No recorded action
C:\Users\micro\Documents\Better Up\Media-Manager\to-be-deleted\Lost_Partition-1__OWN__VID__DRS__2018__VID_20181107_045617_512_recorded.mp4,VID 20181107 045617 512 recorded.mp4,True,2293,,Ambiguous match (3 candidates); No recorded action
C:\Users\micro\Documents\Better Up\Media-Manager\to-be-deleted\Lost_Partition-1__OWN__VID__DRS__2018__VID_20181107_045724_069_recorded.mp4,VID 20181107 045724 069 recorded.mp4,True,2295,,Ambiguous match (3 candidates); No recorded action
C:\Users\micro\Documents\Better Up\Media-Manager\to-be-deleted\Lost_Partition-1__OWN__VID__DRS__2018__VID_20181107_045805_251_recorded.mp4,VID 20181107 045805 251 recorded.mp4,True,2297,,Ambiguous match (3 candidates); No recorded action
C:\Users\micro\Documents\Better Up\Media-Manager\to-be-deleted\Lost_Partition-1__OWN__VID__DRS__2018__VID_20181107_045903_400_recorded.mp4,VID 20181107 045903 400 recorded.mp4,True,2299,,Ambiguous match (3 candidates); No recorded action
C:\Users\micro\Documents\Better Up\Media-Manager\to-be-deleted\Lost_Partition-1__OWN__VID__DRS__2018__VID_20181107_045943_069_recorded.mp4,VID 20181107 045943 069 recorded.mp4,True,2301,,Ambiguous match (3 candidates); No recorded action
C:\Users\micro\Documents\Better Up\Media-Manager\to-be-deleted\Lost_Partition-1__OWN__VID__DRS__2018__VID_20181214_063103_670_recorded.mp4,VID 20181214 063103 670 recorded.mp4,True,2303,,Ambiguous match (3 candidates); No recorded action
C:\Users\micro\Documents\Better Up\Media-Manager\to-be-deleted\Lost_Partition-1__OWN__VID__DRS__2018__VID_20181220_103921_550_recorded.mp4,VID 20181220 103921 550 recorded.mp4,True,2305,,Ambiguous match (3 candidates); No recorded action
C:\Users\micro\Documents\Better Up\Media-Manager\to-be-deleted\Lost_Partition-1__OWN__VID__DRS__2018__VID_20181220_104143_558_recorded.mp4,VID 20181220 104143 558 recorded.mp4,True,2307,,Ambiguous match (3 candidates); No recorded action
C:\Users\micro\Documents\Better Up\Media-Manager\to-be-deleted\Lost_Partition-1__OWN__VID__DRS__2018__VID_20181220_104928_629_recorded.mp4,VID 20181220 104928 629 recorded.mp4,True,2309,,Ambiguous match (3 candidates); No recorded action
C:\Users\micro\Documents\Better Up\Media-Manager\to-be-deleted\Lost_Partition-1__OWN__VID__DRS__2018__VID_20181220_105217_234_recorded.mp4,VID 20181220 105217 234 recorded.mp4,True,2311,,Ambiguous match (3 candidates); No recorded action
C:\Users\micro\Documents\Better Up\Media-Manager\to-be-deleted\Lost_Partition-1__OWN__VID__DRS__2018__VID_20181220_105249_453_recorded.mp4,VID 20181220 105249 453 recorded.mp4,True,2313,,Ambiguous match (3 candidates); No recorded action
C:\Users\micro\Documents\Better Up\Media-Manager\to-be-deleted\Lost_Partition-1__OWN__VID__DRS__2018__VID_20181220_105333_203_recorded.mp4,VID 20181220 105333 203 recorded.mp4,True,2315,,Ambiguous match (3 candidates); No recorded action
C:\Users\micro\Documents\Better Up\Media-Manager\to-be-deleted\Lost_Partition-1__OWN__VID__DRS__2018__VID_20181220_110521_930_recorded.mp4,VID 20181220 110521 930 recorded.mp4,True,2317,,Ambiguous match (3 candidates); No recorded action
C:\Users\micro\Documents\Better Up\Media-Manager\to-be-deleted\Lost_Partition-1__OWN__VID__DRS__2018__VID_20181220_110749_708_recorded.mp4,VID 20181220 110749 708 recorded.mp4,True,2319,,Ambiguous match (3 candidates); No recorded action
C:\Users\micro\Documents\Better Up\Media-Manager\to-be-deleted\Lost_Partition-1__OWN__VID__DRS__2018__VID_20181220_111000_123_recorded.mp4,VID 20181220 111000 123 recorded.mp4,True,2321,,Ambiguous match (3 candidates); No recorded action
C:\Users\micro\Documents\Better Up\Media-Manager\to-be-deleted\Lost_Partition-1__OWN__VID__DRS__2018__VID_20181220_111100_123_recorded.mp4,VID 20181220 111100 123 recorded.mp4,True,2323,,Ambiguous match (3 candidates); No recorded action
C:\Users\micro\Documents\Better Up\Media-Manager\to-be-deleted\Lost_Partition-1__OWN__VID__DRS__2018__VID_20181220_111200_123_recorded.mp4,VID 20181220 111200 123 recorded.mp4,True,2325,,Ambiguous match (3 candidates); No recorded action
C:\Users\micro\Documents\Better Up\Media-Manager\to-be-deleted\Lost_Partition-1__OWN__VID__DRS__2018__VID_20181220_111300_123_recorded.mp4,VID 20181220 111300 123 recorded.mp4,True,2327,,Ambiguous match (3 candidates); No recorded action
C:\Users\micro\Documents\Better Up\Media-Manager\to-be-deleted\Lost_Partition-1__OWN__VID__DRS__2018__VID_20181220_111429_014_recorded.mp4,VID 20181220 111429 014 recorded.mp4,True,2329,,Ambiguous match (3 candidates); No recorded action
C:\Users\micro\Documents\Better Up\Media-Manager\to-be-deleted\Lost_Partition-1__OWN__VID__DRS__2018__VID_20181220_112100_123_recorded.mp4,VID 20181220 112100 123 recorded.mp4,True,2331,,Ambiguous match (3 candidates); No recorded action
C:\Users\micro\Documents\Better Up\Media-Manager\to-be-deleted\Lost_Partition-1__OWN__VID__DRS__2018__VID_20181220_112552_221_recorded.mp4,VID 20181220 112552 221 recorded.mp4,True,2333,,Ambiguous match (3 candidates); No recorded action
C:\Users\micro\Documents\Better Up\Media-Manager\to-be-deleted\Lost_Partition-1__OWN__VID__DRS__2018__VID_20181220_112952_527_recorded.mp4,VID 20181220 112952 527 recorded.mp4,True,2335,,Ambiguous match (3 candidates); No recorded action
C:\Users\micro\Documents\Better Up\Media-Manager\to-be-deleted\Lost_Partition-1__OWN__VID__DRS__2018__VID_20181220_113142_727_recorded.mp4,VID 20181220 113142 727 recorded.mp4,True,2337,,Ambiguous match (3 candidates); No recorded action
C:\Users\micro\Documents\Better Up\Media-Manager\to-be-deleted\Lost_Partition-1__OWN__VID__DRS__2018__VID_20181220_113615_405_recorded.mp4,VID 20181220 113615 405 recorded.mp4,True,2339,,Ambiguous match (3 candidates); No recorded action
C:\Users\micro\Documents\Better Up\Media-Manager\to-be-deleted\Lost_Partition-1__OWN__VID__DRS__2018__VID_20181220_114009_777_recorded.mp4,VID 20181220 114009 777 recorded.mp4,True,2341,,Ambiguous match (3 candidates); No recorded action
C:\Users\micro\Documents\Better Up\Media-Manager\to-be-deleted\Lost_Partition-1__OWN__VID__DRS__2018__VID_20181220_114301_946_recorded.mp4,VID 20181220 114301 946 recorded.mp4,True,2343,,Ambiguous match (3 candidates); No recorded action
C:\Users\micro\Documents\Better Up\Media-Manager\to-be-deleted\Lost_Partition-1__OWN__VID__DRS__2018__VID_20181223_071800_123_recorded.mp4,VID 20181223 071800 123 recorded.mp4,True,2345,,Ambiguous match (3 candidates); No recorded action
C:\Users\micro\Documents\Better Up\Media-Manager\to-be-deleted\Lost_Partition-1__OWN__VID__DRS__2018__VID_20181223_072000_123_recorded.mp4,VID 20181223 072000 123 recorded.mp4,True,2347,,Ambiguous match (3 candidates); No recorded action
C:\Users\micro\Documents\Better Up\Media-Manager\to-be-deleted\Lost_Partition-1__OWN__VID__DRS__2018__VID_20181225_032700_123_recorded.mp4,VID 20181225 032700 123 recorded.mp4,True,2349,,Ambiguous match (3 candidates); No recorded action
C:\Users\micro\Documents\Better Up\Media-Manager\to-be-deleted\Lost_Partition-1__OWN__VID__DRS__2018__VID_20181225_033229_793_recorded.mp4,VID 20181225 033229 793 recorded.mp4,True,2351,,Ambiguous match (3 candidates); No recorded action
C:\Users\micro\Documents\Better Up\Media-Manager\to-be-deleted\Lost_Partition-1__OWN__VID__DRS__2018__VID_20181225_033408_486_recorded.mp4,VID 20181225 033408 486 recorded.mp4,True,2353,,Ambiguous match (3 candidates); No recorded action
C:\Users\micro\Documents\Better Up\Media-Manager\to-be-deleted\Lost_Partition-1__OWN__VID__DRS__2018__VID_20181225_033732_672_recorded.mp4,VID 20181225 033732 672 recorded.mp4,True,2358,,Ambiguous match (3 candidates); No recorded action
C:\Users\micro\Documents\Better Up\Media-Manager\to-be-deleted\Lost_Partition-1__OWN__VID__DRS__2018__VID_20181225_033856_300_recorded.mp4,VID 20181225 033856 300 recorded.mp4,True,2360,,Ambiguous match (3 candidates); No recorded action
C:\Users\micro\Documents\Better Up\Media-Manager\to-be-deleted\Lost_Partition-1__OWN__VID__DRS__2018__VID_20181225_034207_258_recorded.mp4,VID 20181225 034207 258 recorded.mp4,True,2362,,Ambiguous match (3 candidates); No recorded action
C:\Users\micro\Documents\Better Up\Media-Manager\to-be-deleted\Lost_Partition-1__OWN__VID__DRS__2018__VID_20181225_034629_088_recorded.mp4,VID 20181225 034629 088 recorded.mp4,True,2364,,Ambiguous match (3 candidates); No recorded action
C:\Users\micro\Documents\Better Up\Media-Manager\to-be-deleted\Lost_Partition-1__OWN__VID__DRS__2018__VID_49851230_092812_910.mp4,VID 49851230 092812 910.mp4,True,2690,,Ambiguous match (3 candidates); No recorded action
C:\Users\micro\Documents\Better Up\Media-Manager\to-be-deleted\Lost_Partition-1__OWN__VID__DRS__2019__BVR_2019_01_28_11_34_00.mp4,BVR 2019 01 28 11 34 00.mp4,True,3345,,Ambiguous match (3 candidates); No recorded action
C:\Users\micro\Documents\Better Up\Media-Manager\to-be-deleted\Lost_Partition-1__OWN__VID__DRS__2019__VID_20190212_054741_377_recorded.mp4,VID 20190212 054741 377 recorded.mp4,True,3442,,Ambiguous match (3 candidates); No recorded action
C:\Users\micro\Documents\Better Up\Media-Manager\to-be-deleted\Lost_Partition-1__OWN__VID__DRS__2019__VID_20190212_054936_115_recorded.mp4,VID 20190212 054936 115 recorded.mp4,True,3444,,Ambiguous match (3 candidates); No recorded action
C:\Users\micro\Documents\Better Up\Media-Manager\to-be-deleted\Lost_Partition-1__OWN__VID__DRS__2019__VID_20190227_100057_934_recorded.mp4,VID 20190227 100057 934 recorded.mp4,True,3446,,Ambiguous match (3 candidates); No recorded action
C:\Users\micro\Documents\Better Up\Media-Manager\to-be-deleted\Lost_Partition-1__OWN__VID__DRS__2019__VID_20190227_100929_513_recorded.mp4,VID 20190227 100929 513 recorded.mp4,True,3448,,Ambiguous match (3 candidates); No recorded action
C:\Users\micro\Documents\Better Up\Media-Manager\to-be-deleted\Lost_Partition-1__OWN__VID__DRS__2019__VID_20190430_110128_737_recorded.mp4,VID 20190430 110128 737 recorded.mp4,True,3454,,Ambiguous match (3 candidates); No recorded action
C:\Users\micro\Documents\Better Up\Media-Manager\to-be-deleted\Lost_Partition-1__OWN__VID__DRS__2019__VID_20190430_110800_606_recorded.mp4,VID 20190430 110800 606 recorded.mp4,True,3456,,Ambiguous match (3 candidates); No recorded action
C:\Users\micro\Documents\Better Up\Media-Manager\to-be-deleted\Lost_Partition-1__OWN__VID__DRS__2019__VID_20190430_111952_481_recorded.mp4,VID 20190430 111952 481 recorded.mp4,True,3458,,Ambiguous match (3 candidates); No recorded action
C:\Users\micro\Documents\Better Up\Media-Manager\to-be-deleted\Lost_Partition-1__OWN__VID__DRS__2019__VID_20190430_112244_868_recorded.mp4,VID 20190430 112244 868 recorded.mp4,True,3460,,Ambiguous match (3 candidates); No recorded action
C:\Users\micro\Documents\Better Up\Media-Manager\to-be-deleted\Lost_Partition-1__OWN__VID__DRS__2019__VID_20190430_113149_037_recorded.mp4,VID 20190430 113149 037 recorded.mp4,True,3462,,Ambiguous match (3 candidates); No recorded action
C:\Users\micro\Documents\Better Up\Media-Manager\to-be-deleted\Lost_Partition-1__OWN__VID__DRS__2019__VID_20190430_113621_125_recorded.mp4,VID 20190430 113621 125 recorded.mp4,True,3464,,Ambiguous match (3 candidates); No recorded action
C:\Users\micro\Documents\Better Up\Media-Manager\to-be-deleted\Lost_Partition-1__OWN__VID__DRS__2019__VID_20190430_113759_905_recorded.mp4,VID 20190430 113759 905 recorded.mp4,True,3466,,Ambiguous match (3 candidates); No recorded action
C:\Users\micro\Documents\Better Up\Media-Manager\to-be-deleted\Lost_Partition-1__OWN__VID__DRS__2019__VID_20190519_143923_100_recorded.mp4,VID 20190519 143923 100 recorded.mp4,True,3470,,Ambiguous match (3 candidates); No recorded action
C:\Users\micro\Documents\Better Up\Media-Manager\to-be-deleted\Lost_Partition-1__OWN__VID__DRS__2019__VID_20190524_072121_706_recorded.mp4,VID 20190524 072121 706 recorded.mp4,True,3472,,Ambiguous match (3 candidates); No recorded action
C:\Users\micro\Documents\Better Up\Media-Manager\to-be-deleted\Lost_Partition-1__OWN__VID__DRS__2019__VID_20190524_072258_984_recorded.mp4,VID 20190524 072258 984 recorded.mp4,True,3474,,Ambiguous match (3 candidates); No recorded action
C:\Users\micro\Documents\Better Up\Media-Manager\to-be-deleted\Lost_Partition-1__OWN__VID__DRS__2019__VID_20190525_045212_578_recorded.mp4,VID 20190525 045212 578 recorded.mp4,True,3476,,Ambiguous match (3 candidates); No recorded action
C:\Users\micro\Documents\Better Up\Media-Manager\to-be-deleted\Lost_Partition-1__OWN__VID__DRS__2019__VID_20190525_045230_804_recorded.mp4,VID 20190525 045230 804 recorded.mp4,True,3478,,Ambiguous match (3 candidates); No recorded action
C:\Users\micro\Documents\Better Up\Media-Manager\to-be-deleted\Lost_Partition-1__OWN__VID__DRS__2019__VID_20190525_051554_965_recorded.mp4,VID 20190525 051554 965 recorded.mp4,True,3481,,Ambiguous match (3 candidates); No recorded action
C:\Users\micro\Documents\Better Up\Media-Manager\to-be-deleted\Lost_Partition-1__OWN__VID__DRS__2019__VID_20190525_051734_490_recorded.mp4,VID 20190525 051734 490 recorded.mp4,True,3483,,Ambiguous match (3 candidates); No recorded action
C:\Users\micro\Documents\Better Up\Media-Manager\to-be-deleted\Lost_Partition-1__OWN__VID__DRS__2019__VID_20190525_101900_123_recorded.mp4,VID 20190525 101900 123 recorded.mp4,True,3485,,Ambiguous match (3 candidates); No recorded action
C:\Users\micro\Documents\Better Up\Media-Manager\to-be-deleted\Lost_Partition-1__OWN__VID__DRS__2019__VID_20190525_102641_748_recorded.mp4,VID 20190525 102641 748 recorded.mp4,True,3487,,Ambiguous match (3 candidates); No recorded action
C:\Users\micro\Documents\Better Up\Media-Manager\to-be-deleted\Lost_Partition-1__OWN__VID__DRS__2019__VID_20190525_102945_103_recorded.mp4,VID 20190525 102945 103 recorded.mp4,True,3489,,Ambiguous match (3 candidates); No recorded action
C:\Users\micro\Documents\Better Up\Media-Manager\to-be-deleted\Lost_Partition-1__OWN__VID__DRS__2019__VID_20190525_103239_192_recorded.mp4,VID 20190525 103239 192 recorded.mp4,True,3491,,Ambiguous match (3 candidates); No recorded action
C:\Users\micro\Documents\Better Up\Media-Manager\to-be-deleted\Lost_Partition-1__OWN__VID__DRS__2019__VID_20190525_103500_103_recorded.mp4,VID 20190525 103500 103 recorded.mp4,True,3493,,Ambiguous match (3 candidates); No recorded action
C:\Users\micro\Documents\Better Up\Media-Manager\to-be-deleted\Lost_Partition-1__OWN__VID__DRS__2019__VID_20190525_103533_658_recorded.mp4,VID 20190525 103533 658 recorded.mp4,True,3495,,Ambiguous match (3 candidates); No recorded action
C:\Users\micro\Documents\Better Up\Media-Manager\to-be-deleted\Lost_Partition-1__OWN__VID__DRS__2019__VID_20190525_104734_450_recorded.mp4,VID 20190525 104734 450 recorded.mp4,True,3497,,Ambiguous match (3 candidates); No recorded action
C:\Users\micro\Documents\Better Up\Media-Manager\to-be-deleted\Lost_Partition-1__OWN__VID__DRS__2019__VID_20190525_104912_964_recorded.mp4,VID 20190525 104912 964 recorded.mp4,True,3499,,Ambiguous match (3 candidates); No recorded action
C:\Users\micro\Documents\Better Up\Media-Manager\to-be-deleted\Lost_Partition-1__OWN__VID__DRS__2019__VID_20190527_053840_804_recorded.mp4,VID 20190527 053840 804 recorded.mp4,True,3501,,Ambiguous match (3 candidates); No recorded action
C:\Users\micro\Documents\Better Up\Media-Manager\to-be-deleted\Lost_Partition-1__OWN__VID__DRS__2019__VID_20190527_054138_016_recorded.mp4,VID 20190527 054138 016 recorded.mp4,True,3503,,Ambiguous match (3 candidates); No recorded action
C:\Users\micro\Documents\Better Up\Media-Manager\to-be-deleted\Lost_Partition-1__OWN__VID__DRS__2019__VID_20190527_054419_509_recorded.mp4,VID 20190527 054419 509 recorded.mp4,True,3505,,Ambiguous match (3 candidates); No recorded action
C:\Users\micro\Documents\Better Up\Media-Manager\to-be-deleted\Lost_Partition-1__OWN__VID__DRS__2019__VID_20190527_054430_355_recorded.mp4,VID 20190527 054430 355 recorded.mp4,True,3507,,Ambiguous match (3 candidates); No recorded action
C:\Users\micro\Documents\Better Up\Media-Manager\to-be-deleted\Lost_Partition-1__OWN__VID__DRS__2019__VID_20190608_165926_051_recorded.mp4,VID 20190608 165926 051 recorded.mp4,True,3509,,Ambiguous match (3 candidates); No recorded action
C:\Users\micro\Documents\Better Up\Media-Manager\to-be-deleted\Lost_Partition-1__OWN__VID__DRS__2019__VID_20190608_170214_617_recorded.mp4,VID 20190608 170214 617 recorded.mp4,True,3511,,Ambiguous match (3 candidates); No recorded action
C:\Users\micro\Documents\Better Up\Media-Manager\to-be-deleted\Lost_Partition-1__OWN__VID__DRS__2019__VID_20190608_170259_009_recorded.mp4,VID 20190608 170259 009 recorded.mp4,True,3513,,Ambiguous match (3 candidates); No recorded action
C:\Users\micro\Documents\Better Up\Media-Manager\to-be-deleted\Lost_Partition-1__OWN__VID__DRS__2019__VID_20190608_170948_424_recorded.mp4,VID 20190608 170948 424 recorded.mp4,True,3515,,Ambiguous match (3 candidates); No recorded action
C:\Users\micro\Documents\Better Up\Media-Manager\to-be-deleted\Lost_Partition-1__OWN__VID__DRS__2019__VID_20190608_171235_231_recorded.mp4,VID 20190608 171235 231 recorded.mp4,True,3517,,Ambiguous match (3 candidates); No recorded action
C:\Users\micro\Documents\Better Up\Media-Manager\to-be-deleted\Lost_Partition-1__OWN__VID__DRS__2019__VID_20190608_171602_637_recorded.mp4,VID 20190608 171602 637 recorded.mp4,True,3519,,Ambiguous match (3 candidates); No recorded action
C:\Users\micro\Documents\Better Up\Media-Manager\to-be-deleted\Lost_Partition-1__OWN__VID__DRS__2019__VID_20190608_171644_303_recorded.mp4,VID 20190608 171644 303 recorded.mp4,True,3523,,Ambiguous match (3 candidates); No recorded action
C:\Users\micro\Documents\Better Up\Media-Manager\to-be-deleted\Lost_Partition-1__OWN__VID__DRS__2019__VID_20190608_172105_952_recorded.mp4,VID 20190608 172105 952 recorded.mp4,True,3525,,Ambiguous match (3 candidates); No recorded action
C:\Users\micro\Documents\Better Up\Media-Manager\to-be-deleted\Lost_Partition-1__OWN__VID__DRS__2019__VID_20190608_172134_380_recorded.mp4,VID 20190608 172134 380 recorded.mp4,True,3527,,Ambiguous match (3 candidates); No recorded action
C:\Users\micro\Documents\Better Up\Media-Manager\to-be-deleted\Lost_Partition-1__OWN__VID__DRS__2019__VID_20190608_172249_991_recorded.mp4,VID 20190608 172249 991 recorded.mp4,True,3529,,Ambiguous match (3 candidates); No recorded action
C:\Users\micro\Documents\Better Up\Media-Manager\to-be-deleted\Lost_Partition-1__OWN__VID__DRS__2019__VID_20190608_172729_116_recorded.mp4,VID 20190608 172729 116 recorded.mp4,True,3532,,Ambiguous match (3 candidates); No recorded action
C:\Users\micro\Documents\Better Up\Media-Manager\to-be-deleted\Lost_Partition-1__OWN__VID__DRS__2019__VID_20190608_173029_097_recorded.mp4,VID 20190608 173029 097 recorded.mp4,True,3534,,Ambiguous match (3 candidates); No recorded action
C:\Users\micro\Documents\Better Up\Media-Manager\to-be-deleted\Lost_Partition-1__OWN__VID__DRS__2019__VID_20190617_062836_400_recorded.mp4,VID 20190617 062836 400 recorded.mp4,True,3536,,Ambiguous match (3 candidates); No recorded action
C:\Users\micro\Documents\Better Up\Media-Manager\to-be-deleted\Lost_Partition-1__OWN__VID__DRS__2019__VID_20190617_062932_018_recorded.mp4,VID 20190617 062932 018 recorded.mp4,True,3538,,Ambiguous match (3 candidates); No recorded action
C:\Users\micro\Documents\Better Up\Media-Manager\to-be-deleted\Lost_Partition-1__OWN__VID__DRS__2019__VID_20190718_063748_358_recorded.mp4,VID 20190718 063748 358 recorded.mp4,True,3540,,Ambiguous match (3 candidates); No recorded action
C:\Users\micro\Documents\Better Up\Media-Manager\to-be-deleted\Lost_Partition-1__OWN__VID__DRS__2019__VID_20190725_041754_508_recorded.mp4,VID 20190725 041754 508 recorded.mp4,True,3542,,Ambiguous match (3 candidates); No recorded action
C:\Users\micro\Documents\Better Up\Media-Manager\to-be-deleted\Lost_Partition-1__OWN__VID__DRS__2019__VID_20190730_065332_032_recorded.mp4,VID 20190730 065332 032 recorded.mp4,True,3544,,Ambiguous match (3 candidates); No recorded action
C:\Users\micro\Documents\Better Up\Media-Manager\to-be-deleted\Lost_Partition-1__OWN__VID__DRS__2019__VID_20190803_122041_777_recorded.mp4,VID 20190803 122041 777 recorded.mp4,True,3546,,Ambiguous match (3 candidates); No recorded action
C:\Users\micro\Documents\Better Up\Media-Manager\to-be-deleted\Lost_Partition-1__OWN__VID__DRS__2019__VID_20190803_122334_871_recorded.mp4,VID 20190803 122334 871 recorded.mp4,True,3548,,Ambiguous match (3 candidates); No recorded action
C:\Users\micro\Documents\Better Up\Media-Manager\to-be-deleted\Lost_Partition-1__OWN__VID__DRS__2019__VID_20190803_122441_819_recorded.mp4,VID 20190803 122441 819 recorded.mp4,True,3550,,Ambiguous match (3 candidates); No recorded action
C:\Users\micro\Documents\Better Up\Media-Manager\to-be-deleted\Lost_Partition-1__OWN__VID__DRS__2019__VID_20190803_122608_770_recorded.mp4,VID 20190803 122608 770 recorded.mp4,True,3552,,Ambiguous match (3 candidates); No recorded action
C:\Users\micro\Documents\Better Up\Media-Manager\to-be-deleted\Lost_Partition-1__OWN__VID__DRS__2019__VID_20190803_123004_269_recorded.mp4,VID 20190803 123004 269 recorded.mp4,True,3554,,Ambiguous match (3 candidates); No recorded action
C:\Users\micro\Documents\Better Up\Media-Manager\to-be-deleted\Lost_Partition-1__OWN__VID__DRS__2019__VID_20190803_123341_343_recorded.mp4,VID 20190803 123341 343 recorded.mp4,True,3556,,Ambiguous match (3 candidates); No recorded action
C:\Users\micro\Documents\Better Up\Media-Manager\to-be-deleted\Lost_Partition-1__OWN__VID__DRS__2019__VID_20190803_123658_856_recorded.mp4,VID 20190803 123658 856 recorded.mp4,True,3558,,Ambiguous match (3 candidates); No recorded action
C:\Users\micro\Documents\Better Up\Media-Manager\to-be-deleted\Lost_Partition-1__OWN__VID__DRS__2019__VID_20190803_123954_356_recorded.mp4,VID 20190803 123954 356 recorded.mp4,True,3560,,Ambiguous match (3 candidates); No recorded action
C:\Users\micro\Documents\Better Up\Media-Manager\to-be-deleted\Lost_Partition-1__OWN__VID__DRS__2019__VID_20190803_124331_479_recorded.mp4,VID 20190803 124331 479 recorded.mp4,True,3562,,Ambiguous match (3 candidates); No recorded action
C:\Users\micro\Documents\Better Up\Media-Manager\to-be-deleted\Lost_Partition-1__OWN__VID__DRS__2019__VID_20190803_125809_424_recorded.mp4,VID 20190803 125809 424 recorded.mp4,True,3568,,Ambiguous match (3 candidates); No recorded action
C:\Users\micro\Documents\Better Up\Media-Manager\to-be-deleted\Lost_Partition-1__OWN__VID__DRS__2019__VID_20190804_091912_118_recorded.mp4,VID 20190804 091912 118 recorded.mp4,True,3580,,Ambiguous match (3 candidates); No recorded action
C:\Users\micro\Documents\Better Up\Media-Manager\to-be-deleted\Lost_Partition-1__OWN__VID__DRS__2019__VID_20190804_092705_020_recorded.mp4,VID 20190804 092705 020 recorded.mp4,True,3583,,Ambiguous match (3 candidates); No recorded action
C:\Users\micro\Documents\Better Up\Media-Manager\to-be-deleted\Lost_Partition-1__OWN__VID__DRS__2019__VID_20190804_094242_535_recorded.mp4,VID 20190804 094242 535 recorded.mp4,True,3586,,Ambiguous match (3 candidates); No recorded action
C:\Users\micro\Documents\Better Up\Media-Manager\to-be-deleted\Lost_Partition-1__OWN__VID__DRS__2019__VID_20190804_094615_410_recorded.mp4,VID 20190804 094615 410 recorded.mp4,True,3589,,Ambiguous match (3 candidates); No recorded action
C:\Users\micro\Documents\Better Up\Media-Manager\to-be-deleted\Lost_Partition-1__OWN__VID__DRS__2019__VID_20190804_095832_976_recorded.mp4,VID 20190804 095832 976 recorded.mp4,True,3592,,Ambiguous match (3 candidates); No recorded action
C:\Users\micro\Documents\Better Up\Media-Manager\to-be-deleted\Lost_Partition-1__OWN__VID__DRS__2019__VID_20190804_100132_200_recorded.mp4,VID 20190804 100132 200 recorded.mp4,True,3595,,Ambiguous match (3 candidates); No recorded action
C:\Users\micro\Documents\Better Up\Media-Manager\to-be-deleted\Lost_Partition-1__OWN__VID__DRS__2019__VID_20190804_121547_765_recorded.mp4,VID 20190804 121547 765 recorded.mp4,True,3598,,Ambiguous match (3 candidates); No recorded action
C:\Users\micro\Documents\Better Up\Media-Manager\to-be-deleted\Lost_Partition-1__OWN__VID__DRS__2019__VID_20190804_122500_344_recorded.mp4,VID 20190804 122500 344 recorded.mp4,True,3604,,Ambiguous match (3 candidates); No recorded action
C:\Users\micro\Documents\Better Up\Media-Manager\to-be-deleted\Lost_Partition-1__OWN__VID__DRS__2019__VID_20190804_123354_926_recorded.mp4,VID 20190804 123354 926 recorded.mp4,True,3610,,Ambiguous match (3 candidates); No recorded action
C:\Users\micro\Documents\Better Up\Media-Manager\to-be-deleted\Lost_Partition-1__OWN__VID__DRS__2019__VID_20190804_123739_021_recorded.mp4,VID 20190804 123739 021 recorded.mp4,True,3613,,Ambiguous match (3 candidates); No recorded action
C:\Users\micro\Documents\Better Up\Media-Manager\to-be-deleted\Lost_Partition-1__OWN__VID__DRS__2019__VID_20190804_124131_241_recorded.mp4,VID 20190804 124131 241 recorded.mp4,True,3616,,Ambiguous match (3 candidates); No recorded action
C:\Users\micro\Documents\Better Up\Media-Manager\to-be-deleted\Lost_Partition-1__OWN__VID__DRS__2019__VID_20190804_124157_321_recorded.mp4,VID 20190804 124157 321 recorded.mp4,True,3619,,Ambiguous match (3 candidates); No recorded action
C:\Users\micro\Documents\Better Up\Media-Manager\to-be-deleted\Lost_Partition-1__OWN__VID__DRS__2019__VID_20190805_070300_873_recorded.mp4,VID 20190805 070300 873 recorded.mp4,True,3622,,Ambiguous match (3 candidates); No recorded action
C:\Users\micro\Documents\Better Up\Media-Manager\to-be-deleted\Lost_Partition-1__OWN__VID__DRS__2019__VID_20190808_040000_123_recorded.mp4,VID 20190808 040000 123 recorded.mp4,True,3626,,Ambiguous match (3 candidates); No recorded action
C:\Users\micro\Documents\Better Up\Media-Manager\to-be-deleted\Lost_Partition-1__OWN__VID__DRS__2019__VID_20190808_040934_811_recorded.mp4,VID 20190808 040934 811 recorded.mp4,True,3629,,Ambiguous match (3 candidates); No recorded action
C:\Users\micro\Documents\Better Up\Media-Manager\to-be-deleted\Lost_Partition-1__OWN__VID__DRS__2019__VID_20190808_041226_461_recorded.mp4,VID 20190808 041226 461 recorded.mp4,True,3632,,Ambiguous match (3 candidates); No recorded action
C:\Users\micro\Documents\Better Up\Media-Manager\to-be-deleted\Lost_Partition-1__OWN__VID__DRS__2019__VID_20190808_041529_800_recorded.mp4,VID 20190808 041529 800 recorded.mp4,True,3635,,Ambiguous match (3 candidates); No recorded action
C:\Users\micro\Documents\Better Up\Media-Manager\to-be-deleted\Lost_Partition-1__OWN__VID__DRS__2019__VID_20190808_041856_468_recorded.mp4,VID 20190808 041856 468 recorded.mp4,True,3638,,Ambiguous match (3 candidates); No recorded action
C:\Users\micro\Documents\Better Up\Media-Manager\to-be-deleted\Lost_Partition-1__OWN__VID__DRS__2019__VID_20190808_042141_847_recorded.mp4,VID 20190808 042141 847 recorded.mp4,True,3641,,Ambiguous match (3 candidates); No recorded action
C:\Users\micro\Documents\Better Up\Media-Manager\to-be-deleted\Lost_Partition-1__OWN__VID__DRS__2019__VID_20190808_043846_043_recorded.mp4,VID 20190808 043846 043 recorded.mp4,True,3644,,Ambiguous match (3 candidates); No recorded action
C:\Users\micro\Documents\Better Up\Media-Manager\to-be-deleted\Lost_Partition-1__OWN__VID__DRS__2019__VID_20190808_043922_798_recorded.mp4,VID 20190808 043922 798 recorded.mp4,True,3647,,Ambiguous match (3 candidates); No recorded action
C:\Users\micro\Documents\Better Up\Media-Manager\to-be-deleted\Lost_Partition-1__OWN__VID__DRS__2019__VID_20190808_043940_098_recorded.mp4,VID 20190808 043940 098 recorded.mp4,True,3650,,Ambiguous match (3 candidates); No recorded action
C:\Users\micro\Documents\Better Up\Media-Manager\to-be-deleted\Lost_Partition-1__OWN__VID__DRS__2019__VID_20190810_123332_856_recorded.mp4,VID 20190810 123332 856 recorded.mp4,True,3656,,Ambiguous match (3 candidates); No recorded action
C:\Users\micro\Documents\Better Up\Media-Manager\to-be-deleted\Lost_Partition-1__OWN__VID__DRS__2019__VID_20190811_042705_076_recorded.mp4,VID 20190811 042705 076 recorded.mp4,True,3659,,Ambiguous match (3 candidates); No recorded action
C:\Users\micro\Documents\Better Up\Media-Manager\to-be-deleted\Lost_Partition-1__OWN__VID__DRS__2019__VID_20190811_043607_009_recorded.mp4,VID 20190811 043607 009 recorded.mp4,True,3662,,Ambiguous match (3 candidates); No recorded action
C:\Users\micro\Documents\Better Up\Media-Manager\to-be-deleted\Lost_Partition-1__OWN__VID__DRS__2019__VID_20190811_045443_510_recorded.mp4,VID 20190811 045443 510 recorded.mp4,True,3665,,Ambiguous match (3 candidates); No recorded action
C:\Users\micro\Documents\Better Up\Media-Manager\to-be-deleted\Lost_Partition-1__OWN__VID__DRS__2019__VID_20190811_045750_472_recorded.mp4,VID 20190811 045750 472 recorded.mp4,True,3668,,Ambiguous match (3 candidates); No recorded action
C:\Users\micro\Documents\Better Up\Media-Manager\to-be-deleted\Lost_Partition-1__OWN__VID__DRS__2019__VID_20190811_050100_182_recorded.mp4,VID 20190811 050100 182 recorded.mp4,True,3671,,Ambiguous match (3 candidates); No recorded action
C:\Users\micro\Documents\Better Up\Media-Manager\to-be-deleted\Lost_Partition-1__OWN__VID__DRS__2019__VID_20190811_050410_471_recorded.mp4,VID 20190811 050410 471 recorded.mp4,True,3674,,Ambiguous match (3 candidates); No recorded action
C:\Users\micro\Documents\Better Up\Media-Manager\to-be-deleted\Lost_Partition-1__OWN__VID__DRS__2019__VID_20190811_094930_036_recorded.mp4,VID 20190811 094930 036 recorded.mp4,True,3677,,Ambiguous match (3 candidates); No recorded action
C:\Users\micro\Documents\Better Up\Media-Manager\to-be-deleted\Lost_Partition-1__OWN__VID__DRS__2019__VID_20190814_041452_340_recorded.mp4,VID 20190814 041452 340 recorded.mp4,True,3680,,Ambiguous match (3 candidates); No recorded action
C:\Users\micro\Documents\Better Up\Media-Manager\to-be-deleted\Lost_Partition-1__OWN__VID__DRS__2019__VID_20190814_043148_542_recorded.mp4,VID 20190814 043148 542 recorded.mp4,True,3683,,Ambiguous match (3 candidates); No recorded action
C:\Users\micro\Documents\Better Up\Media-Manager\to-be-deleted\Lost_Partition-1__OWN__VID__DRS__2019__VID_20190814_043733_617_recorded.mp4,VID 20190814 043733 617 recorded.mp4,True,3686,,Ambiguous match (3 candidates); No recorded action
C:\Users\micro\Documents\Better Up\Media-Manager\to-be-deleted\Lost_Partition-1__OWN__VID__DRS__2019__VID_20190814_044111_900_recorded.mp4,VID 20190814 044111 900 recorded.mp4,True,3689,,Ambiguous match (3 candidates); No recorded action
C:\Users\micro\Documents\Better Up\Media-Manager\to-be-deleted\Lost_Partition-1__OWN__VID__DRS__2019__VID_20190814_044141_208_recorded.mp4,VID 20190814 044141 208 recorded.mp4,True,3692,,Ambiguous match (3 candidates); No recorded action
C:\Users\micro\Documents\Better Up\Media-Manager\to-be-deleted\Lost_Partition-1__OWN__VID__DRS__2019__VID_20190814_044243_430_recorded.mp4,VID 20190814 044243 430 recorded.mp4,True,3695,,Ambiguous match (3 candidates); No recorded action
C:\Users\micro\Documents\Better Up\Media-Manager\to-be-deleted\Lost_Partition-1__OWN__VID__DRS__2019__VID_20190814_050336_146_recorded.mp4,VID 20190814 050336 146 recorded.mp4,True,3698,,Ambiguous match (3 candidates); No recorded action
C:\Users\micro\Documents\Better Up\Media-Manager\to-be-deleted\Lost_Partition-1__OWN__VID__DRS__2019__VID_20190814_050407_306_recorded.mp4,VID 20190814 050407 306 recorded.mp4,True,3701,,Ambiguous match (3 candidates); No recorded action
C:\Users\micro\Documents\Better Up\Media-Manager\to-be-deleted\Lost_Partition-1__OWN__VID__DRS__2019__VID_20190814_052058_558_recorded.mp4,VID 20190814 052058 558 recorded.mp4,True,3704,,Ambiguous match (3 candidates); No recorded action
C:\Users\micro\Documents\Better Up\Media-Manager\to-be-deleted\Lost_Partition-1__OWN__VID__DRS__2019__VID_20190814_052556_533_recorded.mp4,VID 20190814 052556 533 recorded.mp4,True,3707,,Ambiguous match (3 candidates); No recorded action
C:\Users\micro\Documents\Better Up\Media-Manager\to-be-deleted\Lost_Partition-1__OWN__VID__DRS__2019__VID_20190814_052851_439_recorded.mp4,VID 20190814 052851 439 recorded.mp4,True,3710,,Ambiguous match (3 candidates); No recorded action
C:\Users\micro\Documents\Better Up\Media-Manager\to-be-deleted\Lost_Partition-1__OWN__VID__DRS__2019__VID_20190814_053006_113_recorded.mp4,VID 20190814 053006 113 recorded.mp4,True,3713,,Ambiguous match (3 candidates); No recorded action
C:\Users\micro\Documents\Better Up\Media-Manager\to-be-deleted\Lost_Partition-1__OWN__VID__DRS__2019__VID_20190816_093957_287_recorded.mp4,VID 20190816 093957 287 recorded.mp4,True,3716,,Ambiguous match (3 candidates); No recorded action
C:\Users\micro\Documents\Better Up\Media-Manager\to-be-deleted\Lost_Partition-1__OWN__VID__DRS__2019__VID_20190816_094422_817_recorded.mp4,VID 20190816 094422 817 recorded.mp4,True,3719,,Ambiguous match (3 candidates); No recorded action
C:\Users\micro\Documents\Better Up\Media-Manager\to-be-deleted\Lost_Partition-1__OWN__VID__DRS__2019__VID_20190816_095154_430_recorded.mp4,VID 20190816 095154 430 recorded.mp4,True,3722,,Ambiguous match (3 candidates); No recorded action
C:\Users\micro\Documents\Better Up\Media-Manager\to-be-deleted\Lost_Partition-1__OWN__VID__DRS__2019__VID_20190816_100645_012_recorded.mp4,VID 20190816 100645 012 recorded.mp4,True,3725,,Ambiguous match (3 candidates); No recorded action
C:\Users\micro\Documents\Better Up\Media-Manager\to-be-deleted\Lost_Partition-1__OWN__VID__DRS__2019__VID_20190816_100715_147_recorded.mp4,VID 20190816 100715 147 recorded.mp4,True,3728,,Ambiguous match (3 candidates); No recorded action
C:\Users\micro\Documents\Better Up\Media-Manager\to-be-deleted\Lost_Partition-1__OWN__VID__DRS__2019__VID_20190816_100742_722_recorded.mp4,VID 20190816 100742 722 recorded.mp4,True,3731,,Ambiguous match (3 candidates); No recorded action
C:\Users\micro\Documents\Better Up\Media-Manager\to-be-deleted\Lost_Partition-1__OWN__VID__DRS__2019__VID_20190816_100802_860_recorded.mp4,VID 20190816 100802 860 recorded.mp4,True,3734,,Ambiguous match (3 candidates); No recorded action
C:\Users\micro\Documents\Better Up\Media-Manager\to-be-deleted\Lost_Partition-1__OWN__VID__DRS__2019__VID_20190816_100822_045_recorded.mp4,VID 20190816 100822 045 recorded.mp4,True,3737,,Ambiguous match (3 candidates); No recorded action
C:\Users\micro\Documents\Better Up\Media-Manager\to-be-deleted\Lost_Partition-1__OWN__VID__DRS__2019__VID_20190816_100838_055_recorded.mp4,VID 20190816 100838 055 recorded.mp4,True,3740,,Ambiguous match (3 candidates); No recorded action
C:\Users\micro\Documents\Better Up\Media-Manager\to-be-deleted\Lost_Partition-1__OWN__VID__DRS__2019__VID_20190816_100851_015_recorded.mp4,VID 20190816 100851 015 recorded.mp4,True,3743,,Ambiguous match (3 candidates); No recorded action
C:\Users\micro\Documents\Better Up\Media-Manager\to-be-deleted\Lost_Partition-1__OWN__VID__DRS__2019__VID_20190816_100904_196_recorded.mp4,VID 20190816 100904 196 recorded.mp4,True,3746,,Ambiguous match (3 candidates); No recorded action
C:\Users\micro\Documents\Better Up\Media-Manager\to-be-deleted\Lost_Partition-1__OWN__VID__DRS__2019__VID_20190816_101134_232_recorded.mp4,VID 20190816 101134 232 recorded.mp4,True,3752,,Ambiguous match (3 candidates); No recorded action
C:\Users\micro\Documents\Better Up\Media-Manager\to-be-deleted\Lost_Partition-1__OWN__VID__DRS__2019__VID_20190818_092756_645_recorded.mp4,VID 20190818 092756 645 recorded.mp4,True,3755,,Ambiguous match (3 candidates); No recorded action
C:\Users\micro\Documents\Better Up\Media-Manager\to-be-deleted\Lost_Partition-1__OWN__VID__DRS__2019__VID_20190818_092936_432_recorded.mp4,VID 20190818 092936 432 recorded.mp4,True,3758,,Ambiguous match (3 candidates); No recorded action
C:\Users\micro\Documents\Better Up\Media-Manager\to-be-deleted\Lost_Partition-1__OWN__VID__DRS__2019__VID_20190818_093255_693_recorded.mp4,VID 20190818 093255 693 recorded.mp4,True,3761,,Ambiguous match (3 candidates); No recorded action
C:\Users\micro\Documents\Better Up\Media-Manager\to-be-deleted\Lost_Partition-1__OWN__VID__DRS__2019__VID_20190818_094048_164_recorded.mp4,VID 20190818 094048 164 recorded.mp4,True,3764,,Ambiguous match (3 candidates); No recorded action
C:\Users\micro\Documents\Better Up\Media-Manager\to-be-deleted\Lost_Partition-1__OWN__VID__DRS__2019__VID_20190818_094342_328_recorded.mp4,VID 20190818 094342 328 recorded.mp4,True,3767,,Ambiguous match (3 candidates); No recorded action
C:\Users\micro\Documents\Better Up\Media-Manager\to-be-deleted\Lost_Partition-1__OWN__VID__DRS__2019__VID_20190818_094510_722_recorded.mp4,VID 20190818 094510 722 recorded.mp4,True,3773,,Ambiguous match (3 candidates); No recorded action
C:\Users\micro\Documents\Better Up\Media-Manager\to-be-deleted\Lost_Partition-1__OWN__VID__DRS__2019__VID_20190824_082501_788_recorded.mp4,VID 20190824 082501 788 recorded.mp4,True,3779,,Ambiguous match (3 candidates); No recorded action
C:\Users\micro\Documents\Better Up\Media-Manager\to-be-deleted\Lost_Partition-1__OWN__VID__DRS__2019__VID_20190824_082803_389_recorded.mp4,VID 20190824 082803 389 recorded.mp4,True,3782,,Ambiguous match (3 candidates); No recorded action
C:\Users\micro\Documents\Better Up\Media-Manager\to-be-deleted\Lost_Partition-1__OWN__VID__DRS__2019__VID_20190824_083134_289_recorded.mp4,VID 20190824 083134 289 recorded.mp4,True,3785,,Ambiguous match (3 candidates); No recorded action
C:\Users\micro\Documents\Better Up\Media-Manager\to-be-deleted\Lost_Partition-1__OWN__VID__DRS__2019__VID_20190824_083433_030_recorded.mp4,VID 20190824 083433 030 recorded.mp4,True,3788,,Ambiguous match (3 candidates); No recorded action
C:\Users\micro\Documents\Better Up\Media-Manager\to-be-deleted\Lost_Partition-1__OWN__VID__DRS__2019__VID_20190825_171358_853_recorded.mp4,VID 20190825 171358 853 recorded.mp4,True,3791,,Ambiguous match (3 candidates); No recorded action
C:\Users\micro\Documents\Better Up\Media-Manager\to-be-deleted\Lost_Partition-1__OWN__VID__DRS__2019__VID_20190825_171554_299_recorded.mp4,VID 20190825 171554 299 recorded.mp4,True,3794,,Ambiguous match (3 candidates); No recorded action
C:\Users\micro\Documents\Better Up\Media-Manager\to-be-deleted\Lost_Partition-1__OWN__VID__DRS__2019__VID_20190825_172008_121_recorded.mp4,VID 20190825 172008 121 recorded.mp4,True,3797,,Ambiguous match (3 candidates); No recorded action
C:\Users\micro\Documents\Better Up\Media-Manager\to-be-deleted\Lost_Partition-1__OWN__VID__DRS__2019__VID_20190825_173613_628_recorded.mp4,VID 20190825 173613 628 recorded.mp4,True,3801,,Ambiguous match (3 candidates); No recorded action
C:\Users\micro\Documents\Better Up\Media-Manager\to-be-deleted\Lost_Partition-1__OWN__VID__DRS__2019__VID_20190825_174105_607_recorded.mp4,VID 20190825 174105 607 recorded.mp4,True,3804,,Ambiguous match (3 candidates); No recorded action
C:\Users\micro\Documents\Better Up\Media-Manager\to-be-deleted\Lost_Partition-1__OWN__VID__DRS__2019__VID_20190825_174603_641_recorded.mp4,VID 20190825 174603 641 recorded.mp4,True,3807,,Ambiguous match (3 candidates); No recorded action
C:\Users\micro\Documents\Better Up\Media-Manager\to-be-deleted\Lost_Partition-1__OWN__VID__DRS__2019__VID_20190825_174851_707_recorded.mp4,VID 20190825 174851 707 recorded.mp4,True,3810,,Ambiguous match (3 candidates); No recorded action
C:\Users\micro\Documents\Better Up\Media-Manager\to-be-deleted\Lost_Partition-1__OWN__VID__DRS__2019__VID_20190825_175130_075_recorded.mp4,VID 20190825 175130 075 recorded.mp4,True,3816,,Ambiguous match (3 candidates); No recorded action
C:\Users\micro\Documents\Better Up\Media-Manager\to-be-deleted\Lost_Partition-1__OWN__VID__DRS__2019__VID_20190825_175415_222_recorded.mp4,VID 20190825 175415 222 recorded.mp4,True,3819,,Ambiguous match (3 candidates); No recorded action
C:\Users\micro\Documents\Better Up\Media-Manager\to-be-deleted\Lost_Partition-1__OWN__VID__DRS__2019__VID_20190825_175706_436_recorded.mp4,VID 20190825 175706 436 recorded.mp4,True,3822,,Ambiguous match (3 candidates); No recorded action
C:\Users\micro\Documents\Better Up\Media-Manager\to-be-deleted\Lost_Partition-1__OWN__VID__DRS__2019__VID_20190825_175854_989_recorded.mp4,VID 20190825 175854 989 recorded.mp4,True,3825,,Ambiguous match (3 candidates); No recorded action
C:\Users\micro\Documents\Better Up\Media-Manager\to-be-deleted\Lost_Partition-1__OWN__VID__DRS__2019__VID_20190825_180222_819_recorded.mp4,VID 20190825 180222 819 recorded.mp4,True,3828,,Ambiguous match (3 candidates); No recorded action
C:\Users\micro\Documents\Better Up\Media-Manager\to-be-deleted\Lost_Partition-1__OWN__VID__DRS__2019__VID_20190825_180515_674_recorded.mp4,VID 20190825 180515 674 recorded.mp4,True,3831,,Ambiguous match (3 candidates); No recorded action
C:\Users\micro\Documents\Better Up\Media-Manager\to-be-deleted\Lost_Partition-1__OWN__VID__DRS__2019__VID_20190828_072148_574_recorded.mp4,VID 20190828 072148 574 recorded.mp4,True,3840,,Ambiguous match (3 candidates); No recorded action
C:\Users\micro\Documents\Better Up\Media-Manager\to-be-deleted\Lost_Partition-1__OWN__VID__DRS__2019__VID_20190828_072455_050_recorded.mp4,VID 20190828 072455 050 recorded.mp4,True,3843,,Ambiguous match (3 candidates); No recorded action
C:\Users\micro\Documents\Better Up\Media-Manager\to-be-deleted\Lost_Partition-1__OWN__VID__DRS__2019__VID_20190830_043503_769_recorded.mp4,VID 20190830 043503 769 recorded.mp4,True,3846,,Ambiguous match (3 candidates); No recorded action
C:\Users\micro\Documents\Better Up\Media-Manager\to-be-deleted\Lost_Partition-1__OWN__VID__DRS__2019__VID_20190830_043741_579_recorded.mp4,VID 20190830 043741 579 recorded.mp4,True,3849,,Ambiguous match (3 candidates); No recorded action
C:\Users\micro\Documents\Better Up\Media-Manager\to-be-deleted\Lost_Partition-1__OWN__VID__DRS__2019__VID_20190830_052314_691_recorded.mp4,VID 20190830 052314 691 recorded.mp4,True,3855,,Ambiguous match (3 candidates); No recorded action
C:\Users\micro\Documents\Better Up\Media-Manager\to-be-deleted\Lost_Partition-1__OWN__VID__DRS__2019__VID_20190830_052658_977_recorded.mp4,VID 20190830 052658 977 recorded.mp4,True,3858,,Ambiguous match (3 candidates); No recorded action
C:\Users\micro\Documents\Better Up\Media-Manager\to-be-deleted\Lost_Partition-1__OWN__VID__DRS__2019__VID_20190922_164823_878_recorded.mp4,VID 20190922 164823 878 recorded.mp4,True,3861,,Ambiguous match (3 candidates); No recorded action
C:\Users\micro\Documents\Better Up\Media-Manager\to-be-deleted\Lost_Partition-1__OWN__VID__DRS__2019__VID_20190922_165613_688_recorded.mp4,VID 20190922 165613 688 recorded.mp4,True,3865,,Ambiguous match (3 candidates); No recorded action
C:\Users\micro\Documents\Better Up\Media-Manager\to-be-deleted\Lost_Partition-1__OWN__VID__DRS__2019__VID_20190922_170150_642_recorded.mp4,VID 20190922 170150 642 recorded.mp4,True,3868,,Ambiguous match (3 candidates); No recorded action
C:\Users\micro\Documents\Better Up\Media-Manager\to-be-deleted\Lost_Partition-1__OWN__VID__DRS__2019__VID_20190922_170427_834_recorded.mp4,VID 20190922 170427 834 recorded.mp4,True,3871,,Ambiguous match (3 candidates); No recorded action
C:\Users\micro\Documents\Better Up\Media-Manager\to-be-deleted\Lost_Partition-1__OWN__VID__DRS__2019__VID_20190922_170728_048_recorded.mp4,VID 20190922 170728 048 recorded.mp4,True,3874,,Ambiguous match (3 candidates); No recorded action
C:\Users\micro\Documents\Better Up\Media-Manager\to-be-deleted\Lost_Partition-1__OWN__VID__DRS__2019__VID_20190922_171023_518_recorded.mp4,VID 20190922 171023 518 recorded.mp4,True,3880,,Ambiguous match (3 candidates); No recorded action
C:\Users\micro\Documents\Better Up\Media-Manager\to-be-deleted\Lost_Partition-1__OWN__VID__DRS__2019__VID_20190922_171317_129_recorded.mp4,VID 20190922 171317 129 recorded.mp4,True,3883,,Ambiguous match (3 candidates); No recorded action
C:\Users\micro\Documents\Better Up\Media-Manager\to-be-deleted\Lost_Partition-1__OWN__VID__DRS__2019__VID_20190922_171540_345_recorded.mp4,VID 20190922 171540 345 recorded.mp4,True,3886,,Ambiguous match (3 candidates); No recorded action
C:\Users\micro\Documents\Better Up\Media-Manager\to-be-deleted\Lost_Partition-1__OWN__VID__DRS__2019__VID_20190922_172717_630_recorded.mp4,VID 20190922 172717 630 recorded.mp4,True,3889,,Ambiguous match (3 candidates); No recorded action
C:\Users\micro\Documents\Better Up\Media-Manager\to-be-deleted\Lost_Partition-1__OWN__VID__DRS__2019__VID_20190922_173116_612_recorded.mp4,VID 20190922 173116 612 recorded.mp4,True,3892,,Ambiguous match (3 candidates); No recorded action
C:\Users\micro\Documents\Better Up\Media-Manager\to-be-deleted\Lost_Partition-1__OWN__VID__DRS__2019__VID_20190930_044633_428_recorded.mp4,VID 20190930 044633 428 recorded.mp4,True,3895,,Ambiguous match (3 candidates); No recorded action
C:\Users\micro\Documents\Better Up\Media-Manager\to-be-deleted\Lost_Partition-1__OWN__VID__DRS__2019__VID_20190930_044819_644_recorded.mp4,VID 20190930 044819 644 recorded.mp4,True,3898,,Ambiguous match (3 candidates); No recorded action
C:\Users\micro\Documents\Better Up\Media-Manager\to-be-deleted\Lost_Partition-1__OWN__VID__DRS__2019__VID_20190930_070248_433_recorded.mp4,VID 20190930 070248 433 recorded.mp4,True,3904,,Ambiguous match (3 candidates); No recorded action
C:\Users\micro\Documents\Better Up\Media-Manager\to-be-deleted\Lost_Partition-1__OWN__VID__DRS__2019__VID_20191007_181716_991_recorded.mp4,VID 20191007 181716 991 recorded.mp4,True,3914,,Ambiguous match (3 candidates); No recorded action
C:\Users\micro\Documents\Better Up\Media-Manager\to-be-deleted\Lost_Partition-1__OWN__VID__DRS__2019__VID_20191009_012258_523_recorded.mp4,VID 20191009 012258 523 recorded.mp4,True,3917,,Ambiguous match (3 candidates); No recorded action
C:\Users\micro\Documents\Better Up\Media-Manager\to-be-deleted\Lost_Partition-1__OWN__VID__DRS__2019__VID_20191009_012835_727_recorded.mp4,VID 20191009 012835 727 recorded.mp4,True,3933,,Ambiguous match (3 candidates); No recorded action
C:\Users\micro\Documents\Better Up\Media-Manager\to-be-deleted\Lost_Partition-1__OWN__VID__DRS__2019__VID_20191009_042205_218_recorded.mp4,VID 20191009 042205 218 recorded.mp4,True,3936,,Ambiguous match (3 candidates); No recorded action
C:\Users\micro\Documents\Better Up\Media-Manager\to-be-deleted\Lost_Partition-1__OWN__VID__DRS__2019__VID_20191013_055628_882_recorded.mp4,VID 20191013 055628 882 recorded.mp4,True,3946,,Ambiguous match (3 candidates); No recorded action
C:\Users\micro\Documents\Better Up\Media-Manager\to-be-deleted\Lost_Partition-1__OWN__VID__DRS__2019__VID_20191013_093010_818_recorded.mp4,VID 20191013 093010 818 recorded.mp4,True,3949,,Ambiguous match (3 candidates); No recorded action
C:\Users\micro\Documents\Better Up\Media-Manager\to-be-deleted\Lost_Partition-1__OWN__VID__DRS__2019__VID_20191013_093437_707_recorded.mp4,VID 20191013 093437 707 recorded.mp4,True,3952,,Ambiguous match (3 candidates); No recorded action
C:\Users\micro\Documents\Better Up\Media-Manager\to-be-deleted\Lost_Partition-1__OWN__VID__DRS__2019__VID_20191013_093815_954_recorded.mp4,VID 20191013 093815 954 recorded.mp4,True,3955,,Ambiguous match (3 candidates); No recorded action
C:\Users\micro\Documents\Better Up\Media-Manager\to-be-deleted\Lost_Partition-1__OWN__VID__DRS__2019__VID_20191013_094116_259_recorded.mp4,VID 20191013 094116 259 recorded.mp4,True,3958,,Ambiguous match (3 candidates); No recorded action
C:\Users\micro\Documents\Better Up\Media-Manager\to-be-deleted\Lost_Partition-1__OWN__VID__DRS__2019__VID_20191013_094406_613_recorded.mp4,VID 20191013 094406 613 recorded.mp4,True,3961,,Ambiguous match (3 candidates); No recorded action
C:\Users\micro\Documents\Better Up\Media-Manager\to-be-deleted\Lost_Partition-1__OWN__VID__DRS__2019__VID_20191013_095025_434_recorded.mp4,VID 20191013 095025 434 recorded.mp4,True,3964,,Ambiguous match (3 candidates); No recorded action
C:\Users\micro\Documents\Better Up\Media-Manager\to-be-deleted\Lost_Partition-1__OWN__VID__DRS__2019__VID_20191013_095322_379_recorded.mp4,VID 20191013 095322 379 recorded.mp4,True,3967,,Ambiguous match (3 candidates); No recorded action
C:\Users\micro\Documents\Better Up\Media-Manager\to-be-deleted\Lost_Partition-1__OWN__VID__DRS__2019__VID_20191013_095611_564_recorded.mp4,VID 20191013 095611 564 recorded.mp4,True,3970,,Ambiguous match (3 candidates); No recorded action
C:\Users\micro\Documents\Better Up\Media-Manager\to-be-deleted\Lost_Partition-1__OWN__VID__DRS__2019__VID_20191013_100036_366_recorded.mp4,VID 20191013 100036 366 recorded.mp4,True,3973,,Ambiguous match (3 candidates); No recorded action
C:\Users\micro\Documents\Better Up\Media-Manager\to-be-deleted\Lost_Partition-1__OWN__VID__DRS__2019__VID_20191013_100918_691_recorded.mp4,VID 20191013 100918 691 recorded.mp4,True,3982,,Ambiguous match (3 candidates); No recorded action
C:\Users\micro\Documents\Better Up\Media-Manager\to-be-deleted\Lost_Partition-1__OWN__VID__DRS__2019__VID_20191209_063339_321_recorded.mp4,VID 20191209 063339 321 recorded.mp4,True,3985,,Ambiguous match (3 candidates); No recorded action
C:\Users\micro\Documents\Better Up\Media-Manager\to-be-deleted\Lost_Partition-1__OWN__VID__DRS__2019__VID_20191214_150656_291_recorded.mp4,VID 20191214 150656 291 recorded.mp4,True,3988,,Ambiguous match (3 candidates); No recorded action
C:\Users\micro\Documents\Better Up\Media-Manager\to-be-deleted\Lost_Partition-1__OWN__VID__DRS__2019__VID_20191214_150946_332_recorded.mp4,VID 20191214 150946 332 recorded.mp4,True,3991,,Ambiguous match (3 candidates); No recorded action
C:\Users\micro\Documents\Better Up\Media-Manager\to-be-deleted\Lost_Partition-1__OWN__VID__DRS__2019__VID_20191214_152018_526_recorded.mp4,VID 20191214 152018 526 recorded.mp4,True,3994,,Ambiguous match (3 candidates); No recorded action
C:\Users\micro\Documents\Better Up\Media-Manager\to-be-deleted\Lost_Partition-1__OWN__VID__DRS__2019__VID_20191214_152258_240_recorded.mp4,VID 20191214 152258 240 recorded.mp4,True,3997,,Ambiguous match (3 candidates); No recorded action
C:\Users\micro\Documents\Better Up\Media-Manager\to-be-deleted\Lost_Partition-1__OWN__VID__DRS__2019__VID_20191215_035730_158_recorded.mp4,VID 20191215 035730 158 recorded.mp4,True,4000,,Ambiguous match (3 candidates); No recorded action
C:\Users\micro\Documents\Better Up\Media-Manager\to-be-deleted\Lost_Partition-1__OWN__VID__DRS__2019__VID_20191217_045609_610_recorded.mp4,VID 20191217 045609 610 recorded.mp4,True,4003,,Ambiguous match (3 candidates); No recorded action
C:\Users\micro\Documents\Better Up\Media-Manager\to-be-deleted\Lost_Partition-1__OWN__VID__DRS__2019__VID_20191217_045744_438_recorded.mp4,VID 20191217 045744 438 recorded.mp4,True,4006,,Ambiguous match (3 candidates); No recorded action
C:\Users\micro\Documents\Better Up\Media-Manager\to-be-deleted\Lost_Partition-1__OWN__VID__DRS__2019__VID_20191217_045932_852_recorded.mp4,VID 20191217 045932 852 recorded.mp4,True,4009,,Ambiguous match (3 candidates); No recorded action
C:\Users\micro\Documents\Better Up\Media-Manager\to-be-deleted\Lost_Partition-1__OWN__VID__DRS__2019__VID_20191217_050405_915_recorded.mp4,VID 20191217 050405 915 recorded.mp4,True,4015,,Ambiguous match (3 candidates); No recorded action
C:\Users\micro\Documents\Better Up\Media-Manager\to-be-deleted\Lost_Partition-1__OWN__VID__DRS__2019__VID_20191217_050649_754_recorded.mp4,VID 20191217 050649 754 recorded.mp4,True,4018,,Ambiguous match (3 candidates); No recorded action
C:\Users\micro\Documents\Better Up\Media-Manager\to-be-deleted\Lost_Partition-1__OWN__VID__DRS__2019__VID_20191217_050944_634_recorded.mp4,VID 20191217 050944 634 recorded.mp4,True,4021,,Ambiguous match (3 candidates); No recorded action
C:\Users\micro\Documents\Better Up\Media-Manager\to-be-deleted\Lost_Partition-1__OWN__VID__DRS__2020__VID_20200104_174013_758_recorded.mp4,VID 20200104 174013 758 recorded.mp4,True,4606,,Ambiguous match (3 candidates); No recorded action
C:\Users\micro\Documents\Better Up\Media-Manager\to-be-deleted\Lost_Partition-1__OWN__VID__DRS__2020__VID_20200104_174127_647_recorded.mp4,VID 20200104 174127 647 recorded.mp4,True,4609,,Ambiguous match (3 candidates); No recorded action
C:\Users\micro\Documents\Better Up\Media-Manager\to-be-deleted\Lost_Partition-1__OWN__VID__DRS__2020__VID_20200104_174602_463_recorded.mp4,VID 20200104 174602 463 recorded.mp4,True,4612,,Ambiguous match (3 candidates); No recorded action
C:\Users\micro\Documents\Better Up\Media-Manager\to-be-deleted\Lost_Partition-1__OWN__VID__DRS__2020__VID_20200104_174805_130_recorded.mp4,VID 20200104 174805 130 recorded.mp4,True,4615,,Ambiguous match (3 candidates); No recorded action
C:\Users\micro\Documents\Better Up\Media-Manager\to-be-deleted\Lost_Partition-1__OWN__VID__DRS__2020__VID_20200104_175108_910_recorded.mp4,VID 20200104 175108 910 recorded.mp4,True,4618,,Ambiguous match (3 candidates); No recorded action
C:\Users\micro\Documents\Better Up\Media-Manager\to-be-deleted\Lost_Partition-1__OWN__VID__DRS__2020__VID_20200106_050759_324_recorded.mp4,VID 20200106 050759 324 recorded.mp4,True,4621,,Ambiguous match (3 candidates); No recorded action
C:\Users\micro\Documents\Better Up\Media-Manager\to-be-deleted\Lost_Partition-1__OWN__VID__DRS__2020__VID_20200106_050926_075_recorded.mp4,VID 20200106 050926 075 recorded.mp4,True,4624,,Ambiguous match (3 candidates); No recorded action
C:\Users\micro\Documents\Better Up\Media-Manager\to-be-deleted\Lost_Partition-1__OWN__VID__DRS__2020__VID_20200106_051213_342_recorded.mp4,VID 20200106 051213 342 recorded.mp4,True,4627,,Ambiguous match (3 candidates); No recorded action
C:\Users\micro\Documents\Better Up\Media-Manager\to-be-deleted\Lost_Partition-1__OWN__VID__DRS__2020__VID_20200106_051454_594_recorded.mp4,VID 20200106 051454 594 recorded.mp4,True,4630,,Ambiguous match (3 candidates); No recorded action
C:\Users\micro\Documents\Better Up\Media-Manager\to-be-deleted\Lost_Partition-1__OWN__VID__DRS__2020__VID_20200106_051801_109_recorded.mp4,VID 20200106 051801 109 recorded.mp4,True,4633,,Ambiguous match (3 candidates); No recorded action
C:\Users\micro\Documents\Better Up\Media-Manager\to-be-deleted\Lost_Partition-1__OWN__VID__DRS__2020__VID_20200106_051957_106_recorded.mp4,VID 20200106 051957 106 recorded.mp4,True,4636,,Ambiguous match (3 candidates); No recorded action
C:\Users\micro\Documents\Better Up\Media-Manager\to-be-deleted\Lost_Partition-1__OWN__VID__DRS__2020__VID_20200106_065739_707_recorded.mp4,VID 20200106 065739 707 recorded.mp4,True,4639,,Ambiguous match (3 candidates); No recorded action
C:\Users\micro\Documents\Better Up\Media-Manager\to-be-deleted\Lost_Partition-1__OWN__VID__DRS__2020__VID_20200106_070046_639_recorded.mp4,VID 20200106 070046 639 recorded.mp4,True,4642,,Ambiguous match (3 candidates); No recorded action
C:\Users\micro\Documents\Better Up\Media-Manager\to-be-deleted\Lost_Partition-1__OWN__VID__DRS__2020__VID_20200106_070400_192_recorded.mp4,VID 20200106 070400 192 recorded.mp4,True,4645,,Ambiguous match (3 candidates); No recorded action
C:\Users\micro\Documents\Better Up\Media-Manager\to-be-deleted\Lost_Partition-1__OWN__VID__DRS__2020__VID_20200110_052016_136_recorded.mp4,VID 20200110 052016 136 recorded.mp4,True,4648,,Ambiguous match (3 candidates); No recorded action
C:\Users\micro\Documents\Better Up\Media-Manager\to-be-deleted\Lost_Partition-1__OWN__VID__DRS__2020__VID_20200110_052327_017_recorded.mp4,VID 20200110 052327 017 recorded.mp4,True,4651,,Ambiguous match (3 candidates); No recorded action
C:\Users\micro\Documents\Better Up\Media-Manager\to-be-deleted\Lost_Partition-1__OWN__VID__DRS__2020__VID_20200110_053201_383_recorded.mp4,VID 20200110 053201 383 recorded.mp4,True,4654,,Ambiguous match (3 candidates); No recorded action
C:\Users\micro\Documents\Better Up\Media-Manager\to-be-deleted\Lost_Partition-1__OWN__VID__DRS__2020__VID_20200110_053546_763_recorded.mp4,VID 20200110 053546 763 recorded.mp4,True,4657,,Ambiguous match (3 candidates); No recorded action
C:\Users\micro\Documents\Better Up\Media-Manager\to-be-deleted\Lost_Partition-1__OWN__VID__DRS__2020__VID_20200110_053822_174_recorded.mp4,VID 20200110 053822 174 recorded.mp4,True,4660,,Ambiguous match (3 candidates); No recorded action
C:\Users\micro\Documents\Better Up\Media-Manager\to-be-deleted\Lost_Partition-1__OWN__VID__DRS__2020__VID_20200110_054235_661_recorded.mp4,VID 20200110 054235 661 recorded.mp4,True,4663,,Ambiguous match (3 candidates); No recorded action
C:\Users\micro\Documents\Better Up\Media-Manager\to-be-deleted\Lost_Partition-1__OWN__VID__DRS__2020__VID_20200119_120340_425_recorded.mp4,VID 20200119 120340 425 recorded.mp4,True,4666,,Ambiguous match (3 candidates); No recorded action
C:\Users\micro\Documents\Better Up\Media-Manager\to-be-deleted\Lost_Partition-1__OWN__VID__DRS__2020__VID_20200119_120738_231_recorded.mp4,VID 20200119 120738 231 recorded.mp4,True,4669,,Ambiguous match (3 candidates); No recorded action
C:\Users\micro\Documents\Better Up\Media-Manager\to-be-deleted\Lost_Partition-1__OWN__VID__DRS__2020__VID_20200119_120821_231_recorded.mp4,VID 20200119 120821 231 recorded.mp4,True,4672,,Ambiguous match (3 candidates); No recorded action
C:\Users\micro\Documents\Better Up\Media-Manager\to-be-deleted\Lost_Partition-1__OWN__VID__DRS__2020__VID_20200119_121149_430_recorded.mp4,VID 20200119 121149 430 recorded.mp4,True,4675,,Ambiguous match (3 candidates); No recorded action
C:\Users\micro\Documents\Better Up\Media-Manager\to-be-deleted\Lost_Partition-1__OWN__VID__DRS__2020__VID_20200119_121434_376_recorded.mp4,VID 20200119 121434 376 recorded.mp4,True,4678,,Ambiguous match (3 candidates); No recorded action
C:\Users\micro\Documents\Better Up\Media-Manager\to-be-deleted\Lost_Partition-1__OWN__VID__DRS__2020__VID_20200119_121722_830_recorded.mp4,VID 20200119 121722 830 recorded.mp4,True,4681,,Ambiguous match (3 candidates); No recorded action
C:\Users\micro\Documents\Better Up\Media-Manager\to-be-deleted\Lost_Partition-1__OWN__VID__DRS__2020__VID_20200119_122019_148_recorded.mp4,VID 20200119 122019 148 recorded.mp4,True,4684,,Ambiguous match (3 candidates); No recorded action
C:\Users\micro\Documents\Better Up\Media-Manager\to-be-deleted\Lost_Partition-1__OWN__VID__DRS__2020__VID_20200122_071759_931_recorded.mp4,VID 20200122 071759 931 recorded.mp4,True,4687,,Ambiguous match (3 candidates); No recorded action
C:\Users\micro\Documents\Better Up\Media-Manager\to-be-deleted\Lost_Partition-1__OWN__VID__DRS__2020__VID_20200122_072057_067_recorded.mp4,VID 20200122 072057 067 recorded.mp4,True,4690,,Ambiguous match (3 candidates); No recorded action
C:\Users\micro\Documents\Better Up\Media-Manager\to-be-deleted\Lost_Partition-1__OWN__VID__DRS__2020__VID_20200122_200543_518_recorded.mp4,VID 20200122 200543 518 recorded.mp4,True,4693,,Ambiguous match (3 candidates); No recorded action
C:\Users\micro\Documents\Better Up\Media-Manager\to-be-deleted\Lost_Partition-1__OWN__VID__DRS__2020__VID_20200127_071431_921_recorded.mp4,VID 20200127 071431 921 recorded.mp4,True,4696,,Ambiguous match (3 candidates); No recorded action
C:\Users\micro\Documents\Better Up\Media-Manager\to-be-deleted\Lost_Partition-1__OWN__VID__DRS__2020__VID_20200127_071714_528_recorded.mp4,VID 20200127 071714 528 recorded.mp4,True,4699,,Ambiguous match (3 candidates); No recorded action
C:\Users\micro\Documents\Better Up\Media-Manager\to-be-deleted\Lost_Partition-1__OWN__VID__DRS__2020__VID_20200131_065617_503_recorded.mp4,VID 20200131 065617 503 recorded.mp4,True,4702,,Ambiguous match (3 candidates); No recorded action
C:\Users\micro\Documents\Better Up\Media-Manager\to-be-deleted\Lost_Partition-1__OWN__VID__DRS__2020__VID_20200131_070029_026_recorded.mp4,VID 20200131 070029 026 recorded.mp4,True,4705,,Ambiguous match (3 candidates); No recorded action
C:\Users\micro\Documents\Better Up\Media-Manager\to-be-deleted\Lost_Partition-1__OWN__VID__DRS__2020__VID_20200131_110601_123_recorded.mp4,VID 20200131 110601 123 recorded.mp4,True,4709,,Ambiguous match (3 candidates); No recorded action
C:\Users\micro\Documents\Better Up\Media-Manager\to-be-deleted\Lost_Partition-1__OWN__VID__DRS__2020__VID_20200131_110718_428_recorded.mp4,VID 20200131 110718 428 recorded.mp4,True,4712,,Ambiguous match (3 candidates); No recorded action
C:\Users\micro\Documents\Better Up\Media-Manager\to-be-deleted\Lost_Partition-1__OWN__VID__DRS__2020__VID_20200131_111150_524_recorded.mp4,VID 20200131 111150 524 recorded.mp4,True,4715,,Ambiguous match (3 candidates); No recorded action
C:\Users\micro\Documents\Better Up\Media-Manager\to-be-deleted\Lost_Partition-1__OWN__VID__DRS__2020__VID_20200131_112200_114_recorded.mp4,VID 20200131 112200 114 recorded.mp4,True,4718,,Ambiguous match (3 candidates); No recorded action
C:\Users\micro\Documents\Better Up\Media-Manager\to-be-deleted\Lost_Partition-1__OWN__VID__DRS__2020__VID_20200131_112739_159_recorded.mp4,VID 20200131 112739 159 recorded.mp4,True,4721,,Ambiguous match (3 candidates); No recorded action
C:\Users\micro\Documents\Better Up\Media-Manager\to-be-deleted\Lost_Partition-1__OWN__VID__DRS__2020__VID_20200131_113846_674_recorded.mp4,VID 20200131 113846 674 recorded.mp4,True,4724,,Ambiguous match (3 candidates); No recorded action
C:\Users\micro\Documents\Better Up\Media-Manager\to-be-deleted\Lost_Partition-1__OWN__VID__DRS__2020__VID_20200131_114426_350_recorded.mp4,VID 20200131 114426 350 recorded.mp4,True,4727,,Ambiguous match (3 candidates); No recorded action
C:\Users\micro\Documents\Better Up\Media-Manager\to-be-deleted\Lost_Partition-1__OWN__VID__DRS__2020__VID_20200131_115028_902_recorded.mp4,VID 20200131 115028 902 recorded.mp4,True,4730,,Ambiguous match (3 candidates); No recorded action
C:\Users\micro\Documents\Better Up\Media-Manager\to-be-deleted\Lost_Partition-1__OWN__VID__DRS__2020__VID_20200131_115324_660_recorded.mp4,VID 20200131 115324 660 recorded.mp4,True,4733,,Ambiguous match (3 candidates); No recorded action
C:\Users\micro\Documents\Better Up\Media-Manager\to-be-deleted\Lost_Partition-1__OWN__VID__DRS__2020__VID_20200131_115603_879_recorded.mp4,VID 20200131 115603 879 recorded.mp4,True,4736,,Ambiguous match (3 candidates); No recorded action
C:\Users\micro\Documents\Better Up\Media-Manager\to-be-deleted\Lost_Partition-1__OWN__VID__DRS__2020__VID_20200131_120624_919_recorded.mp4,VID 20200131 120624 919 recorded.mp4,True,4739,,Ambiguous match (3 candidates); No recorded action
C:\Users\micro\Documents\Better Up\Media-Manager\to-be-deleted\Lost_Partition-1__OWN__VID__DRS__2020__VID_20200131_120821_542_recorded.mp4,VID 20200131 120821 542 recorded.mp4,True,4745,,Ambiguous match (3 candidates); No recorded action
C:\Users\micro\Documents\Better Up\Media-Manager\to-be-deleted\Lost_Partition-1__OWN__VID__DRS__2020__VID_20200201_132705_266_recorded.mp4,VID 20200201 132705 266 recorded.mp4,True,4748,,Ambiguous match (3 candidates); No recorded action
C:\Users\micro\Documents\Better Up\Media-Manager\to-be-deleted\Lost_Partition-1__OWN__VID__DRS__2020__VID_20200202_085526_468_recorded.mp4,VID 20200202 085526 468 recorded.mp4,True,4751,,Ambiguous match (3 candidates); No recorded action
C:\Users\micro\Documents\Better Up\Media-Manager\to-be-deleted\Lost_Partition-1__OWN__VID__DRS__2020__VID_20200202_085802_994_recorded.mp4,VID 20200202 085802 994 recorded.mp4,True,4754,,Ambiguous match (3 candidates); No recorded action
C:\Users\micro\Documents\Better Up\Media-Manager\to-be-deleted\Lost_Partition-1__OWN__VID__DRS__2020__VID_20200202_090103_393_recorded.mp4,VID 20200202 090103 393 recorded.mp4,True,4757,,Ambiguous match (3 candidates); No recorded action
C:\Users\micro\Documents\Better Up\Media-Manager\to-be-deleted\Lost_Partition-1__OWN__VID__DRS__2020__VID_20200207_074831_600_recorded.mp4,VID 20200207 074831 600 recorded.mp4,True,4760,,Ambiguous match (3 candidates); No recorded action
C:\Users\micro\Documents\Better Up\Media-Manager\to-be-deleted\Lost_Partition-1__OWN__VID__DRS__2020__VID_20200210_210211_131_recorded.mp4,VID 20200210 210211 131 recorded.mp4,True,4763,,Ambiguous match (3 candidates); No recorded action
C:\Users\micro\Documents\Better Up\Media-Manager\to-be-deleted\Lost_Partition-1__OWN__VID__DRS__2020__VID_20200210_210329_754_recorded.mp4,VID 20200210 210329 754 recorded.mp4,True,4766,,Ambiguous match (3 candidates); No recorded action
C:\Users\micro\Documents\Better Up\Media-Manager\to-be-deleted\Lost_Partition-1__OWN__VID__DRS__2020__VID_20200210_210714_844_recorded.mp4,VID 20200210 210714 844 recorded.mp4,True,4769,,Ambiguous match (3 candidates); No recorded action
C:\Users\micro\Documents\Better Up\Media-Manager\to-be-deleted\Lost_Partition-1__OWN__VID__DRS__2020__VID_20200210_211328_656_recorded.mp4,VID 20200210 211328 656 recorded.mp4,True,4772,,Ambiguous match (3 candidates); No recorded action
C:\Users\micro\Documents\Better Up\Media-Manager\to-be-deleted\Lost_Partition-1__OWN__VID__DRS__2020__VID_20200217_103915_389_recorded.mp4,VID 20200217 103915 389 recorded.mp4,True,4777,,Ambiguous match (3 candidates); No recorded action
C:\Users\micro\Documents\Better Up\Media-Manager\to-be-deleted\Lost_Partition-1__OWN__VID__DRS__2020__VID_20200308_135437_450_recorded.mp4,VID 20200308 135437 450 recorded.mp4,True,4780,,Ambiguous match (3 candidates); No recorded action
C:\Users\micro\Documents\Better Up\Media-Manager\to-be-deleted\Lost_Partition-1__OWN__VID__DRS__2020__VID_20200308_135551_026_recorded.mp4,VID 20200308 135551 026 recorded.mp4,True,4783,,Ambiguous match (3 candidates); No recorded action
C:\Users\micro\Documents\Better Up\Media-Manager\to-be-deleted\Lost_Partition-1__OWN__VID__DRS__2020__VID_20200308_135716_073_recorded.mp4,VID 20200308 135716 073 recorded.mp4,True,4786,,Ambiguous match (3 candidates); No recorded action
C:\Users\micro\Documents\Better Up\Media-Manager\to-be-deleted\Lost_Partition-1__OWN__VID__DRS__2020__VID_20200330_093531_662_recorded.mp4,VID 20200330 093531 662 recorded.mp4,True,4789,,Ambiguous match (3 candidates); No recorded action
C:\Users\micro\Documents\Better Up\Media-Manager\to-be-deleted\Lost_Partition-1__OWN__VID__DRS__2020__VID_20200330_093823_123_recorded.mp4,VID 20200330 093823 123 recorded.mp4,True,4792,,Ambiguous match (3 candidates); No recorded action
C:\Users\micro\Documents\Better Up\Media-Manager\to-be-deleted\Lost_Partition-1__OWN__VID__DRS__2020__VID_20200330_094333_313_recorded.mp4,VID 20200330 094333 313 recorded.mp4,True,4795,,Ambiguous match (3 candidates); No recorded action
C:\Users\micro\Documents\Better Up\Media-Manager\to-be-deleted\Lost_Partition-1__OWN__VID__DRS__2020__VID_20200330_094716_081_recorded.mp4,VID 20200330 094716 081 recorded.mp4,True,4798,,Ambiguous match (3 candidates); No recorded action
C:\Users\micro\Documents\Better Up\Media-Manager\to-be-deleted\Lost_Partition-1__OWN__VID__DRS__2020__VID_20200330_094829_658_recorded.mp4,VID 20200330 094829 658 recorded.mp4,True,4801,,Ambiguous match (3 candidates); No recorded action
C:\Users\micro\Documents\Better Up\Media-Manager\to-be-deleted\Lost_Partition-1__OWN__VID__DRS__2020__VID_20200330_094942_527_recorded.mp4,VID 20200330 094942 527 recorded.mp4,True,4804,,Ambiguous match (3 candidates); No recorded action
C:\Users\micro\Documents\Better Up\Media-Manager\to-be-deleted\Lost_Partition-1__OWN__VID__DRS__2020__VID_20200330_095109_078_recorded.mp4,VID 20200330 095109 078 recorded.mp4,True,4807,,Ambiguous match (3 candidates); No recorded action
C:\Users\micro\Documents\Better Up\Media-Manager\to-be-deleted\Lost_Partition-1__OWN__VID__DRS__2020__VID_20200330_095237_901_recorded.mp4,VID 20200330 095237 901 recorded.mp4,True,4810,,Ambiguous match (3 candidates); No recorded action
C:\Users\micro\Documents\Better Up\Media-Manager\to-be-deleted\Lost_Partition-1__OWN__VID__DRS__2020__VID_20200330_100019_589_recorded.mp4,VID 20200330 100019 589 recorded.mp4,True,4813,,Ambiguous match (3 candidates); No recorded action
C:\Users\micro\Documents\Better Up\Media-Manager\to-be-deleted\Lost_Partition-1__OWN__VID__DRS__2020__VID_20200330_100153_721_recorded.mp4,VID 20200330 100153 721 recorded.mp4,True,4816,,Ambiguous match (3 candidates); No recorded action
C:\Users\micro\Documents\Better Up\Media-Manager\to-be-deleted\Lost_Partition-1__OWN__VID__DRS__2020__VID_20200330_100303_086_recorded.mp4,VID 20200330 100303 086 recorded.mp4,True,4819,,Ambiguous match (3 candidates); No recorded action
C:\Users\micro\Documents\Better Up\Media-Manager\to-be-deleted\Lost_Partition-1__OWN__VID__DRS__2020__VID_20200330_100322_520_recorded.mp4,VID 20200330 100322 520 recorded.mp4,True,4822,,Ambiguous match (3 candidates); No recorded action
C:\Users\micro\Documents\Better Up\Media-Manager\to-be-deleted\Lost_Partition-1__OWN__VID__DRS__2020__VID_20200330_100451_292_recorded.mp4,VID 20200330 100451 292 recorded.mp4,True,4825,,Ambiguous match (3 candidates); No recorded action
C:\Users\micro\Documents\Better Up\Media-Manager\to-be-deleted\Lost_Partition-1__OWN__VID__DRS__2020__VID_20200330_100956_679_recorded.mp4,VID 20200330 100956 679 recorded.mp4,True,4831,,Ambiguous match (3 candidates); No recorded action
C:\Users\micro\Documents\Better Up\Media-Manager\to-be-deleted\Lost_Partition-1__OWN__VID__DRS__2020__VID_20200330_101019_079_recorded.mp4,VID 20200330 101019 079 recorded.mp4,True,4834,,Ambiguous match (3 candidates); No recorded action
C:\Users\micro\Documents\Better Up\Media-Manager\to-be-deleted\Lost_Partition-1__OWN__VID__DRS__2020__VID_20200330_101136_632_recorded.mp4,VID 20200330 101136 632 recorded.mp4,True,4837,,Ambiguous match (3 candidates); No recorded action
C:\Users\micro\Documents\Better Up\Media-Manager\to-be-deleted\Lost_Partition-1__OWN__VID__DRS__2020__VID_20200408_095846_335_recorded.mp4,VID 20200408 095846 335 recorded.mp4,True,4843,,Ambiguous match (3 candidates); No recorded action
C:\Users\micro\Documents\Better Up\Media-Manager\to-be-deleted\Lost_Partition-1__OWN__VID__DRS__2021__VID_34561026_152543_715.mp4,VID 34561026 152543 715.mp4,True,5262,,Ambiguous match (3 candidates); No recorded action
C:\Users\micro\Documents\Better Up\Media-Manager\to-be-deleted\Lost_Partition-1__OWN__VID__DRS__2021__VID_34590806_153129_046.mp4,VID 34590806 153129 046.mp4,True,5265,,Ambiguous match (3 candidates); No recorded action
C:\Users\micro\Documents\Better Up\Media-Manager\to-be-deleted\Lost_Partition-1__OWN__VID__DRS__2021__VID_34820509_193507_054.mp4,VID 34820509 193507 054.mp4,True,5271,,Ambiguous match (3 candidates); No recorded action
C:\Users\micro\Documents\Better Up\Media-Manager\to-be-deleted\Lost_Partition-1__OWN__VID__DRS__2021__VID_34820818_030224_082.mp4,VID 34820818 030224 082.mp4,True,5274,,Ambiguous match (3 candidates); No recorded action
C:\Users\micro\Documents\Better Up\Media-Manager\to-be-deleted\Lost_Partition-1__OWN__VID__DRS__2021__VID_34821116_194116_475.mp4,VID 34821116 194116 475.mp4,True,5277,,Ambiguous match (3 candidates); No recorded action
C:\Users\micro\Documents\Better Up\Media-Manager\to-be-deleted\Lost_Partition-1__OWN__VID__DRS__2021__VID_34830214_063931_992.mp4,VID 34830214 063931 992.mp4,True,5280,,Ambiguous match (3 candidates); No recorded action
C:\Users\micro\Documents\Better Up\Media-Manager\to-be-deleted\Lost_Partition-1__OWN__VID__DRS__2021__VID_51160818_035335_868.mp4,VID 51160818 035335 868.mp4,True,5283,,Ambiguous match (3 candidates); No recorded action
C:\Users\micro\Documents\Better Up\Media-Manager\to-be-deleted\Lost_Partition-1__OWN__VID__DRS__2021__VID_51240521_061650_410.mp4,VID 51240521 061650 410.mp4,True,5286,,Ambiguous match (3 candidates); No recorded action
C:\Users\micro\Documents\Better Up\Media-Manager\to-be-deleted\Lost_Partition-1__OWN__VID__DRS__2021__VID_51320325_101818_024.mp4,VID 51320325 101818 024.mp4,True,5289,,Ambiguous match (3 candidates); No recorded action
C:\Users\micro\Documents\Better Up\Media-Manager\to-be-deleted\Lost_Partition-1__OWN__VID__DRS__2021__VID_54821128_063513_543.mp4,VID 54821128 063513 543.mp4,True,5292,,Ambiguous match (3 candidates); No recorded action
C:\Users\micro\Documents\Better Up\Media-Manager\to-be-deleted\Lost_Partition-1__OWN__VID__DRS__2021__VID_54830219_015132_030.mp4,VID 54830219 015132 030.mp4,True,5295,,Ambiguous match (3 candidates); No recorded action
C:\Users\micro\Documents\Better Up\Media-Manager\to-be-deleted\Lost_Partition-1__OWN__VID__DRS__2021__VID_54830505_223143_746.mp4,VID 54830505 223143 746.mp4,True,5298,,Ambiguous match (3 candidates); No recorded action
C:\Users\micro\Documents\Better Up\Media-Manager\to-be-deleted\Lost_Partition-1__OWN__VID__DRS__2021__VID_54830726_134654_942.mp4,VID 54830726 134654 942.mp4,True,5301,,Ambiguous match (3 candidates); No recorded action
C:\Users\micro\Documents\Better Up\Media-Manager\to-be-deleted\Lost_Partition-1__OWN__VID__DRS__2021__VID_61700822_001249_170.mp4,VID 61700822 001249 170.mp4,True,5304,,Ambiguous match (3 candidates); No recorded action
C:\Users\micro\Documents\Better Up\Media-Manager\to-be-deleted\Lost_Partition-1__OWN__VID__DRS__2021__VID_61710613_042721_817.mp4,VID 61710613 042721 817.mp4,True,5307,,Ambiguous match (3 candidates); No recorded action
C:\Users\micro\Documents\Better Up\Media-Manager\to-be-deleted\Lost_Partition-1__OWN__VID__DRS__2021__VID_61720908_174736_333.mp4,VID 61720908 174736 333.mp4,True,5310,,Ambiguous match (3 candidates); No recorded action
C:\Users\micro\Documents\Better Up\Media-Manager\to-be-deleted\Lost_Partition-1__OWN__VID__DRS__2021__VID_61730114_235415_860.mp4,VID 61730114 235415 860.mp4,True,5313,,Ambiguous match (3 candidates); No recorded action
C:\Users\micro\Documents\Better Up\Media-Manager\to-be-deleted\Lost_Partition-1__OWN__VID__DRS__2021__YouCamVideo_20211110_073901.mp4,YouCamVideo 20211110 073901.mp4,True,5331,,Ambiguous match (3 candidates); No recorded action
C:\Users\micro\Documents\Better Up\Media-Manager\to-be-deleted\Lost_Partition-1__OWN__VID__DRS__2024__PXL_20240312_045017251.TS.mp4,PXL 20240312 045017251.TS.mp4,True,5438,,Ambiguous match (3 candidates); No recorded action
C:\Users\micro\Documents\Better Up\Media-Manager\to-be-deleted\Lost_Partition-1__OWN__VID__DRS__2024__PXL_20240312_061222965.TS.mp4,PXL 20240312 061222965.TS.mp4,True,5441,,Ambiguous match (3 candidates); No recorded action
C:\Users\micro\Documents\Better Up\Media-Manager\to-be-deleted\Lost_Partition-1__OWN__VID__DRS__2024__PXL_20240810_104636902.TS.mp4,PXL 20240810 104636902.TS.mp4,True,5444,,Ambiguous match (3 candidates); No recorded action
C:\Users\micro\Documents\Better Up\Media-Manager\to-be-deleted\Lost_Partition-1__OWN__VID__DRS__2024__PXL_20240816_085011908.TS.mp4,PXL 20240816 085011908.TS.mp4,True,5447,,Ambiguous match (3 candidates); No recorded action
C:\Users\micro\Documents\Better Up\Media-Manager\to-be-deleted\Lost_Partition-1__OWN__VID__DRS__2024__PXL_20240816_085119118.TS.mp4,PXL 20240816 085119118.TS.mp4,True,5450,,Ambiguous match (3 candidates); No recorded action
C:\Users\micro\Documents\Better Up\Media-Manager\to-be-deleted\Lost_Partition-1__OWN__VID__DRS__2024__PXL_20240816_085210879.TS.mp4,PXL 20240816 085210879.TS.mp4,True,5453,,Ambiguous match (3 candidates); No recorded action
C:\Users\micro\Documents\Better Up\Media-Manager\to-be-deleted\Lost_Partition-1__OWN__VID__DRS__2024__VID_20330424_090359_131.mp4,VID 20330424 090359 131.mp4,True,5471,,Ambiguous match (3 candidates); No recorded action
C:\Users\micro\Documents\Better Up\Media-Manager\to-be-deleted\Lost_Partition-1__OWN__VID__TMP__File_Path_Lost__folder.jpg,folder.jpg,True,6071,rename → C:\Users\micro\Documents\Better Up\Archive\OWN\Lost Partition-1\OTH\RFC\VID\ladylyb - Personal Chapters — 2025-11-17_124451.jpg | move → C:\Users\micro\Documents\Better Up\Media-Manager\gallery\2025\11\17\ladylyb - Personal Chapters — 2025-11-17_124451_2.jpg,Ambiguous match (2 candidates)
C:\Users\micro\Documents\Better Up\Media-Manager\to-be-deleted\Lost_Partition-1__OWN__VID__TMP__File_Path_Lost__videocompress-052-BVR_2018_12_20_11_49_13.trickplay__320_-_10x10__0.jpg,0.jpg,True,1619,rename → C:\Users\micro\Documents\Better Up\Archive\OWN\Gallery\RCV\File Name Lost (14).mp4_fixed.trickplay\320 - 10x10\ladylyb - Personal Chapters — 2025-11-17_125628.jpg | move → C:\Users\micro\Documents\Better Up\Media-Manager\gallery\2025\11\17\ladylyb - Personal Chapters — 2025-11-17_125628.jpg,Ambiguous match (4747 candidates)
C:\Users\micro\Documents\Better Up\Media-Manager\to-be-deleted\Lost_Partition-1__OWN__VID__TMP__Reconstructed__Videos_1__mp4__VID_20190824_092306_123_07m12s_recovered.mp4,VID 20190824 092306 123 07m12s recovered.mp4,True,5800,,Ambiguous match (3 candidates); No recorded action
C:\Users\micro\Documents\Better Up\Media-Manager\to-be-deleted\Reconstructed__Audio__mp3__File_Name_Lost_(1).mp3,File Name Lost (1).mp3,True,17328,,No recorded action
C:\Users\micro\Documents\Better Up\Media-Manager\to-be-deleted\Reconstructed__Audio__mp3__File_Name_Lost_(2).mp3,File Name Lost (2).mp3,True,17329,,No recorded action
C:\Users\micro\Documents\Better Up\Media-Manager\to-be-deleted\Reconstructed__Audio__mp3__File_Name_Lost_(3).mp3,File Name Lost (3).mp3,True,17330,,No recorded action
C:\Users\micro\Documents\Better Up\Media-Manager\to-be-deleted\Reconstructed__Audio__mp3__File_Name_Lost_(4).mp3,File Name Lost (4).mp3,True,17331,,No recorded action
C:\Users\micro\Documents\Better Up\Media-Manager\to-be-deleted\Reconstructed__Videos__mov__File_Name_Lost_(122).mov,File Name Lost (122).mov,True,19076,,No recorded action
C:\Users\micro\Documents\Better Up\Media-Manager\to-be-deleted\Reconstructed__Videos__mov__File_Name_Lost_(123).mov,File Name Lost (123).mov,True,19077,,No recorded action
C:\Users\micro\Documents\Better Up\Media-Manager\to-be-deleted\Reconstructed__Videos__mov__File_Name_Lost_(143).mov,File Name Lost (143).mov,True,19078,,No recorded action
C:\Users\micro\Documents\Better Up\Media-Manager\to-be-deleted\Reconstructed__Videos__mov__File_Name_Lost_(155).mov,File Name Lost (155).mov,True,19079,,No recorded action
C:\Users\micro\Documents\Better Up\Media-Manager\to-be-deleted\Reconstructed__Videos__mov__File_Name_Lost_(159).mov,File Name Lost (159).mov,True,19080,,No recorded action
C:\Users\micro\Documents\Better Up\Media-Manager\to-be-deleted\Reconstructed__Videos__mov__File_Name_Lost_(160).mov,File Name Lost (160).mov,True,19081,,No recorded action
C:\Users\micro\Documents\Better Up\Media-Manager\to-be-deleted\Reconstructed__Videos__mov__File_Name_Lost_(161).mov,File Name Lost (161).mov,True,19082,,No recorded action
C:\Users\micro\Documents\Better Up\Media-Manager\to-be-deleted\Reconstructed__Videos__mov__File_Name_Lost_(162).mov,File Name Lost (162).mov,True,19083,,No recorded action
C:\Users\micro\Documents\Better Up\Media-Manager\to-be-deleted\Reconstructed__Videos__mov__File_Name_Lost_(164).mov,File Name Lost (164).mov,True,19084,,No recorded action
C:\Users\micro\Documents\Better Up\Media-Manager\to-be-deleted\Reconstructed__Videos__mov__File_Name_Lost_(178).mov,File Name Lost (178).mov,True,19085,,No recorded action
C:\Users\micro\Documents\Better Up\Media-Manager\to-be-deleted\Reconstructed__Videos__mov__File_Name_Lost_(179).mov,File Name Lost (179).mov,True,19086,,No recorded action
C:\Users\micro\Documents\Better Up\Media-Manager\to-be-deleted\Reconstructed__Videos__mov__File_Name_Lost_(46).mov,File Name Lost (46).mov,True,19087,,No recorded action
C:\Users\micro\Documents\Better Up\Media-Manager\to-be-deleted\Reconstructed__Videos__mp4__File_Name_Lost_(1019).mp4,File Name Lost (1019).mp4,True,19578,,No recorded action
C:\Users\micro\Documents\Better Up\Media-Manager\to-be-deleted\Reconstructed__Videos__mp4__File_Name_Lost_(253).mp4,File Name Lost (253).mp4,True,19579,,No recorded action
C:\Users\micro\Documents\Better Up\Media-Manager\to-be-deleted\Reconstructed__Videos__mp4__File_Name_Lost_(258).mp4,File Name Lost (258).mp4,True,19580,,No recorded action
C:\Users\micro\Documents\Better Up\Media-Manager\to-be-deleted\Reconstructed__Videos__mp4__File_Name_Lost_(897).mp4,File Name Lost (897).mp4,True,19581,,No recorded action
C:\Users\micro\Documents\Better Up\Media-Manager\to-be-deleted\Reconstructed__Videos__mp4__File_Name_Lost_(898).mp4,File Name Lost (898).mp4,True,19582,,No recorded action
C:\Users\micro\Documents\Better Up\Media-Manager\to-be-deleted\Reconstructed__Videos__mp4__File_Name_Lost_(899).mp4,File Name Lost (899).mp4,True,19583,,No recorded action
C:\Users\micro\Documents\Better Up\Media-Manager\to-be-deleted\Reconstructed__Videos__mp4__File_Name_Lost_(900).mp4,File Name Lost (900).mp4,True,19584,,No recorded action
C:\Users\micro\Documents\Better Up\Media-Manager\to-be-deleted\Reconstructed__Videos__mp4__File_Name_Lost_(901).mp4,File Name Lost (901).mp4,True,19585,,No recorded action
C:\Users\micro\Documents\Better Up\Media-Manager\to-be-deleted\Reconstructed__Videos__mp4__File_Name_Lost_(902).mp4,File Name Lost (902).mp4,True,19586,,No recorded action
C:\Users\micro\Documents\Better Up\Media-Manager\to-be-deleted\Reconstructed__Videos__mp4__File_Name_Lost_(904).mp4,File Name Lost (904).mp4,True,19587,,No recorded action
C:\Users\micro\Documents\Better Up\Media-Manager\to-be-deleted\Reconstructed__Videos__mp4__File_Name_Lost_(905).mp4,File Name Lost (905).mp4,True,19588,,No recorded action
C:\Users\micro\Documents\Better Up\Media-Manager\to-be-deleted\Reconstructed__Videos__mp4__File_Name_Lost_(906).mp4,File Name Lost (906).mp4,True,19589,,No recorded action
C:\Users\micro\Documents\Better Up\Media-Manager\to-be-deleted\Reconstructed__Videos__mp4__File_Name_Lost_(994).mp4,File Name Lost (994).mp4,True,19590,,No recorded action
