to_be_deleted_path,original_filename,found_in_db,canonical_name,actions_summary,notes
C:\Users\micro\Documents\Better Up\Media-Manager\to-be-deleted\audit_to_be_deleted.csv,audit_to_be_deleted.csv,False,,,File not found in DB
C:\Users\micro\Documents\Better Up\Media-Manager\to-be-deleted\audit_to_be_deleted.log,audit_to_be_deleted.log,False,,,File not found in DB
C:\Users\micro\Documents\Better Up\Media-Manager\to-be-deleted\File_Path_Lost__Diary_of_a_period.mp4,File_Path_Lost__Diary_of_a_period.mp4,False,,,File not found in DB
C:\Users\micro\Documents\Better Up\Media-Manager\to-be-deleted\File_Path_Lost__hz_spy_1657-1666_-_XVIDEOS.COM.mp4,File_Path_Lost__hz_spy_1657-1666_-_XVIDEOS.COM.mp4,False,,,File not found in DB
C:\Users\micro\Documents\Better Up\Media-Manager\to-be-deleted\File_Path_Lost__hz_spy_1689-1706_-_XVIDEOS.COM.mp4,File_Path_Lost__hz_spy_1689-1706_-_XVIDEOS.COM.mp4,False,,,File not found in DB
C:\Users\micro\Documents\Better Up\Media-Manager\to-be-deleted\File_Path_Lost__hz_spy_1707-1725_-_XVIDEOS.COM.mp4,File_Path_Lost__hz_spy_1707-1725_-_XVIDEOS.COM.mp4,False,,,File not found in DB
C:\Users\micro\Documents\Better Up\Media-Manager\to-be-deleted\File_Path_Lost__ladylyb_-_Personal_Chapters_—_1545-29-26_000000.jpg,File_Path_Lost__ladylyb_-_Personal_Chapters_—_1545-29-26_000000.jpg,False,,,File not found in DB
C:\Users\micro\Documents\Better Up\Media-Manager\to-be-deleted\File_Path_Lost__xvideos.com_6f53f2b653f0138b41d20da11dba85d0.mp4,File_Path_Lost__xvideos.com_6f53f2b653f0138b41d20da11dba85d0.mp4,False,,,File not found in DB
C:\Users\micro\Documents\Better Up\Media-Manager\to-be-deleted\File_Path_Lost__xvideos.com_feac7a4ce73ddb02ea3bca8012a3a4f0.mp4,File_Path_Lost__xvideos.com_feac7a4ce73ddb02ea3bca8012a3a4f0.mp4,False,,,File not found in DB
C:\Users\micro\Documents\Better Up\Media-Manager\to-be-deleted\Gallery__PIC__DRS__2021_03_22_11_09_15.mov,Gallery__PIC__DRS__2021_03_22_11_09_15.mov,False,,,File not found in DB
C:\Users\micro\Documents\Better Up\Media-Manager\to-be-deleted\Gallery__PIC__DRS__IMG_1415.HEIC,Gallery__PIC__DRS__IMG_1415.HEIC,False,,,File not found in DB
C:\Users\micro\Documents\Better Up\Media-Manager\to-be-deleted\Gallery__PIC__DRS__IMG_1416.HEIC,Gallery__PIC__DRS__IMG_1416.HEIC,False,,,File not found in DB
C:\Users\micro\Documents\Better Up\Media-Manager\to-be-deleted\Gallery__PIC__DRS__IMG_1417.HEIC,Gallery__PIC__DRS__IMG_1417.HEIC,False,,,File not found in DB
C:\Users\micro\Documents\Better Up\Media-Manager\to-be-deleted\Gallery__PIC__DRS__IMG_1418.HEIC,Gallery__PIC__DRS__IMG_1418.HEIC,False,,,File not found in DB
C:\Users\micro\Documents\Better Up\Media-Manager\to-be-deleted\Gallery__PIC__DRS__IMG_1419.HEIC,Gallery__PIC__DRS__IMG_1419.HEIC,False,,,File not found in DB
C:\Users\micro\Documents\Better Up\Media-Manager\to-be-deleted\Gallery__PIC__DRS__IMG_20181214_064139_304.mov,Gallery__PIC__DRS__IMG_20181214_064139_304.mov,False,,,File not found in DB
C:\Users\micro\Documents\Better Up\Media-Manager\to-be-deleted\Gallery__PIC__DRS__IrfanView.txt,Gallery__PIC__DRS__IrfanView.txt,False,,,File not found in DB
C:\Users\micro\Documents\Better Up\Media-Manager\to-be-deleted\Gallery__PIC__DRS__ppbf_panties_qa_01m-41s.mp3,Gallery__PIC__DRS__ppbf_panties_qa_01m-41s.mp3,False,,,File not found in DB
C:\Users\micro\Documents\Better Up\Media-Manager\to-be-deleted\Gallery__PIC__SPT__STAGE.html,Gallery__PIC__SPT__STAGE.html,False,,,File not found in DB
C:\Users\micro\Documents\Better Up\Media-Manager\to-be-deleted\Gallery__RCV__File_Name_Lost_(14).mp4_fixed.mp4,Gallery__RCV__File_Name_Lost_(14).mp4_fixed.mp4,False,,,File not found in DB
C:\Users\micro\Documents\Better Up\Media-Manager\to-be-deleted\Gallery__RCV__File_Name_Lost_(24).mp4_fixed.mp4,Gallery__RCV__File_Name_Lost_(24).mp4_fixed.mp4,False,,,File not found in DB
C:\Users\micro\Documents\Better Up\Media-Manager\to-be-deleted\Gallery__RCV__File_Name_Lost_(31).mp4_fixed.mp4,Gallery__RCV__File_Name_Lost_(31).mp4_fixed.mp4,False,,,File not found in DB
C:\Users\micro\Documents\Better Up\Media-Manager\to-be-deleted\Gallery__RCV__File_Name_Lost_(32).mp4_fixed.mp4,Gallery__RCV__File_Name_Lost_(32).mp4_fixed.mp4,False,,,File not found in DB
C:\Users\micro\Documents\Better Up\Media-Manager\to-be-deleted\Gallery__RCV__File_Name_Lost_(33).mp4_fixed.mp4,Gallery__RCV__File_Name_Lost_(33).mp4_fixed.mp4,False,,,File not found in DB
C:\Users\micro\Documents\Better Up\Media-Manager\to-be-deleted\Gallery__RCV__File_Name_Lost_(34).mp4_fixed.mp4,Gallery__RCV__File_Name_Lost_(34).mp4_fixed.mp4,False,,,File not found in DB
C:\Users\micro\Documents\Better Up\Media-Manager\to-be-deleted\Gallery__RCV__File_Name_Lost_(35).mp4_fixed.mp4,Gallery__RCV__File_Name_Lost_(35).mp4_fixed.mp4,False,,,File not found in DB
C:\Users\micro\Documents\Better Up\Media-Manager\to-be-deleted\Gallery__RCV__File_Name_Lost_(36).mp4_fixed.mp4,Gallery__RCV__File_Name_Lost_(36).mp4_fixed.mp4,False,,,File not found in DB
C:\Users\micro\Documents\Better Up\Media-Manager\to-be-deleted\Gallery__RCV__File_Name_Lost_(42).mp4_fixed.mp4,Gallery__RCV__File_Name_Lost_(42).mp4_fixed.mp4,False,,,File not found in DB
C:\Users\micro\Documents\Better Up\Media-Manager\to-be-deleted\Gallery__RCV__File_Name_Lost_(56).mp4_fixed.mp4,Gallery__RCV__File_Name_Lost_(56).mp4_fixed.mp4,False,,,File not found in DB
C:\Users\micro\Documents\Better Up\Media-Manager\to-be-deleted\Gallery__RCV__File_Name_Lost_(57).mp4_fixed.mp4,Gallery__RCV__File_Name_Lost_(57).mp4_fixed.mp4,False,,,File not found in DB
C:\Users\micro\Documents\Better Up\Media-Manager\to-be-deleted\Gallery__RCV__File_Name_Lost_(60).mp4_fixed.mp4,Gallery__RCV__File_Name_Lost_(60).mp4_fixed.mp4,False,,,File not found in DB
C:\Users\micro\Documents\Better Up\Media-Manager\to-be-deleted\Gallery__RCV__File_Name_Lost_(61).mp4_fixed.mp4,Gallery__RCV__File_Name_Lost_(61).mp4_fixed.mp4,False,,,File not found in DB
C:\Users\micro\Documents\Better Up\Media-Manager\to-be-deleted\Gallery__RCV__File_Name_Lost_(62).mp4_fixed.mp4,Gallery__RCV__File_Name_Lost_(62).mp4_fixed.mp4,False,,,File not found in DB
C:\Users\micro\Documents\Better Up\Media-Manager\to-be-deleted\Gallery__RCV__File_Name_Lost_(63).mp4_fixed.mp4,Gallery__RCV__File_Name_Lost_(63).mp4_fixed.mp4,False,,,File not found in DB
C:\Users\micro\Documents\Better Up\Media-Manager\to-be-deleted\Gallery__RCV__File_Name_Lost_(64).mp4_fixed.mp4,Gallery__RCV__File_Name_Lost_(64).mp4_fixed.mp4,False,,,File not found in DB
C:\Users\micro\Documents\Better Up\Media-Manager\to-be-deleted\Gallery__RCV__File_Name_Lost_(65).mp4_fixed.mp4,Gallery__RCV__File_Name_Lost_(65).mp4_fixed.mp4,False,,,File not found in DB
C:\Users\micro\Documents\Better Up\Media-Manager\to-be-deleted\Gallery__RCV__VID_20200131_110427_797_recorded.mp4,Gallery__RCV__VID_20200131_110427_797_recorded.mp4,False,,,File not found in DB
C:\Users\micro\Documents\Better Up\Media-Manager\to-be-deleted\Gallery__RCV__VID_20200217_102121_485_recorded.mp4,Gallery__RCV__VID_20200217_102121_485_recorded.mp4,False,,,File not found in DB
C:\Users\micro\Documents\Better Up\Media-Manager\to-be-deleted\Gallery__RCV__VID_20200217_103534_594_recorded.mp4,Gallery__RCV__VID_20200217_103534_594_recorded.mp4,False,,,File not found in DB
C:\Users\micro\Documents\Better Up\Media-Manager\to-be-deleted\Gallery__VID__DRS1__VID_20191009_012258_525_recorded.mp4,Gallery__VID__DRS1__VID_20191009_012258_525_recorded.mp4,False,,,File not found in DB
C:\Users\micro\Documents\Better Up\Media-Manager\to-be-deleted\Gallery__VID__DRS__2018__addAduiotoVideo1578635902205.mp4,Gallery__VID__DRS__2018__addAduiotoVideo1578635902205.mp4,False,,,File not found in DB
C:\Users\micro\Documents\Better Up\Media-Manager\to-be-deleted\Gallery__VID__DRS__2018__VID_20180504_112031_760_recorded.mp4,Gallery__VID__DRS__2018__VID_20180504_112031_760_recorded.mp4,False,,,File not found in DB
C:\Users\micro\Documents\Better Up\Media-Manager\to-be-deleted\Gallery__VID__DRS__2018__VID_20180504_114039_925_recorded.mp4,Gallery__VID__DRS__2018__VID_20180504_114039_925_recorded.mp4,False,,,File not found in DB
C:\Users\micro\Documents\Better Up\Media-Manager\to-be-deleted\Gallery__VID__DRS__2018__VID_20180504_114137_652_recorded.mp4,Gallery__VID__DRS__2018__VID_20180504_114137_652_recorded.mp4,False,,,File not found in DB
C:\Users\micro\Documents\Better Up\Media-Manager\to-be-deleted\Gallery__VID__DRS__2018__VID_20180504_114250_940_recorded.mp4,Gallery__VID__DRS__2018__VID_20180504_114250_940_recorded.mp4,False,,,File not found in DB
C:\Users\micro\Documents\Better Up\Media-Manager\to-be-deleted\Gallery__VID__DRS__2018__VID_20180504_114733_156_recorded.mp4,Gallery__VID__DRS__2018__VID_20180504_114733_156_recorded.mp4,False,,,File not found in DB
C:\Users\micro\Documents\Better Up\Media-Manager\to-be-deleted\Gallery__VID__DRS__2018__VID_20180504_114831_469_recorded.mp4,Gallery__VID__DRS__2018__VID_20180504_114831_469_recorded.mp4,False,,,File not found in DB
C:\Users\micro\Documents\Better Up\Media-Manager\to-be-deleted\Gallery__VID__DRS__2018__VID_20180504_114939_238_recorded.mp4,Gallery__VID__DRS__2018__VID_20180504_114939_238_recorded.mp4,False,,,File not found in DB
C:\Users\micro\Documents\Better Up\Media-Manager\to-be-deleted\Gallery__VID__DRS__2018__VID_20180504_115038_740_recorded.mp4,Gallery__VID__DRS__2018__VID_20180504_115038_740_recorded.mp4,False,,,File not found in DB
C:\Users\micro\Documents\Better Up\Media-Manager\to-be-deleted\Gallery__VID__DRS__2018__VID_20180504_115139_994_recorded.mp4,Gallery__VID__DRS__2018__VID_20180504_115139_994_recorded.mp4,False,,,File not found in DB
C:\Users\micro\Documents\Better Up\Media-Manager\to-be-deleted\Gallery__VID__DRS__2018__VID_20180504_115236_793_recorded.mp4,Gallery__VID__DRS__2018__VID_20180504_115236_793_recorded.mp4,False,,,File not found in DB
C:\Users\micro\Documents\Better Up\Media-Manager\to-be-deleted\Gallery__VID__DRS__2018__VID_20180504_115750_230_recorded.mp4,Gallery__VID__DRS__2018__VID_20180504_115750_230_recorded.mp4,False,,,File not found in DB
C:\Users\micro\Documents\Better Up\Media-Manager\to-be-deleted\Gallery__VID__DRS__2018__VID_20180504_120354_417_recorded.mp4,Gallery__VID__DRS__2018__VID_20180504_120354_417_recorded.mp4,False,,,File not found in DB
C:\Users\micro\Documents\Better Up\Media-Manager\to-be-deleted\Gallery__VID__DRS__2018__VID_20180504_120541_766_recorded.mp4,Gallery__VID__DRS__2018__VID_20180504_120541_766_recorded.mp4,False,,,File not found in DB
C:\Users\micro\Documents\Better Up\Media-Manager\to-be-deleted\Gallery__VID__DRS__2018__VID_20180504_120618_726_recorded.mp4,Gallery__VID__DRS__2018__VID_20180504_120618_726_recorded.mp4,False,,,File not found in DB
C:\Users\micro\Documents\Better Up\Media-Manager\to-be-deleted\Gallery__VID__DRS__2018__VID_20180504_120659_362_recorded.mp4,Gallery__VID__DRS__2018__VID_20180504_120659_362_recorded.mp4,False,,,File not found in DB
C:\Users\micro\Documents\Better Up\Media-Manager\to-be-deleted\Gallery__VID__DRS__2018__VID_20180504_120801_135_recorded.mp4,Gallery__VID__DRS__2018__VID_20180504_120801_135_recorded.mp4,False,,,File not found in DB
C:\Users\micro\Documents\Better Up\Media-Manager\to-be-deleted\Gallery__VID__DRS__2018__VID_20180504_120851_373_recorded.mp4,Gallery__VID__DRS__2018__VID_20180504_120851_373_recorded.mp4,False,,,File not found in DB
C:\Users\micro\Documents\Better Up\Media-Manager\to-be-deleted\Gallery__VID__DRS__2018__VID_20180504_121409_905_recorded.mp4,Gallery__VID__DRS__2018__VID_20180504_121409_905_recorded.mp4,False,,,File not found in DB
C:\Users\micro\Documents\Better Up\Media-Manager\to-be-deleted\Gallery__VID__DRS__2018__VID_20180508_091256_507_recorded.mp4,Gallery__VID__DRS__2018__VID_20180508_091256_507_recorded.mp4,False,,,File not found in DB
C:\Users\micro\Documents\Better Up\Media-Manager\to-be-deleted\Gallery__VID__DRS__2018__VID_20180518_120303_384_recorded.mp4,Gallery__VID__DRS__2018__VID_20180518_120303_384_recorded.mp4,False,,,File not found in DB
C:\Users\micro\Documents\Better Up\Media-Manager\to-be-deleted\Gallery__VID__DRS__2018__VID_20180518_120448_196_recorded.mp4,Gallery__VID__DRS__2018__VID_20180518_120448_196_recorded.mp4,False,,,File not found in DB
C:\Users\micro\Documents\Better Up\Media-Manager\to-be-deleted\Gallery__VID__DRS__2018__VID_20180518_120529_343_recorded.mp4,Gallery__VID__DRS__2018__VID_20180518_120529_343_recorded.mp4,False,,,File not found in DB
C:\Users\micro\Documents\Better Up\Media-Manager\to-be-deleted\Gallery__VID__DRS__2018__VID_20180518_120825_227_recorded.mp4,Gallery__VID__DRS__2018__VID_20180518_120825_227_recorded.mp4,False,,,File not found in DB
C:\Users\micro\Documents\Better Up\Media-Manager\to-be-deleted\Gallery__VID__DRS__2018__VID_20180518_121001_542_recorded.mp4,Gallery__VID__DRS__2018__VID_20180518_121001_542_recorded.mp4,False,,,File not found in DB
C:\Users\micro\Documents\Better Up\Media-Manager\to-be-deleted\Gallery__VID__DRS__2018__VID_20180518_121215_833_recorded.mp4,Gallery__VID__DRS__2018__VID_20180518_121215_833_recorded.mp4,False,,,File not found in DB
C:\Users\micro\Documents\Better Up\Media-Manager\to-be-deleted\Gallery__VID__DRS__2018__VID_20180518_121244_925_recorded.mp4,Gallery__VID__DRS__2018__VID_20180518_121244_925_recorded.mp4,False,,,File not found in DB
C:\Users\micro\Documents\Better Up\Media-Manager\to-be-deleted\Gallery__VID__DRS__2018__VID_20180518_121336_198_recorded.mp4,Gallery__VID__DRS__2018__VID_20180518_121336_198_recorded.mp4,False,,,File not found in DB
C:\Users\micro\Documents\Better Up\Media-Manager\to-be-deleted\Gallery__VID__DRS__2018__VID_20180518_121420_750_recorded.mp4,Gallery__VID__DRS__2018__VID_20180518_121420_750_recorded.mp4,False,,,File not found in DB
C:\Users\micro\Documents\Better Up\Media-Manager\to-be-deleted\Gallery__VID__DRS__2018__VID_20180518_121620_985_recorded.mp4,Gallery__VID__DRS__2018__VID_20180518_121620_985_recorded.mp4,False,,,File not found in DB
C:\Users\micro\Documents\Better Up\Media-Manager\to-be-deleted\Gallery__VID__DRS__2018__VID_20180518_121933_739_recorded.mp4,Gallery__VID__DRS__2018__VID_20180518_121933_739_recorded.mp4,False,,,File not found in DB
C:\Users\micro\Documents\Better Up\Media-Manager\to-be-deleted\Gallery__VID__DRS__2018__VID_20180518_122036_078_recorded.mp4,Gallery__VID__DRS__2018__VID_20180518_122036_078_recorded.mp4,False,,,File not found in DB
C:\Users\micro\Documents\Better Up\Media-Manager\to-be-deleted\Gallery__VID__DRS__2018__VID_20180518_122121_315_recorded.mp4,Gallery__VID__DRS__2018__VID_20180518_122121_315_recorded.mp4,False,,,File not found in DB
C:\Users\micro\Documents\Better Up\Media-Manager\to-be-deleted\Gallery__VID__DRS__2018__VID_20180518_122204_631_recorded.mp4,Gallery__VID__DRS__2018__VID_20180518_122204_631_recorded.mp4,False,,,File not found in DB
C:\Users\micro\Documents\Better Up\Media-Manager\to-be-deleted\Gallery__VID__DRS__2018__VID_20180518_122250_268_recorded.mp4,Gallery__VID__DRS__2018__VID_20180518_122250_268_recorded.mp4,False,,,File not found in DB
C:\Users\micro\Documents\Better Up\Media-Manager\to-be-deleted\Gallery__VID__DRS__2018__VID_20180518_122334_903_recorded.mp4,Gallery__VID__DRS__2018__VID_20180518_122334_903_recorded.mp4,False,,,File not found in DB
C:\Users\micro\Documents\Better Up\Media-Manager\to-be-deleted\Gallery__VID__DRS__2018__VID_20180518_122441_414_recorded.mp4,Gallery__VID__DRS__2018__VID_20180518_122441_414_recorded.mp4,False,,,File not found in DB
C:\Users\micro\Documents\Better Up\Media-Manager\to-be-deleted\Gallery__VID__DRS__2018__VID_20180530_123308_103_recorded.mp4,Gallery__VID__DRS__2018__VID_20180530_123308_103_recorded.mp4,False,,,File not found in DB
C:\Users\micro\Documents\Better Up\Media-Manager\to-be-deleted\Gallery__VID__DRS__2018__VID_20180530_123632_708_recorded.mp4,Gallery__VID__DRS__2018__VID_20180530_123632_708_recorded.mp4,False,,,File not found in DB
C:\Users\micro\Documents\Better Up\Media-Manager\to-be-deleted\Gallery__VID__DRS__2018__VID_20180530_123726_966_recorded.mp4,Gallery__VID__DRS__2018__VID_20180530_123726_966_recorded.mp4,False,,,File not found in DB
C:\Users\micro\Documents\Better Up\Media-Manager\to-be-deleted\Gallery__VID__DRS__2018__VID_20180530_123817_476_recorded.mp4,Gallery__VID__DRS__2018__VID_20180530_123817_476_recorded.mp4,False,,,File not found in DB
C:\Users\micro\Documents\Better Up\Media-Manager\to-be-deleted\Gallery__VID__DRS__2018__VID_20180530_124021_705_recorded.mp4,Gallery__VID__DRS__2018__VID_20180530_124021_705_recorded.mp4,False,,,File not found in DB
C:\Users\micro\Documents\Better Up\Media-Manager\to-be-deleted\Gallery__VID__DRS__2018__VID_20181107_045330_761_recorded.mp4,Gallery__VID__DRS__2018__VID_20181107_045330_761_recorded.mp4,False,,,File not found in DB
C:\Users\micro\Documents\Better Up\Media-Manager\to-be-deleted\Gallery__VID__DRS__2018__VID_20181107_045428_426_recorded.mp4,Gallery__VID__DRS__2018__VID_20181107_045428_426_recorded.mp4,False,,,File not found in DB
C:\Users\micro\Documents\Better Up\Media-Manager\to-be-deleted\Gallery__VID__DRS__2018__VID_20181107_045509_430_recorded.mp4,Gallery__VID__DRS__2018__VID_20181107_045509_430_recorded.mp4,False,,,File not found in DB
C:\Users\micro\Documents\Better Up\Media-Manager\to-be-deleted\Gallery__VID__DRS__2018__VID_20181107_045617_512_recorded.mp4,Gallery__VID__DRS__2018__VID_20181107_045617_512_recorded.mp4,False,,,File not found in DB
C:\Users\micro\Documents\Better Up\Media-Manager\to-be-deleted\Gallery__VID__DRS__2018__VID_20181107_045724_069_recorded.mp4,Gallery__VID__DRS__2018__VID_20181107_045724_069_recorded.mp4,False,,,File not found in DB
C:\Users\micro\Documents\Better Up\Media-Manager\to-be-deleted\Gallery__VID__DRS__2018__VID_20181107_045805_251_recorded.mp4,Gallery__VID__DRS__2018__VID_20181107_045805_251_recorded.mp4,False,,,File not found in DB
C:\Users\micro\Documents\Better Up\Media-Manager\to-be-deleted\Gallery__VID__DRS__2018__VID_20181107_045903_400_recorded.mp4,Gallery__VID__DRS__2018__VID_20181107_045903_400_recorded.mp4,False,,,File not found in DB
C:\Users\micro\Documents\Better Up\Media-Manager\to-be-deleted\Gallery__VID__DRS__2018__VID_20181107_045943_069_recorded.mp4,Gallery__VID__DRS__2018__VID_20181107_045943_069_recorded.mp4,False,,,File not found in DB
C:\Users\micro\Documents\Better Up\Media-Manager\to-be-deleted\Gallery__VID__DRS__2018__VID_20181214_063103_670_recorded.mp4,Gallery__VID__DRS__2018__VID_20181214_063103_670_recorded.mp4,False,,,File not found in DB
C:\Users\micro\Documents\Better Up\Media-Manager\to-be-deleted\Gallery__VID__DRS__2018__VID_20181220_103921_550_recorded.mp4,Gallery__VID__DRS__2018__VID_20181220_103921_550_recorded.mp4,False,,,File not found in DB
C:\Users\micro\Documents\Better Up\Media-Manager\to-be-deleted\Gallery__VID__DRS__2018__VID_20181220_104143_558_recorded.mp4,Gallery__VID__DRS__2018__VID_20181220_104143_558_recorded.mp4,False,,,File not found in DB
C:\Users\micro\Documents\Better Up\Media-Manager\to-be-deleted\Gallery__VID__DRS__2018__VID_20181220_104928_629_recorded.mp4,Gallery__VID__DRS__2018__VID_20181220_104928_629_recorded.mp4,False,,,File not found in DB
C:\Users\micro\Documents\Better Up\Media-Manager\to-be-deleted\Gallery__VID__DRS__2018__VID_20181220_105217_234_recorded.mp4,Gallery__VID__DRS__2018__VID_20181220_105217_234_recorded.mp4,False,,,File not found in DB
C:\Users\micro\Documents\Better Up\Media-Manager\to-be-deleted\Gallery__VID__DRS__2018__VID_20181220_105249_453_recorded.mp4,Gallery__VID__DRS__2018__VID_20181220_105249_453_recorded.mp4,False,,,File not found in DB
C:\Users\micro\Documents\Better Up\Media-Manager\to-be-deleted\Gallery__VID__DRS__2018__VID_20181220_105333_203_recorded.mp4,Gallery__VID__DRS__2018__VID_20181220_105333_203_recorded.mp4,False,,,File not found in DB
C:\Users\micro\Documents\Better Up\Media-Manager\to-be-deleted\Gallery__VID__DRS__2018__VID_20181220_110521_930_recorded.mp4,Gallery__VID__DRS__2018__VID_20181220_110521_930_recorded.mp4,False,,,File not found in DB
C:\Users\micro\Documents\Better Up\Media-Manager\to-be-deleted\Gallery__VID__DRS__2018__VID_20181220_110749_708_recorded.mp4,Gallery__VID__DRS__2018__VID_20181220_110749_708_recorded.mp4,False,,,File not found in DB
C:\Users\micro\Documents\Better Up\Media-Manager\to-be-deleted\Gallery__VID__DRS__2018__VID_20181220_111000_123_recorded.mp4,Gallery__VID__DRS__2018__VID_20181220_111000_123_recorded.mp4,False,,,File not found in DB
C:\Users\micro\Documents\Better Up\Media-Manager\to-be-deleted\Gallery__VID__DRS__2018__VID_20181220_111100_123_recorded.mp4,Gallery__VID__DRS__2018__VID_20181220_111100_123_recorded.mp4,False,,,File not found in DB
C:\Users\micro\Documents\Better Up\Media-Manager\to-be-deleted\Gallery__VID__DRS__2018__VID_20181220_111200_123_recorded.mp4,Gallery__VID__DRS__2018__VID_20181220_111200_123_recorded.mp4,False,,,File not found in DB
C:\Users\micro\Documents\Better Up\Media-Manager\to-be-deleted\Gallery__VID__DRS__2018__VID_20181220_111300_123_recorded.mp4,Gallery__VID__DRS__2018__VID_20181220_111300_123_recorded.mp4,False,,,File not found in DB
C:\Users\micro\Documents\Better Up\Media-Manager\to-be-deleted\Gallery__VID__DRS__2018__VID_20181220_111429_014_recorded.mp4,Gallery__VID__DRS__2018__VID_20181220_111429_014_recorded.mp4,False,,,File not found in DB
C:\Users\micro\Documents\Better Up\Media-Manager\to-be-deleted\Gallery__VID__DRS__2018__VID_20181220_112100_123_recorded.mp4,Gallery__VID__DRS__2018__VID_20181220_112100_123_recorded.mp4,False,,,File not found in DB
C:\Users\micro\Documents\Better Up\Media-Manager\to-be-deleted\Gallery__VID__DRS__2018__VID_20181220_112552_221_recorded.mp4,Gallery__VID__DRS__2018__VID_20181220_112552_221_recorded.mp4,False,,,File not found in DB
C:\Users\micro\Documents\Better Up\Media-Manager\to-be-deleted\Gallery__VID__DRS__2018__VID_20181220_112952_527_recorded.mp4,Gallery__VID__DRS__2018__VID_20181220_112952_527_recorded.mp4,False,,,File not found in DB
C:\Users\micro\Documents\Better Up\Media-Manager\to-be-deleted\Gallery__VID__DRS__2018__VID_20181220_113142_727_recorded.mp4,Gallery__VID__DRS__2018__VID_20181220_113142_727_recorded.mp4,False,,,File not found in DB
C:\Users\micro\Documents\Better Up\Media-Manager\to-be-deleted\Gallery__VID__DRS__2018__VID_20181220_113615_405_recorded.mp4,Gallery__VID__DRS__2018__VID_20181220_113615_405_recorded.mp4,False,,,File not found in DB
C:\Users\micro\Documents\Better Up\Media-Manager\to-be-deleted\Gallery__VID__DRS__2018__VID_20181220_114009_777_recorded.mp4,Gallery__VID__DRS__2018__VID_20181220_114009_777_recorded.mp4,False,,,File not found in DB
C:\Users\micro\Documents\Better Up\Media-Manager\to-be-deleted\Gallery__VID__DRS__2018__VID_20181220_114301_946_recorded.mp4,Gallery__VID__DRS__2018__VID_20181220_114301_946_recorded.mp4,False,,,File not found in DB
C:\Users\micro\Documents\Better Up\Media-Manager\to-be-deleted\Gallery__VID__DRS__2018__VID_20181223_071800_123_recorded.mp4,Gallery__VID__DRS__2018__VID_20181223_071800_123_recorded.mp4,False,,,File not found in DB
C:\Users\micro\Documents\Better Up\Media-Manager\to-be-deleted\Gallery__VID__DRS__2018__VID_20181223_072000_123_recorded.mp4,Gallery__VID__DRS__2018__VID_20181223_072000_123_recorded.mp4,False,,,File not found in DB
C:\Users\micro\Documents\Better Up\Media-Manager\to-be-deleted\Gallery__VID__DRS__2018__VID_20181225_032700_123_recorded.mp4,Gallery__VID__DRS__2018__VID_20181225_032700_123_recorded.mp4,False,,,File not found in DB
C:\Users\micro\Documents\Better Up\Media-Manager\to-be-deleted\Gallery__VID__DRS__2018__VID_20181225_033229_793_recorded.mp4,Gallery__VID__DRS__2018__VID_20181225_033229_793_recorded.mp4,False,,,File not found in DB
C:\Users\micro\Documents\Better Up\Media-Manager\to-be-deleted\Gallery__VID__DRS__2018__VID_20181225_033408_486_recorded.mp4,Gallery__VID__DRS__2018__VID_20181225_033408_486_recorded.mp4,False,,,File not found in DB
C:\Users\micro\Documents\Better Up\Media-Manager\to-be-deleted\Gallery__VID__DRS__2018__VID_20181225_033732_672_recorded.mp4,Gallery__VID__DRS__2018__VID_20181225_033732_672_recorded.mp4,False,,,File not found in DB
C:\Users\micro\Documents\Better Up\Media-Manager\to-be-deleted\Gallery__VID__DRS__2018__VID_20181225_033856_300_recorded.mp4,Gallery__VID__DRS__2018__VID_20181225_033856_300_recorded.mp4,False,,,File not found in DB
C:\Users\micro\Documents\Better Up\Media-Manager\to-be-deleted\Gallery__VID__DRS__2018__VID_20181225_034207_258_recorded.mp4,Gallery__VID__DRS__2018__VID_20181225_034207_258_recorded.mp4,False,,,File not found in DB
C:\Users\micro\Documents\Better Up\Media-Manager\to-be-deleted\Gallery__VID__DRS__2018__VID_20181225_034629_088_recorded.mp4,Gallery__VID__DRS__2018__VID_20181225_034629_088_recorded.mp4,False,,,File not found in DB
C:\Users\micro\Documents\Better Up\Media-Manager\to-be-deleted\Gallery__VID__DRS__2018__VID_20200217_103534_594_recorded.mp4,Gallery__VID__DRS__2018__VID_20200217_103534_594_recorded.mp4,False,,,File not found in DB
C:\Users\micro\Documents\Better Up\Media-Manager\to-be-deleted\Gallery__VID__DRS__2018__VID_49851230_092812_910.mp4,Gallery__VID__DRS__2018__VID_49851230_092812_910.mp4,False,,,File not found in DB
C:\Users\micro\Documents\Better Up\Media-Manager\to-be-deleted\Gallery__VID__DRS__2019__BVR_2019_01_28_11_34_00.mp4,Gallery__VID__DRS__2019__BVR_2019_01_28_11_34_00.mp4,False,,,File not found in DB
C:\Users\micro\Documents\Better Up\Media-Manager\to-be-deleted\Gallery__VID__DRS__2019__VID_20190212_054741_377_recorded.mp4,Gallery__VID__DRS__2019__VID_20190212_054741_377_recorded.mp4,False,,,File not found in DB
C:\Users\micro\Documents\Better Up\Media-Manager\to-be-deleted\Gallery__VID__DRS__2019__VID_20190212_054936_115_recorded.mp4,Gallery__VID__DRS__2019__VID_20190212_054936_115_recorded.mp4,False,,,File not found in DB
C:\Users\micro\Documents\Better Up\Media-Manager\to-be-deleted\Gallery__VID__DRS__2019__VID_20190227_100057_934_recorded.mp4,Gallery__VID__DRS__2019__VID_20190227_100057_934_recorded.mp4,False,,,File not found in DB
C:\Users\micro\Documents\Better Up\Media-Manager\to-be-deleted\Gallery__VID__DRS__2019__VID_20190227_100929_513_recorded.mp4,Gallery__VID__DRS__2019__VID_20190227_100929_513_recorded.mp4,False,,,File not found in DB
C:\Users\micro\Documents\Better Up\Media-Manager\to-be-deleted\Gallery__VID__DRS__2019__VID_20190430_110128_737_recorded.mp4,Gallery__VID__DRS__2019__VID_20190430_110128_737_recorded.mp4,False,,,File not found in DB
C:\Users\micro\Documents\Better Up\Media-Manager\to-be-deleted\Gallery__VID__DRS__2019__VID_20190430_110800_606_recorded.mp4,Gallery__VID__DRS__2019__VID_20190430_110800_606_recorded.mp4,False,,,File not found in DB
C:\Users\micro\Documents\Better Up\Media-Manager\to-be-deleted\Gallery__VID__DRS__2019__VID_20190430_111952_481_recorded.mp4,Gallery__VID__DRS__2019__VID_20190430_111952_481_recorded.mp4,False,,,File not found in DB
C:\Users\micro\Documents\Better Up\Media-Manager\to-be-deleted\Gallery__VID__DRS__2019__VID_20190430_112244_868_recorded.mp4,Gallery__VID__DRS__2019__VID_20190430_112244_868_recorded.mp4,False,,,File not found in DB
C:\Users\micro\Documents\Better Up\Media-Manager\to-be-deleted\Gallery__VID__DRS__2019__VID_20190430_113149_037_recorded.mp4,Gallery__VID__DRS__2019__VID_20190430_113149_037_recorded.mp4,False,,,File not found in DB
C:\Users\micro\Documents\Better Up\Media-Manager\to-be-deleted\Gallery__VID__DRS__2019__VID_20190430_113621_125_recorded.mp4,Gallery__VID__DRS__2019__VID_20190430_113621_125_recorded.mp4,False,,,File not found in DB
C:\Users\micro\Documents\Better Up\Media-Manager\to-be-deleted\Gallery__VID__DRS__2019__VID_20190430_113759_905_recorded.mp4,Gallery__VID__DRS__2019__VID_20190430_113759_905_recorded.mp4,False,,,File not found in DB
C:\Users\micro\Documents\Better Up\Media-Manager\to-be-deleted\Gallery__VID__DRS__2019__VID_20190519_143923_100_recorded.mp4,Gallery__VID__DRS__2019__VID_20190519_143923_100_recorded.mp4,False,,,File not found in DB
C:\Users\micro\Documents\Better Up\Media-Manager\to-be-deleted\Gallery__VID__DRS__2019__VID_20190524_072121_706_recorded.mp4,Gallery__VID__DRS__2019__VID_20190524_072121_706_recorded.mp4,False,,,File not found in DB
C:\Users\micro\Documents\Better Up\Media-Manager\to-be-deleted\Gallery__VID__DRS__2019__VID_20190524_072258_984_recorded.mp4,Gallery__VID__DRS__2019__VID_20190524_072258_984_recorded.mp4,False,,,File not found in DB
C:\Users\micro\Documents\Better Up\Media-Manager\to-be-deleted\Gallery__VID__DRS__2019__VID_20190525_045212_578_recorded.mp4,Gallery__VID__DRS__2019__VID_20190525_045212_578_recorded.mp4,False,,,File not found in DB
C:\Users\micro\Documents\Better Up\Media-Manager\to-be-deleted\Gallery__VID__DRS__2019__VID_20190525_045230_804_recorded.mp4,Gallery__VID__DRS__2019__VID_20190525_045230_804_recorded.mp4,False,,,File not found in DB
C:\Users\micro\Documents\Better Up\Media-Manager\to-be-deleted\Gallery__VID__DRS__2019__VID_20190525_051217_897_recorded.mp4,Gallery__VID__DRS__2019__VID_20190525_051217_897_recorded.mp4,False,,,File not found in DB
C:\Users\micro\Documents\Better Up\Media-Manager\to-be-deleted\Gallery__VID__DRS__2019__VID_20190525_051554_965_recorded.mp4,Gallery__VID__DRS__2019__VID_20190525_051554_965_recorded.mp4,False,,,File not found in DB
C:\Users\micro\Documents\Better Up\Media-Manager\to-be-deleted\Gallery__VID__DRS__2019__VID_20190525_051734_490_recorded.mp4,Gallery__VID__DRS__2019__VID_20190525_051734_490_recorded.mp4,False,,,File not found in DB
C:\Users\micro\Documents\Better Up\Media-Manager\to-be-deleted\Gallery__VID__DRS__2019__VID_20190525_101900_123_recorded.mp4,Gallery__VID__DRS__2019__VID_20190525_101900_123_recorded.mp4,False,,,File not found in DB
C:\Users\micro\Documents\Better Up\Media-Manager\to-be-deleted\Gallery__VID__DRS__2019__VID_20190525_102641_748_recorded.mp4,Gallery__VID__DRS__2019__VID_20190525_102641_748_recorded.mp4,False,,,File not found in DB
C:\Users\micro\Documents\Better Up\Media-Manager\to-be-deleted\Gallery__VID__DRS__2019__VID_20190525_102945_103_recorded.mp4,Gallery__VID__DRS__2019__VID_20190525_102945_103_recorded.mp4,False,,,File not found in DB
C:\Users\micro\Documents\Better Up\Media-Manager\to-be-deleted\Gallery__VID__DRS__2019__VID_20190525_103239_192_recorded.mp4,Gallery__VID__DRS__2019__VID_20190525_103239_192_recorded.mp4,False,,,File not found in DB
C:\Users\micro\Documents\Better Up\Media-Manager\to-be-deleted\Gallery__VID__DRS__2019__VID_20190525_103500_103_recorded.mp4,Gallery__VID__DRS__2019__VID_20190525_103500_103_recorded.mp4,False,,,File not found in DB
C:\Users\micro\Documents\Better Up\Media-Manager\to-be-deleted\Gallery__VID__DRS__2019__VID_20190525_103533_658_recorded.mp4,Gallery__VID__DRS__2019__VID_20190525_103533_658_recorded.mp4,False,,,File not found in DB
C:\Users\micro\Documents\Better Up\Media-Manager\to-be-deleted\Gallery__VID__DRS__2019__VID_20190525_104734_450_recorded.mp4,Gallery__VID__DRS__2019__VID_20190525_104734_450_recorded.mp4,False,,,File not found in DB
C:\Users\micro\Documents\Better Up\Media-Manager\to-be-deleted\Gallery__VID__DRS__2019__VID_20190525_104912_964_recorded.mp4,Gallery__VID__DRS__2019__VID_20190525_104912_964_recorded.mp4,False,,,File not found in DB
C:\Users\micro\Documents\Better Up\Media-Manager\to-be-deleted\Gallery__VID__DRS__2019__VID_20190527_053840_804_recorded.mp4,Gallery__VID__DRS__2019__VID_20190527_053840_804_recorded.mp4,False,,,File not found in DB
C:\Users\micro\Documents\Better Up\Media-Manager\to-be-deleted\Gallery__VID__DRS__2019__VID_20190527_054138_016_recorded.mp4,Gallery__VID__DRS__2019__VID_20190527_054138_016_recorded.mp4,False,,,File not found in DB
C:\Users\micro\Documents\Better Up\Media-Manager\to-be-deleted\Gallery__VID__DRS__2019__VID_20190527_054419_509_recorded.mp4,Gallery__VID__DRS__2019__VID_20190527_054419_509_recorded.mp4,False,,,File not found in DB
C:\Users\micro\Documents\Better Up\Media-Manager\to-be-deleted\Gallery__VID__DRS__2019__VID_20190527_054430_355_recorded.mp4,Gallery__VID__DRS__2019__VID_20190527_054430_355_recorded.mp4,False,,,File not found in DB
C:\Users\micro\Documents\Better Up\Media-Manager\to-be-deleted\Gallery__VID__DRS__2019__VID_20190608_165926_051_recorded.mp4,Gallery__VID__DRS__2019__VID_20190608_165926_051_recorded.mp4,False,,,File not found in DB
C:\Users\micro\Documents\Better Up\Media-Manager\to-be-deleted\Gallery__VID__DRS__2019__VID_20190608_170214_617_recorded.mp4,Gallery__VID__DRS__2019__VID_20190608_170214_617_recorded.mp4,False,,,File not found in DB
C:\Users\micro\Documents\Better Up\Media-Manager\to-be-deleted\Gallery__VID__DRS__2019__VID_20190608_170259_009_recorded.mp4,Gallery__VID__DRS__2019__VID_20190608_170259_009_recorded.mp4,False,,,File not found in DB
C:\Users\micro\Documents\Better Up\Media-Manager\to-be-deleted\Gallery__VID__DRS__2019__VID_20190608_170948_424_recorded.mp4,Gallery__VID__DRS__2019__VID_20190608_170948_424_recorded.mp4,False,,,File not found in DB
C:\Users\micro\Documents\Better Up\Media-Manager\to-be-deleted\Gallery__VID__DRS__2019__VID_20190608_171235_231_recorded.mp4,Gallery__VID__DRS__2019__VID_20190608_171235_231_recorded.mp4,False,,,File not found in DB
C:\Users\micro\Documents\Better Up\Media-Manager\to-be-deleted\Gallery__VID__DRS__2019__VID_20190608_171602_637_recorded.mp4,Gallery__VID__DRS__2019__VID_20190608_171602_637_recorded.mp4,False,,,File not found in DB
C:\Users\micro\Documents\Better Up\Media-Manager\to-be-deleted\Gallery__VID__DRS__2019__VID_20190608_171644_303_recorded.mp4,Gallery__VID__DRS__2019__VID_20190608_171644_303_recorded.mp4,False,,,File not found in DB
C:\Users\micro\Documents\Better Up\Media-Manager\to-be-deleted\Gallery__VID__DRS__2019__VID_20190608_172105_952_recorded.mp4,Gallery__VID__DRS__2019__VID_20190608_172105_952_recorded.mp4,False,,,File not found in DB
C:\Users\micro\Documents\Better Up\Media-Manager\to-be-deleted\Gallery__VID__DRS__2019__VID_20190608_172134_380_recorded.mp4,Gallery__VID__DRS__2019__VID_20190608_172134_380_recorded.mp4,False,,,File not found in DB
C:\Users\micro\Documents\Better Up\Media-Manager\to-be-deleted\Gallery__VID__DRS__2019__VID_20190608_172249_991_recorded.mp4,Gallery__VID__DRS__2019__VID_20190608_172249_991_recorded.mp4,False,,,File not found in DB
C:\Users\micro\Documents\Better Up\Media-Manager\to-be-deleted\Gallery__VID__DRS__2019__VID_20190608_172729_116_recorded.mp4,Gallery__VID__DRS__2019__VID_20190608_172729_116_recorded.mp4,False,,,File not found in DB
C:\Users\micro\Documents\Better Up\Media-Manager\to-be-deleted\Gallery__VID__DRS__2019__VID_20190608_173029_097_recorded.mp4,Gallery__VID__DRS__2019__VID_20190608_173029_097_recorded.mp4,False,,,File not found in DB
C:\Users\micro\Documents\Better Up\Media-Manager\to-be-deleted\Gallery__VID__DRS__2019__VID_20190617_062836_400_recorded.mp4,Gallery__VID__DRS__2019__VID_20190617_062836_400_recorded.mp4,False,,,File not found in DB
C:\Users\micro\Documents\Better Up\Media-Manager\to-be-deleted\Gallery__VID__DRS__2019__VID_20190617_062932_018_recorded.mp4,Gallery__VID__DRS__2019__VID_20190617_062932_018_recorded.mp4,False,,,File not found in DB
C:\Users\micro\Documents\Better Up\Media-Manager\to-be-deleted\Gallery__VID__DRS__2019__VID_20190718_063748_358_recorded.mp4,Gallery__VID__DRS__2019__VID_20190718_063748_358_recorded.mp4,False,,,File not found in DB
C:\Users\micro\Documents\Better Up\Media-Manager\to-be-deleted\Gallery__VID__DRS__2019__VID_20190725_041754_508_recorded.mp4,Gallery__VID__DRS__2019__VID_20190725_041754_508_recorded.mp4,False,,,File not found in DB
C:\Users\micro\Documents\Better Up\Media-Manager\to-be-deleted\Gallery__VID__DRS__2019__VID_20190730_065332_032_recorded.mp4,Gallery__VID__DRS__2019__VID_20190730_065332_032_recorded.mp4,False,,,File not found in DB
C:\Users\micro\Documents\Better Up\Media-Manager\to-be-deleted\Gallery__VID__DRS__2019__VID_20190803_122041_777_recorded.mp4,Gallery__VID__DRS__2019__VID_20190803_122041_777_recorded.mp4,False,,,File not found in DB
C:\Users\micro\Documents\Better Up\Media-Manager\to-be-deleted\Gallery__VID__DRS__2019__VID_20190803_122334_871_recorded.mp4,Gallery__VID__DRS__2019__VID_20190803_122334_871_recorded.mp4,False,,,File not found in DB
C:\Users\micro\Documents\Better Up\Media-Manager\to-be-deleted\Gallery__VID__DRS__2019__VID_20190803_122441_819_recorded.mp4,Gallery__VID__DRS__2019__VID_20190803_122441_819_recorded.mp4,False,,,File not found in DB
C:\Users\micro\Documents\Better Up\Media-Manager\to-be-deleted\Gallery__VID__DRS__2019__VID_20190803_122608_770_recorded.mp4,Gallery__VID__DRS__2019__VID_20190803_122608_770_recorded.mp4,False,,,File not found in DB
C:\Users\micro\Documents\Better Up\Media-Manager\to-be-deleted\Gallery__VID__DRS__2019__VID_20190803_123004_269_recorded.mp4,Gallery__VID__DRS__2019__VID_20190803_123004_269_recorded.mp4,False,,,File not found in DB
C:\Users\micro\Documents\Better Up\Media-Manager\to-be-deleted\Gallery__VID__DRS__2019__VID_20190803_123341_343_recorded.mp4,Gallery__VID__DRS__2019__VID_20190803_123341_343_recorded.mp4,False,,,File not found in DB
C:\Users\micro\Documents\Better Up\Media-Manager\to-be-deleted\Gallery__VID__DRS__2019__VID_20190803_123658_856_recorded.mp4,Gallery__VID__DRS__2019__VID_20190803_123658_856_recorded.mp4,False,,,File not found in DB
C:\Users\micro\Documents\Better Up\Media-Manager\to-be-deleted\Gallery__VID__DRS__2019__VID_20190803_123954_356_recorded.mp4,Gallery__VID__DRS__2019__VID_20190803_123954_356_recorded.mp4,False,,,File not found in DB
C:\Users\micro\Documents\Better Up\Media-Manager\to-be-deleted\Gallery__VID__DRS__2019__VID_20190803_124331_479_recorded.mp4,Gallery__VID__DRS__2019__VID_20190803_124331_479_recorded.mp4,False,,,File not found in DB
C:\Users\micro\Documents\Better Up\Media-Manager\to-be-deleted\Gallery__VID__DRS__2019__VID_20190803_125809_424_recorded.mp4,Gallery__VID__DRS__2019__VID_20190803_125809_424_recorded.mp4,False,,,File not found in DB
C:\Users\micro\Documents\Better Up\Media-Manager\to-be-deleted\Gallery__VID__DRS__2019__VID_20190804_091912_118_recorded.mp4,Gallery__VID__DRS__2019__VID_20190804_091912_118_recorded.mp4,False,,,File not found in DB
C:\Users\micro\Documents\Better Up\Media-Manager\to-be-deleted\Gallery__VID__DRS__2019__VID_20190804_092705_020_recorded.mp4,Gallery__VID__DRS__2019__VID_20190804_092705_020_recorded.mp4,False,,,File not found in DB
C:\Users\micro\Documents\Better Up\Media-Manager\to-be-deleted\Gallery__VID__DRS__2019__VID_20190804_094242_535_recorded.mp4,Gallery__VID__DRS__2019__VID_20190804_094242_535_recorded.mp4,False,,,File not found in DB
C:\Users\micro\Documents\Better Up\Media-Manager\to-be-deleted\Gallery__VID__DRS__2019__VID_20190804_094615_410_recorded.mp4,Gallery__VID__DRS__2019__VID_20190804_094615_410_recorded.mp4,False,,,File not found in DB
C:\Users\micro\Documents\Better Up\Media-Manager\to-be-deleted\Gallery__VID__DRS__2019__VID_20190804_095832_976_recorded.mp4,Gallery__VID__DRS__2019__VID_20190804_095832_976_recorded.mp4,False,,,File not found in DB
C:\Users\micro\Documents\Better Up\Media-Manager\to-be-deleted\Gallery__VID__DRS__2019__VID_20190804_100132_200_recorded.mp4,Gallery__VID__DRS__2019__VID_20190804_100132_200_recorded.mp4,False,,,File not found in DB
C:\Users\micro\Documents\Better Up\Media-Manager\to-be-deleted\Gallery__VID__DRS__2019__VID_20190804_121547_765_recorded.mp4,Gallery__VID__DRS__2019__VID_20190804_121547_765_recorded.mp4,False,,,File not found in DB
C:\Users\micro\Documents\Better Up\Media-Manager\to-be-deleted\Gallery__VID__DRS__2019__VID_20190804_122500_344_recorded.mp4,Gallery__VID__DRS__2019__VID_20190804_122500_344_recorded.mp4,False,,,File not found in DB
C:\Users\micro\Documents\Better Up\Media-Manager\to-be-deleted\Gallery__VID__DRS__2019__VID_20190804_123354_926_recorded.mp4,Gallery__VID__DRS__2019__VID_20190804_123354_926_recorded.mp4,False,,,File not found in DB
C:\Users\micro\Documents\Better Up\Media-Manager\to-be-deleted\Gallery__VID__DRS__2019__VID_20190804_123739_021_recorded.mp4,Gallery__VID__DRS__2019__VID_20190804_123739_021_recorded.mp4,False,,,File not found in DB
C:\Users\micro\Documents\Better Up\Media-Manager\to-be-deleted\Gallery__VID__DRS__2019__VID_20190804_124131_241_recorded.mp4,Gallery__VID__DRS__2019__VID_20190804_124131_241_recorded.mp4,False,,,File not found in DB
C:\Users\micro\Documents\Better Up\Media-Manager\to-be-deleted\Gallery__VID__DRS__2019__VID_20190804_124157_321_recorded.mp4,Gallery__VID__DRS__2019__VID_20190804_124157_321_recorded.mp4,False,,,File not found in DB
C:\Users\micro\Documents\Better Up\Media-Manager\to-be-deleted\Gallery__VID__DRS__2019__VID_20190805_070300_873_recorded.mp4,Gallery__VID__DRS__2019__VID_20190805_070300_873_recorded.mp4,False,,,File not found in DB
C:\Users\micro\Documents\Better Up\Media-Manager\to-be-deleted\Gallery__VID__DRS__2019__VID_20190805_070606_137_recorded.mp4,Gallery__VID__DRS__2019__VID_20190805_070606_137_recorded.mp4,False,,,File not found in DB
C:\Users\micro\Documents\Better Up\Media-Manager\to-be-deleted\Gallery__VID__DRS__2019__VID_20190808_040000_123_recorded.mp4,Gallery__VID__DRS__2019__VID_20190808_040000_123_recorded.mp4,False,,,File not found in DB
C:\Users\micro\Documents\Better Up\Media-Manager\to-be-deleted\Gallery__VID__DRS__2019__VID_20190808_040934_811_recorded.mp4,Gallery__VID__DRS__2019__VID_20190808_040934_811_recorded.mp4,False,,,File not found in DB
C:\Users\micro\Documents\Better Up\Media-Manager\to-be-deleted\Gallery__VID__DRS__2019__VID_20190808_041226_461_recorded.mp4,Gallery__VID__DRS__2019__VID_20190808_041226_461_recorded.mp4,False,,,File not found in DB
C:\Users\micro\Documents\Better Up\Media-Manager\to-be-deleted\Gallery__VID__DRS__2019__VID_20190808_041529_800_recorded.mp4,Gallery__VID__DRS__2019__VID_20190808_041529_800_recorded.mp4,False,,,File not found in DB
C:\Users\micro\Documents\Better Up\Media-Manager\to-be-deleted\Gallery__VID__DRS__2019__VID_20190808_041856_468_recorded.mp4,Gallery__VID__DRS__2019__VID_20190808_041856_468_recorded.mp4,False,,,File not found in DB
C:\Users\micro\Documents\Better Up\Media-Manager\to-be-deleted\Gallery__VID__DRS__2019__VID_20190808_042141_847_recorded.mp4,Gallery__VID__DRS__2019__VID_20190808_042141_847_recorded.mp4,False,,,File not found in DB
C:\Users\micro\Documents\Better Up\Media-Manager\to-be-deleted\Gallery__VID__DRS__2019__VID_20190808_043846_043_recorded.mp4,Gallery__VID__DRS__2019__VID_20190808_043846_043_recorded.mp4,False,,,File not found in DB
C:\Users\micro\Documents\Better Up\Media-Manager\to-be-deleted\Gallery__VID__DRS__2019__VID_20190808_043922_798_recorded.mp4,Gallery__VID__DRS__2019__VID_20190808_043922_798_recorded.mp4,False,,,File not found in DB
C:\Users\micro\Documents\Better Up\Media-Manager\to-be-deleted\Gallery__VID__DRS__2019__VID_20190808_043940_098_recorded.mp4,Gallery__VID__DRS__2019__VID_20190808_043940_098_recorded.mp4,False,,,File not found in DB
C:\Users\micro\Documents\Better Up\Media-Manager\to-be-deleted\Gallery__VID__DRS__2019__VID_20190810_123332_856_recorded.mp4,Gallery__VID__DRS__2019__VID_20190810_123332_856_recorded.mp4,False,,,File not found in DB
C:\Users\micro\Documents\Better Up\Media-Manager\to-be-deleted\Gallery__VID__DRS__2019__VID_20190811_042705_076_recorded.mp4,Gallery__VID__DRS__2019__VID_20190811_042705_076_recorded.mp4,False,,,File not found in DB
C:\Users\micro\Documents\Better Up\Media-Manager\to-be-deleted\Gallery__VID__DRS__2019__VID_20190811_043607_009_recorded.mp4,Gallery__VID__DRS__2019__VID_20190811_043607_009_recorded.mp4,False,,,File not found in DB
C:\Users\micro\Documents\Better Up\Media-Manager\to-be-deleted\Gallery__VID__DRS__2019__VID_20190811_045443_510_recorded.mp4,Gallery__VID__DRS__2019__VID_20190811_045443_510_recorded.mp4,False,,,File not found in DB
C:\Users\micro\Documents\Better Up\Media-Manager\to-be-deleted\Gallery__VID__DRS__2019__VID_20190811_045750_472_recorded.mp4,Gallery__VID__DRS__2019__VID_20190811_045750_472_recorded.mp4,False,,,File not found in DB
C:\Users\micro\Documents\Better Up\Media-Manager\to-be-deleted\Gallery__VID__DRS__2019__VID_20190811_050100_182_recorded.mp4,Gallery__VID__DRS__2019__VID_20190811_050100_182_recorded.mp4,False,,,File not found in DB
C:\Users\micro\Documents\Better Up\Media-Manager\to-be-deleted\Gallery__VID__DRS__2019__VID_20190811_050410_471_recorded.mp4,Gallery__VID__DRS__2019__VID_20190811_050410_471_recorded.mp4,False,,,File not found in DB
C:\Users\micro\Documents\Better Up\Media-Manager\to-be-deleted\Gallery__VID__DRS__2019__VID_20190811_094930_036_recorded.mp4,Gallery__VID__DRS__2019__VID_20190811_094930_036_recorded.mp4,False,,,File not found in DB
C:\Users\micro\Documents\Better Up\Media-Manager\to-be-deleted\Gallery__VID__DRS__2019__VID_20190814_041452_340_recorded.mp4,Gallery__VID__DRS__2019__VID_20190814_041452_340_recorded.mp4,False,,,File not found in DB
C:\Users\micro\Documents\Better Up\Media-Manager\to-be-deleted\Gallery__VID__DRS__2019__VID_20190814_043148_542_recorded.mp4,Gallery__VID__DRS__2019__VID_20190814_043148_542_recorded.mp4,False,,,File not found in DB
C:\Users\micro\Documents\Better Up\Media-Manager\to-be-deleted\Gallery__VID__DRS__2019__VID_20190814_043733_617_recorded.mp4,Gallery__VID__DRS__2019__VID_20190814_043733_617_recorded.mp4,False,,,File not found in DB
C:\Users\micro\Documents\Better Up\Media-Manager\to-be-deleted\Gallery__VID__DRS__2019__VID_20190814_044111_900_recorded.mp4,Gallery__VID__DRS__2019__VID_20190814_044111_900_recorded.mp4,False,,,File not found in DB
C:\Users\micro\Documents\Better Up\Media-Manager\to-be-deleted\Gallery__VID__DRS__2019__VID_20190814_044141_208_recorded.mp4,Gallery__VID__DRS__2019__VID_20190814_044141_208_recorded.mp4,False,,,File not found in DB
C:\Users\micro\Documents\Better Up\Media-Manager\to-be-deleted\Gallery__VID__DRS__2019__VID_20190814_044243_430_recorded.mp4,Gallery__VID__DRS__2019__VID_20190814_044243_430_recorded.mp4,False,,,File not found in DB
C:\Users\micro\Documents\Better Up\Media-Manager\to-be-deleted\Gallery__VID__DRS__2019__VID_20190814_050336_146_recorded.mp4,Gallery__VID__DRS__2019__VID_20190814_050336_146_recorded.mp4,False,,,File not found in DB
C:\Users\micro\Documents\Better Up\Media-Manager\to-be-deleted\Gallery__VID__DRS__2019__VID_20190814_050407_306_recorded.mp4,Gallery__VID__DRS__2019__VID_20190814_050407_306_recorded.mp4,False,,,File not found in DB
C:\Users\micro\Documents\Better Up\Media-Manager\to-be-deleted\Gallery__VID__DRS__2019__VID_20190814_052058_558_recorded.mp4,Gallery__VID__DRS__2019__VID_20190814_052058_558_recorded.mp4,False,,,File not found in DB
C:\Users\micro\Documents\Better Up\Media-Manager\to-be-deleted\Gallery__VID__DRS__2019__VID_20190814_052556_533_recorded.mp4,Gallery__VID__DRS__2019__VID_20190814_052556_533_recorded.mp4,False,,,File not found in DB
C:\Users\micro\Documents\Better Up\Media-Manager\to-be-deleted\Gallery__VID__DRS__2019__VID_20190814_052851_439_recorded.mp4,Gallery__VID__DRS__2019__VID_20190814_052851_439_recorded.mp4,False,,,File not found in DB
C:\Users\micro\Documents\Better Up\Media-Manager\to-be-deleted\Gallery__VID__DRS__2019__VID_20190814_053006_113_recorded.mp4,Gallery__VID__DRS__2019__VID_20190814_053006_113_recorded.mp4,False,,,File not found in DB
C:\Users\micro\Documents\Better Up\Media-Manager\to-be-deleted\Gallery__VID__DRS__2019__VID_20190816_093957_287_recorded.mp4,Gallery__VID__DRS__2019__VID_20190816_093957_287_recorded.mp4,False,,,File not found in DB
C:\Users\micro\Documents\Better Up\Media-Manager\to-be-deleted\Gallery__VID__DRS__2019__VID_20190816_094422_817_recorded.mp4,Gallery__VID__DRS__2019__VID_20190816_094422_817_recorded.mp4,False,,,File not found in DB
C:\Users\micro\Documents\Better Up\Media-Manager\to-be-deleted\Gallery__VID__DRS__2019__VID_20190816_095154_430_recorded.mp4,Gallery__VID__DRS__2019__VID_20190816_095154_430_recorded.mp4,False,,,File not found in DB
C:\Users\micro\Documents\Better Up\Media-Manager\to-be-deleted\Gallery__VID__DRS__2019__VID_20190816_100645_012_recorded.mp4,Gallery__VID__DRS__2019__VID_20190816_100645_012_recorded.mp4,False,,,File not found in DB
C:\Users\micro\Documents\Better Up\Media-Manager\to-be-deleted\Gallery__VID__DRS__2019__VID_20190816_100715_147_recorded.mp4,Gallery__VID__DRS__2019__VID_20190816_100715_147_recorded.mp4,False,,,File not found in DB
C:\Users\micro\Documents\Better Up\Media-Manager\to-be-deleted\Gallery__VID__DRS__2019__VID_20190816_100742_722_recorded.mp4,Gallery__VID__DRS__2019__VID_20190816_100742_722_recorded.mp4,False,,,File not found in DB
C:\Users\micro\Documents\Better Up\Media-Manager\to-be-deleted\Gallery__VID__DRS__2019__VID_20190816_100802_860_recorded.mp4,Gallery__VID__DRS__2019__VID_20190816_100802_860_recorded.mp4,False,,,File not found in DB
C:\Users\micro\Documents\Better Up\Media-Manager\to-be-deleted\Gallery__VID__DRS__2019__VID_20190816_100822_045_recorded.mp4,Gallery__VID__DRS__2019__VID_20190816_100822_045_recorded.mp4,False,,,File not found in DB
C:\Users\micro\Documents\Better Up\Media-Manager\to-be-deleted\Gallery__VID__DRS__2019__VID_20190816_100838_055_recorded.mp4,Gallery__VID__DRS__2019__VID_20190816_100838_055_recorded.mp4,False,,,File not found in DB
C:\Users\micro\Documents\Better Up\Media-Manager\to-be-deleted\Gallery__VID__DRS__2019__VID_20190816_100851_015_recorded.mp4,Gallery__VID__DRS__2019__VID_20190816_100851_015_recorded.mp4,False,,,File not found in DB
C:\Users\micro\Documents\Better Up\Media-Manager\to-be-deleted\Gallery__VID__DRS__2019__VID_20190816_100904_196_recorded.mp4,Gallery__VID__DRS__2019__VID_20190816_100904_196_recorded.mp4,False,,,File not found in DB
C:\Users\micro\Documents\Better Up\Media-Manager\to-be-deleted\Gallery__VID__DRS__2019__VID_20190816_101134_232_recorded.mp4,Gallery__VID__DRS__2019__VID_20190816_101134_232_recorded.mp4,False,,,File not found in DB
C:\Users\micro\Documents\Better Up\Media-Manager\to-be-deleted\Gallery__VID__DRS__2019__VID_20190818_092756_645_recorded.mp4,Gallery__VID__DRS__2019__VID_20190818_092756_645_recorded.mp4,False,,,File not found in DB
C:\Users\micro\Documents\Better Up\Media-Manager\to-be-deleted\Gallery__VID__DRS__2019__VID_20190818_092936_432_recorded.mp4,Gallery__VID__DRS__2019__VID_20190818_092936_432_recorded.mp4,False,,,File not found in DB
C:\Users\micro\Documents\Better Up\Media-Manager\to-be-deleted\Gallery__VID__DRS__2019__VID_20190818_093255_693_recorded.mp4,Gallery__VID__DRS__2019__VID_20190818_093255_693_recorded.mp4,False,,,File not found in DB
C:\Users\micro\Documents\Better Up\Media-Manager\to-be-deleted\Gallery__VID__DRS__2019__VID_20190818_094048_164_recorded.mp4,Gallery__VID__DRS__2019__VID_20190818_094048_164_recorded.mp4,False,,,File not found in DB
C:\Users\micro\Documents\Better Up\Media-Manager\to-be-deleted\Gallery__VID__DRS__2019__VID_20190818_094342_328_recorded.mp4,Gallery__VID__DRS__2019__VID_20190818_094342_328_recorded.mp4,False,,,File not found in DB
C:\Users\micro\Documents\Better Up\Media-Manager\to-be-deleted\Gallery__VID__DRS__2019__VID_20190818_094510_722_recorded.mp4,Gallery__VID__DRS__2019__VID_20190818_094510_722_recorded.mp4,False,,,File not found in DB
C:\Users\micro\Documents\Better Up\Media-Manager\to-be-deleted\Gallery__VID__DRS__2019__VID_20190824_082501_788_recorded.mp4,Gallery__VID__DRS__2019__VID_20190824_082501_788_recorded.mp4,False,,,File not found in DB
C:\Users\micro\Documents\Better Up\Media-Manager\to-be-deleted\Gallery__VID__DRS__2019__VID_20190824_082803_389_recorded.mp4,Gallery__VID__DRS__2019__VID_20190824_082803_389_recorded.mp4,False,,,File not found in DB
C:\Users\micro\Documents\Better Up\Media-Manager\to-be-deleted\Gallery__VID__DRS__2019__VID_20190824_083134_289_recorded.mp4,Gallery__VID__DRS__2019__VID_20190824_083134_289_recorded.mp4,False,,,File not found in DB
C:\Users\micro\Documents\Better Up\Media-Manager\to-be-deleted\Gallery__VID__DRS__2019__VID_20190824_083433_030_recorded.mp4,Gallery__VID__DRS__2019__VID_20190824_083433_030_recorded.mp4,False,,,File not found in DB
C:\Users\micro\Documents\Better Up\Media-Manager\to-be-deleted\Gallery__VID__DRS__2019__VID_20190825_171358_853_recorded.mp4,Gallery__VID__DRS__2019__VID_20190825_171358_853_recorded.mp4,False,,,File not found in DB
C:\Users\micro\Documents\Better Up\Media-Manager\to-be-deleted\Gallery__VID__DRS__2019__VID_20190825_171554_299_recorded.mp4,Gallery__VID__DRS__2019__VID_20190825_171554_299_recorded.mp4,False,,,File not found in DB
C:\Users\micro\Documents\Better Up\Media-Manager\to-be-deleted\Gallery__VID__DRS__2019__VID_20190825_172008_121_recorded.mp4,Gallery__VID__DRS__2019__VID_20190825_172008_121_recorded.mp4,False,,,File not found in DB
C:\Users\micro\Documents\Better Up\Media-Manager\to-be-deleted\Gallery__VID__DRS__2019__VID_20190825_172350_849_recorded.mp4,Gallery__VID__DRS__2019__VID_20190825_172350_849_recorded.mp4,False,,,File not found in DB
C:\Users\micro\Documents\Better Up\Media-Manager\to-be-deleted\Gallery__VID__DRS__2019__VID_20190825_173613_628_recorded.mp4,Gallery__VID__DRS__2019__VID_20190825_173613_628_recorded.mp4,False,,,File not found in DB
C:\Users\micro\Documents\Better Up\Media-Manager\to-be-deleted\Gallery__VID__DRS__2019__VID_20190825_174105_607_recorded.mp4,Gallery__VID__DRS__2019__VID_20190825_174105_607_recorded.mp4,False,,,File not found in DB
C:\Users\micro\Documents\Better Up\Media-Manager\to-be-deleted\Gallery__VID__DRS__2019__VID_20190825_174603_641_recorded.mp4,Gallery__VID__DRS__2019__VID_20190825_174603_641_recorded.mp4,False,,,File not found in DB
C:\Users\micro\Documents\Better Up\Media-Manager\to-be-deleted\Gallery__VID__DRS__2019__VID_20190825_174851_707_recorded.mp4,Gallery__VID__DRS__2019__VID_20190825_174851_707_recorded.mp4,False,,,File not found in DB
C:\Users\micro\Documents\Better Up\Media-Manager\to-be-deleted\Gallery__VID__DRS__2019__VID_20190825_175130_075_recorded.mp4,Gallery__VID__DRS__2019__VID_20190825_175130_075_recorded.mp4,False,,,File not found in DB
C:\Users\micro\Documents\Better Up\Media-Manager\to-be-deleted\Gallery__VID__DRS__2019__VID_20190825_175415_222_recorded.mp4,Gallery__VID__DRS__2019__VID_20190825_175415_222_recorded.mp4,False,,,File not found in DB
C:\Users\micro\Documents\Better Up\Media-Manager\to-be-deleted\Gallery__VID__DRS__2019__VID_20190825_175706_436_recorded.mp4,Gallery__VID__DRS__2019__VID_20190825_175706_436_recorded.mp4,False,,,File not found in DB
C:\Users\micro\Documents\Better Up\Media-Manager\to-be-deleted\Gallery__VID__DRS__2019__VID_20190825_175854_989_recorded.mp4,Gallery__VID__DRS__2019__VID_20190825_175854_989_recorded.mp4,False,,,File not found in DB
C:\Users\micro\Documents\Better Up\Media-Manager\to-be-deleted\Gallery__VID__DRS__2019__VID_20190825_180222_819_recorded.mp4,Gallery__VID__DRS__2019__VID_20190825_180222_819_recorded.mp4,False,,,File not found in DB
C:\Users\micro\Documents\Better Up\Media-Manager\to-be-deleted\Gallery__VID__DRS__2019__VID_20190825_180515_674_recorded.mp4,Gallery__VID__DRS__2019__VID_20190825_180515_674_recorded.mp4,False,,,File not found in DB
C:\Users\micro\Documents\Better Up\Media-Manager\to-be-deleted\Gallery__VID__DRS__2019__VID_20190828_072148_574_recorded.mp4,Gallery__VID__DRS__2019__VID_20190828_072148_574_recorded.mp4,False,,,File not found in DB
C:\Users\micro\Documents\Better Up\Media-Manager\to-be-deleted\Gallery__VID__DRS__2019__VID_20190828_072455_050_recorded.mp4,Gallery__VID__DRS__2019__VID_20190828_072455_050_recorded.mp4,False,,,File not found in DB
C:\Users\micro\Documents\Better Up\Media-Manager\to-be-deleted\Gallery__VID__DRS__2019__VID_20190830_043503_769_recorded.mp4,Gallery__VID__DRS__2019__VID_20190830_043503_769_recorded.mp4,False,,,File not found in DB
C:\Users\micro\Documents\Better Up\Media-Manager\to-be-deleted\Gallery__VID__DRS__2019__VID_20190830_043741_579_recorded.mp4,Gallery__VID__DRS__2019__VID_20190830_043741_579_recorded.mp4,False,,,File not found in DB
C:\Users\micro\Documents\Better Up\Media-Manager\to-be-deleted\Gallery__VID__DRS__2019__VID_20190830_052314_691_recorded.mp4,Gallery__VID__DRS__2019__VID_20190830_052314_691_recorded.mp4,False,,,File not found in DB
C:\Users\micro\Documents\Better Up\Media-Manager\to-be-deleted\Gallery__VID__DRS__2019__VID_20190830_052658_977_recorded.mp4,Gallery__VID__DRS__2019__VID_20190830_052658_977_recorded.mp4,False,,,File not found in DB
C:\Users\micro\Documents\Better Up\Media-Manager\to-be-deleted\Gallery__VID__DRS__2019__VID_20190922_164823_878_recorded.mp4,Gallery__VID__DRS__2019__VID_20190922_164823_878_recorded.mp4,False,,,File not found in DB
C:\Users\micro\Documents\Better Up\Media-Manager\to-be-deleted\Gallery__VID__DRS__2019__VID_20190922_165124_370_recorded.mp4,Gallery__VID__DRS__2019__VID_20190922_165124_370_recorded.mp4,False,,,File not found in DB
C:\Users\micro\Documents\Better Up\Media-Manager\to-be-deleted\Gallery__VID__DRS__2019__VID_20190922_165613_688_recorded.mp4,Gallery__VID__DRS__2019__VID_20190922_165613_688_recorded.mp4,False,,,File not found in DB
C:\Users\micro\Documents\Better Up\Media-Manager\to-be-deleted\Gallery__VID__DRS__2019__VID_20190922_170150_642_recorded.mp4,Gallery__VID__DRS__2019__VID_20190922_170150_642_recorded.mp4,False,,,File not found in DB
C:\Users\micro\Documents\Better Up\Media-Manager\to-be-deleted\Gallery__VID__DRS__2019__VID_20190922_170427_834_recorded.mp4,Gallery__VID__DRS__2019__VID_20190922_170427_834_recorded.mp4,False,,,File not found in DB
C:\Users\micro\Documents\Better Up\Media-Manager\to-be-deleted\Gallery__VID__DRS__2019__VID_20190922_170728_048_recorded.mp4,Gallery__VID__DRS__2019__VID_20190922_170728_048_recorded.mp4,False,,,File not found in DB
C:\Users\micro\Documents\Better Up\Media-Manager\to-be-deleted\Gallery__VID__DRS__2019__VID_20190922_171023_518_recorded.mp4,Gallery__VID__DRS__2019__VID_20190922_171023_518_recorded.mp4,False,,,File not found in DB
C:\Users\micro\Documents\Better Up\Media-Manager\to-be-deleted\Gallery__VID__DRS__2019__VID_20190922_171317_129_recorded.mp4,Gallery__VID__DRS__2019__VID_20190922_171317_129_recorded.mp4,False,,,File not found in DB
C:\Users\micro\Documents\Better Up\Media-Manager\to-be-deleted\Gallery__VID__DRS__2019__VID_20190922_171540_345_recorded.mp4,Gallery__VID__DRS__2019__VID_20190922_171540_345_recorded.mp4,False,,,File not found in DB
C:\Users\micro\Documents\Better Up\Media-Manager\to-be-deleted\Gallery__VID__DRS__2019__VID_20190922_172717_630_recorded.mp4,Gallery__VID__DRS__2019__VID_20190922_172717_630_recorded.mp4,False,,,File not found in DB
C:\Users\micro\Documents\Better Up\Media-Manager\to-be-deleted\Gallery__VID__DRS__2019__VID_20190922_173116_612_recorded.mp4,Gallery__VID__DRS__2019__VID_20190922_173116_612_recorded.mp4,False,,,File not found in DB
C:\Users\micro\Documents\Better Up\Media-Manager\to-be-deleted\Gallery__VID__DRS__2019__VID_20190930_044633_428_recorded.mp4,Gallery__VID__DRS__2019__VID_20190930_044633_428_recorded.mp4,False,,,File not found in DB
C:\Users\micro\Documents\Better Up\Media-Manager\to-be-deleted\Gallery__VID__DRS__2019__VID_20190930_044819_644_recorded.mp4,Gallery__VID__DRS__2019__VID_20190930_044819_644_recorded.mp4,False,,,File not found in DB
C:\Users\micro\Documents\Better Up\Media-Manager\to-be-deleted\Gallery__VID__DRS__2019__VID_20190930_070248_433_recorded.mp4,Gallery__VID__DRS__2019__VID_20190930_070248_433_recorded.mp4,False,,,File not found in DB
C:\Users\micro\Documents\Better Up\Media-Manager\to-be-deleted\Gallery__VID__DRS__2019__VID_20191002_041204_436_recorded.mp4,Gallery__VID__DRS__2019__VID_20191002_041204_436_recorded.mp4,False,,,File not found in DB
C:\Users\micro\Documents\Better Up\Media-Manager\to-be-deleted\Gallery__VID__DRS__2019__VID_20191007_181716_991_recorded.mp4,Gallery__VID__DRS__2019__VID_20191007_181716_991_recorded.mp4,False,,,File not found in DB
C:\Users\micro\Documents\Better Up\Media-Manager\to-be-deleted\Gallery__VID__DRS__2019__VID_20191009_012258_523_recorded.mp4,Gallery__VID__DRS__2019__VID_20191009_012258_523_recorded.mp4,False,,,File not found in DB
C:\Users\micro\Documents\Better Up\Media-Manager\to-be-deleted\Gallery__VID__DRS__2019__VID_20191009_012835_727_recorded.mp4,Gallery__VID__DRS__2019__VID_20191009_012835_727_recorded.mp4,False,,,File not found in DB
C:\Users\micro\Documents\Better Up\Media-Manager\to-be-deleted\Gallery__VID__DRS__2019__VID_20191009_042205_218_recorded.mp4,Gallery__VID__DRS__2019__VID_20191009_042205_218_recorded.mp4,False,,,File not found in DB
C:\Users\micro\Documents\Better Up\Media-Manager\to-be-deleted\Gallery__VID__DRS__2019__VID_20191013_055628_002_recorded.mp4,Gallery__VID__DRS__2019__VID_20191013_055628_002_recorded.mp4,False,,,File not found in DB
C:\Users\micro\Documents\Better Up\Media-Manager\to-be-deleted\Gallery__VID__DRS__2019__VID_20191013_055628_882_recorded.mp4,Gallery__VID__DRS__2019__VID_20191013_055628_882_recorded.mp4,False,,,File not found in DB
C:\Users\micro\Documents\Better Up\Media-Manager\to-be-deleted\Gallery__VID__DRS__2019__VID_20191013_093010_818_recorded.mp4,Gallery__VID__DRS__2019__VID_20191013_093010_818_recorded.mp4,False,,,File not found in DB
C:\Users\micro\Documents\Better Up\Media-Manager\to-be-deleted\Gallery__VID__DRS__2019__VID_20191013_093437_707_recorded.mp4,Gallery__VID__DRS__2019__VID_20191013_093437_707_recorded.mp4,False,,,File not found in DB
C:\Users\micro\Documents\Better Up\Media-Manager\to-be-deleted\Gallery__VID__DRS__2019__VID_20191013_093815_954_recorded.mp4,Gallery__VID__DRS__2019__VID_20191013_093815_954_recorded.mp4,False,,,File not found in DB
C:\Users\micro\Documents\Better Up\Media-Manager\to-be-deleted\Gallery__VID__DRS__2019__VID_20191013_094116_259_recorded.mp4,Gallery__VID__DRS__2019__VID_20191013_094116_259_recorded.mp4,False,,,File not found in DB
C:\Users\micro\Documents\Better Up\Media-Manager\to-be-deleted\Gallery__VID__DRS__2019__VID_20191013_094406_613_recorded.mp4,Gallery__VID__DRS__2019__VID_20191013_094406_613_recorded.mp4,False,,,File not found in DB
C:\Users\micro\Documents\Better Up\Media-Manager\to-be-deleted\Gallery__VID__DRS__2019__VID_20191013_095025_434_recorded.mp4,Gallery__VID__DRS__2019__VID_20191013_095025_434_recorded.mp4,False,,,File not found in DB
C:\Users\micro\Documents\Better Up\Media-Manager\to-be-deleted\Gallery__VID__DRS__2019__VID_20191013_095322_379_recorded.mp4,Gallery__VID__DRS__2019__VID_20191013_095322_379_recorded.mp4,False,,,File not found in DB
C:\Users\micro\Documents\Better Up\Media-Manager\to-be-deleted\Gallery__VID__DRS__2019__VID_20191013_095611_564_recorded.mp4,Gallery__VID__DRS__2019__VID_20191013_095611_564_recorded.mp4,False,,,File not found in DB
C:\Users\micro\Documents\Better Up\Media-Manager\to-be-deleted\Gallery__VID__DRS__2019__VID_20191013_100036_366_recorded.mp4,Gallery__VID__DRS__2019__VID_20191013_100036_366_recorded.mp4,False,,,File not found in DB
C:\Users\micro\Documents\Better Up\Media-Manager\to-be-deleted\Gallery__VID__DRS__2019__VID_20191013_100612_319_recorded(1).mp4,Gallery__VID__DRS__2019__VID_20191013_100612_319_recorded(1).mp4,False,,,File not found in DB
C:\Users\micro\Documents\Better Up\Media-Manager\to-be-deleted\Gallery__VID__DRS__2019__VID_20191013_100918_691_recorded.mp4,Gallery__VID__DRS__2019__VID_20191013_100918_691_recorded.mp4,False,,,File not found in DB
C:\Users\micro\Documents\Better Up\Media-Manager\to-be-deleted\Gallery__VID__DRS__2019__VID_20191209_063339_321_recorded.mp4,Gallery__VID__DRS__2019__VID_20191209_063339_321_recorded.mp4,False,,,File not found in DB
C:\Users\micro\Documents\Better Up\Media-Manager\to-be-deleted\Gallery__VID__DRS__2019__VID_20191214_150656_291_recorded.mp4,Gallery__VID__DRS__2019__VID_20191214_150656_291_recorded.mp4,False,,,File not found in DB
C:\Users\micro\Documents\Better Up\Media-Manager\to-be-deleted\Gallery__VID__DRS__2019__VID_20191214_150946_332_recorded.mp4,Gallery__VID__DRS__2019__VID_20191214_150946_332_recorded.mp4,False,,,File not found in DB
C:\Users\micro\Documents\Better Up\Media-Manager\to-be-deleted\Gallery__VID__DRS__2019__VID_20191214_152018_526_recorded.mp4,Gallery__VID__DRS__2019__VID_20191214_152018_526_recorded.mp4,False,,,File not found in DB
C:\Users\micro\Documents\Better Up\Media-Manager\to-be-deleted\Gallery__VID__DRS__2019__VID_20191214_152258_240_recorded.mp4,Gallery__VID__DRS__2019__VID_20191214_152258_240_recorded.mp4,False,,,File not found in DB
C:\Users\micro\Documents\Better Up\Media-Manager\to-be-deleted\Gallery__VID__DRS__2019__VID_20191215_035730_158_recorded.mp4,Gallery__VID__DRS__2019__VID_20191215_035730_158_recorded.mp4,False,,,File not found in DB
C:\Users\micro\Documents\Better Up\Media-Manager\to-be-deleted\Gallery__VID__DRS__2019__VID_20191217_045609_610_recorded.mp4,Gallery__VID__DRS__2019__VID_20191217_045609_610_recorded.mp4,False,,,File not found in DB
C:\Users\micro\Documents\Better Up\Media-Manager\to-be-deleted\Gallery__VID__DRS__2019__VID_20191217_045744_438_recorded.mp4,Gallery__VID__DRS__2019__VID_20191217_045744_438_recorded.mp4,False,,,File not found in DB
C:\Users\micro\Documents\Better Up\Media-Manager\to-be-deleted\Gallery__VID__DRS__2019__VID_20191217_045932_852_recorded.mp4,Gallery__VID__DRS__2019__VID_20191217_045932_852_recorded.mp4,False,,,File not found in DB
C:\Users\micro\Documents\Better Up\Media-Manager\to-be-deleted\Gallery__VID__DRS__2019__VID_20191217_050405_915_recorded.mp4,Gallery__VID__DRS__2019__VID_20191217_050405_915_recorded.mp4,False,,,File not found in DB
C:\Users\micro\Documents\Better Up\Media-Manager\to-be-deleted\Gallery__VID__DRS__2019__VID_20191217_050649_754_recorded.mp4,Gallery__VID__DRS__2019__VID_20191217_050649_754_recorded.mp4,False,,,File not found in DB
C:\Users\micro\Documents\Better Up\Media-Manager\to-be-deleted\Gallery__VID__DRS__2019__VID_20191217_050944_634_recorded.mp4,Gallery__VID__DRS__2019__VID_20191217_050944_634_recorded.mp4,False,,,File not found in DB
C:\Users\micro\Documents\Better Up\Media-Manager\to-be-deleted\Gallery__VID__DRS__2020__QVR_2020_09_17_11_29_37.m4v,Gallery__VID__DRS__2020__QVR_2020_09_17_11_29_37.m4v,False,,,File not found in DB
C:\Users\micro\Documents\Better Up\Media-Manager\to-be-deleted\Gallery__VID__DRS__2020__QVR_2020_10_19_10_49_09.m4v,Gallery__VID__DRS__2020__QVR_2020_10_19_10_49_09.m4v,False,,,File not found in DB
C:\Users\micro\Documents\Better Up\Media-Manager\to-be-deleted\Gallery__VID__DRS__2020__VID_20200104_174013_758_recorded.mp4,Gallery__VID__DRS__2020__VID_20200104_174013_758_recorded.mp4,False,,,File not found in DB
C:\Users\micro\Documents\Better Up\Media-Manager\to-be-deleted\Gallery__VID__DRS__2020__VID_20200104_174127_647_recorded.mp4,Gallery__VID__DRS__2020__VID_20200104_174127_647_recorded.mp4,False,,,File not found in DB
C:\Users\micro\Documents\Better Up\Media-Manager\to-be-deleted\Gallery__VID__DRS__2020__VID_20200104_174602_463_recorded.mp4,Gallery__VID__DRS__2020__VID_20200104_174602_463_recorded.mp4,False,,,File not found in DB
C:\Users\micro\Documents\Better Up\Media-Manager\to-be-deleted\Gallery__VID__DRS__2020__VID_20200104_174805_130_recorded.mp4,Gallery__VID__DRS__2020__VID_20200104_174805_130_recorded.mp4,False,,,File not found in DB
C:\Users\micro\Documents\Better Up\Media-Manager\to-be-deleted\Gallery__VID__DRS__2020__VID_20200104_175108_910_recorded.mp4,Gallery__VID__DRS__2020__VID_20200104_175108_910_recorded.mp4,False,,,File not found in DB
C:\Users\micro\Documents\Better Up\Media-Manager\to-be-deleted\Gallery__VID__DRS__2020__VID_20200106_050759_324_recorded.mp4,Gallery__VID__DRS__2020__VID_20200106_050759_324_recorded.mp4,False,,,File not found in DB
C:\Users\micro\Documents\Better Up\Media-Manager\to-be-deleted\Gallery__VID__DRS__2020__VID_20200106_050926_075_recorded.mp4,Gallery__VID__DRS__2020__VID_20200106_050926_075_recorded.mp4,False,,,File not found in DB
C:\Users\micro\Documents\Better Up\Media-Manager\to-be-deleted\Gallery__VID__DRS__2020__VID_20200106_051213_342_recorded.mp4,Gallery__VID__DRS__2020__VID_20200106_051213_342_recorded.mp4,False,,,File not found in DB
C:\Users\micro\Documents\Better Up\Media-Manager\to-be-deleted\Gallery__VID__DRS__2020__VID_20200106_051454_594_recorded.mp4,Gallery__VID__DRS__2020__VID_20200106_051454_594_recorded.mp4,False,,,File not found in DB
C:\Users\micro\Documents\Better Up\Media-Manager\to-be-deleted\Gallery__VID__DRS__2020__VID_20200106_051801_109_recorded.mp4,Gallery__VID__DRS__2020__VID_20200106_051801_109_recorded.mp4,False,,,File not found in DB
C:\Users\micro\Documents\Better Up\Media-Manager\to-be-deleted\Gallery__VID__DRS__2020__VID_20200106_051957_106_recorded.mp4,Gallery__VID__DRS__2020__VID_20200106_051957_106_recorded.mp4,False,,,File not found in DB
C:\Users\micro\Documents\Better Up\Media-Manager\to-be-deleted\Gallery__VID__DRS__2020__VID_20200106_065739_707_recorded.mp4,Gallery__VID__DRS__2020__VID_20200106_065739_707_recorded.mp4,False,,,File not found in DB
C:\Users\micro\Documents\Better Up\Media-Manager\to-be-deleted\Gallery__VID__DRS__2020__VID_20200106_070046_639_recorded.mp4,Gallery__VID__DRS__2020__VID_20200106_070046_639_recorded.mp4,False,,,File not found in DB
C:\Users\micro\Documents\Better Up\Media-Manager\to-be-deleted\Gallery__VID__DRS__2020__VID_20200106_070400_192_recorded.mp4,Gallery__VID__DRS__2020__VID_20200106_070400_192_recorded.mp4,False,,,File not found in DB
C:\Users\micro\Documents\Better Up\Media-Manager\to-be-deleted\Gallery__VID__DRS__2020__VID_20200110_052016_136_recorded.mp4,Gallery__VID__DRS__2020__VID_20200110_052016_136_recorded.mp4,False,,,File not found in DB
C:\Users\micro\Documents\Better Up\Media-Manager\to-be-deleted\Gallery__VID__DRS__2020__VID_20200110_052327_017_recorded.mp4,Gallery__VID__DRS__2020__VID_20200110_052327_017_recorded.mp4,False,,,File not found in DB
C:\Users\micro\Documents\Better Up\Media-Manager\to-be-deleted\Gallery__VID__DRS__2020__VID_20200110_053201_383_recorded.mp4,Gallery__VID__DRS__2020__VID_20200110_053201_383_recorded.mp4,False,,,File not found in DB
C:\Users\micro\Documents\Better Up\Media-Manager\to-be-deleted\Gallery__VID__DRS__2020__VID_20200110_053546_763_recorded.mp4,Gallery__VID__DRS__2020__VID_20200110_053546_763_recorded.mp4,False,,,File not found in DB
C:\Users\micro\Documents\Better Up\Media-Manager\to-be-deleted\Gallery__VID__DRS__2020__VID_20200110_053822_174_recorded.mp4,Gallery__VID__DRS__2020__VID_20200110_053822_174_recorded.mp4,False,,,File not found in DB
C:\Users\micro\Documents\Better Up\Media-Manager\to-be-deleted\Gallery__VID__DRS__2020__VID_20200110_054235_661_recorded.mp4,Gallery__VID__DRS__2020__VID_20200110_054235_661_recorded.mp4,False,,,File not found in DB
C:\Users\micro\Documents\Better Up\Media-Manager\to-be-deleted\Gallery__VID__DRS__2020__VID_20200119_120340_425_recorded.mp4,Gallery__VID__DRS__2020__VID_20200119_120340_425_recorded.mp4,False,,,File not found in DB
C:\Users\micro\Documents\Better Up\Media-Manager\to-be-deleted\Gallery__VID__DRS__2020__VID_20200119_120738_231_recorded.mp4,Gallery__VID__DRS__2020__VID_20200119_120738_231_recorded.mp4,False,,,File not found in DB
C:\Users\micro\Documents\Better Up\Media-Manager\to-be-deleted\Gallery__VID__DRS__2020__VID_20200119_120821_231_recorded.mp4,Gallery__VID__DRS__2020__VID_20200119_120821_231_recorded.mp4,False,,,File not found in DB
C:\Users\micro\Documents\Better Up\Media-Manager\to-be-deleted\Gallery__VID__DRS__2020__VID_20200119_121149_430_recorded.mp4,Gallery__VID__DRS__2020__VID_20200119_121149_430_recorded.mp4,False,,,File not found in DB
C:\Users\micro\Documents\Better Up\Media-Manager\to-be-deleted\Gallery__VID__DRS__2020__VID_20200119_121434_376_recorded.mp4,Gallery__VID__DRS__2020__VID_20200119_121434_376_recorded.mp4,False,,,File not found in DB
C:\Users\micro\Documents\Better Up\Media-Manager\to-be-deleted\Gallery__VID__DRS__2020__VID_20200119_121722_830_recorded.mp4,Gallery__VID__DRS__2020__VID_20200119_121722_830_recorded.mp4,False,,,File not found in DB
C:\Users\micro\Documents\Better Up\Media-Manager\to-be-deleted\Gallery__VID__DRS__2020__VID_20200119_122019_148_recorded.mp4,Gallery__VID__DRS__2020__VID_20200119_122019_148_recorded.mp4,False,,,File not found in DB
C:\Users\micro\Documents\Better Up\Media-Manager\to-be-deleted\Gallery__VID__DRS__2020__VID_20200122_071759_931_recorded.mp4,Gallery__VID__DRS__2020__VID_20200122_071759_931_recorded.mp4,False,,,File not found in DB
C:\Users\micro\Documents\Better Up\Media-Manager\to-be-deleted\Gallery__VID__DRS__2020__VID_20200122_072057_067_recorded.mp4,Gallery__VID__DRS__2020__VID_20200122_072057_067_recorded.mp4,False,,,File not found in DB
C:\Users\micro\Documents\Better Up\Media-Manager\to-be-deleted\Gallery__VID__DRS__2020__VID_20200122_200543_518_recorded.mp4,Gallery__VID__DRS__2020__VID_20200122_200543_518_recorded.mp4,False,,,File not found in DB
C:\Users\micro\Documents\Better Up\Media-Manager\to-be-deleted\Gallery__VID__DRS__2020__VID_20200127_071431_921_recorded.mp4,Gallery__VID__DRS__2020__VID_20200127_071431_921_recorded.mp4,False,,,File not found in DB
C:\Users\micro\Documents\Better Up\Media-Manager\to-be-deleted\Gallery__VID__DRS__2020__VID_20200127_071714_528_recorded.mp4,Gallery__VID__DRS__2020__VID_20200127_071714_528_recorded.mp4,False,,,File not found in DB
C:\Users\micro\Documents\Better Up\Media-Manager\to-be-deleted\Gallery__VID__DRS__2020__VID_20200131_065617_503_recorded.mp4,Gallery__VID__DRS__2020__VID_20200131_065617_503_recorded.mp4,False,,,File not found in DB
C:\Users\micro\Documents\Better Up\Media-Manager\to-be-deleted\Gallery__VID__DRS__2020__VID_20200131_070029_026_recorded.mp4,Gallery__VID__DRS__2020__VID_20200131_070029_026_recorded.mp4,False,,,File not found in DB
C:\Users\micro\Documents\Better Up\Media-Manager\to-be-deleted\Gallery__VID__DRS__2020__VID_20200131_110427_797_recorded.mp4,Gallery__VID__DRS__2020__VID_20200131_110427_797_recorded.mp4,False,,,File not found in DB
C:\Users\micro\Documents\Better Up\Media-Manager\to-be-deleted\Gallery__VID__DRS__2020__VID_20200131_110601_123_recorded.mp4,Gallery__VID__DRS__2020__VID_20200131_110601_123_recorded.mp4,False,,,File not found in DB
C:\Users\micro\Documents\Better Up\Media-Manager\to-be-deleted\Gallery__VID__DRS__2020__VID_20200131_110718_428_recorded.mp4,Gallery__VID__DRS__2020__VID_20200131_110718_428_recorded.mp4,False,,,File not found in DB
C:\Users\micro\Documents\Better Up\Media-Manager\to-be-deleted\Gallery__VID__DRS__2020__VID_20200131_111150_524_recorded.mp4,Gallery__VID__DRS__2020__VID_20200131_111150_524_recorded.mp4,False,,,File not found in DB
C:\Users\micro\Documents\Better Up\Media-Manager\to-be-deleted\Gallery__VID__DRS__2020__VID_20200131_112200_114_recorded.mp4,Gallery__VID__DRS__2020__VID_20200131_112200_114_recorded.mp4,False,,,File not found in DB
C:\Users\micro\Documents\Better Up\Media-Manager\to-be-deleted\Gallery__VID__DRS__2020__VID_20200131_112739_159_recorded.mp4,Gallery__VID__DRS__2020__VID_20200131_112739_159_recorded.mp4,False,,,File not found in DB
C:\Users\micro\Documents\Better Up\Media-Manager\to-be-deleted\Gallery__VID__DRS__2020__VID_20200131_113846_674_recorded.mp4,Gallery__VID__DRS__2020__VID_20200131_113846_674_recorded.mp4,False,,,File not found in DB
C:\Users\micro\Documents\Better Up\Media-Manager\to-be-deleted\Gallery__VID__DRS__2020__VID_20200131_114426_350_recorded.mp4,Gallery__VID__DRS__2020__VID_20200131_114426_350_recorded.mp4,False,,,File not found in DB
C:\Users\micro\Documents\Better Up\Media-Manager\to-be-deleted\Gallery__VID__DRS__2020__VID_20200131_115028_902_recorded.mp4,Gallery__VID__DRS__2020__VID_20200131_115028_902_recorded.mp4,False,,,File not found in DB
C:\Users\micro\Documents\Better Up\Media-Manager\to-be-deleted\Gallery__VID__DRS__2020__VID_20200131_115324_660_recorded.mp4,Gallery__VID__DRS__2020__VID_20200131_115324_660_recorded.mp4,False,,,File not found in DB
C:\Users\micro\Documents\Better Up\Media-Manager\to-be-deleted\Gallery__VID__DRS__2020__VID_20200131_115603_879_recorded.mp4,Gallery__VID__DRS__2020__VID_20200131_115603_879_recorded.mp4,False,,,File not found in DB
C:\Users\micro\Documents\Better Up\Media-Manager\to-be-deleted\Gallery__VID__DRS__2020__VID_20200131_120624_919_recorded.mp4,Gallery__VID__DRS__2020__VID_20200131_120624_919_recorded.mp4,False,,,File not found in DB
C:\Users\micro\Documents\Better Up\Media-Manager\to-be-deleted\Gallery__VID__DRS__2020__VID_20200131_120821_542_recorded.mp4,Gallery__VID__DRS__2020__VID_20200131_120821_542_recorded.mp4,False,,,File not found in DB
C:\Users\micro\Documents\Better Up\Media-Manager\to-be-deleted\Gallery__VID__DRS__2020__VID_20200201_132705_266_recorded.mp4,Gallery__VID__DRS__2020__VID_20200201_132705_266_recorded.mp4,False,,,File not found in DB
C:\Users\micro\Documents\Better Up\Media-Manager\to-be-deleted\Gallery__VID__DRS__2020__VID_20200202_085526_468_recorded.mp4,Gallery__VID__DRS__2020__VID_20200202_085526_468_recorded.mp4,False,,,File not found in DB
C:\Users\micro\Documents\Better Up\Media-Manager\to-be-deleted\Gallery__VID__DRS__2020__VID_20200202_085802_994_recorded.mp4,Gallery__VID__DRS__2020__VID_20200202_085802_994_recorded.mp4,False,,,File not found in DB
C:\Users\micro\Documents\Better Up\Media-Manager\to-be-deleted\Gallery__VID__DRS__2020__VID_20200202_090103_393_recorded.mp4,Gallery__VID__DRS__2020__VID_20200202_090103_393_recorded.mp4,False,,,File not found in DB
C:\Users\micro\Documents\Better Up\Media-Manager\to-be-deleted\Gallery__VID__DRS__2020__VID_20200207_074831_600_recorded.mp4,Gallery__VID__DRS__2020__VID_20200207_074831_600_recorded.mp4,False,,,File not found in DB
C:\Users\micro\Documents\Better Up\Media-Manager\to-be-deleted\Gallery__VID__DRS__2020__VID_20200210_210211_131_recorded.mp4,Gallery__VID__DRS__2020__VID_20200210_210211_131_recorded.mp4,False,,,File not found in DB
C:\Users\micro\Documents\Better Up\Media-Manager\to-be-deleted\Gallery__VID__DRS__2020__VID_20200210_210329_754_recorded.mp4,Gallery__VID__DRS__2020__VID_20200210_210329_754_recorded.mp4,False,,,File not found in DB
C:\Users\micro\Documents\Better Up\Media-Manager\to-be-deleted\Gallery__VID__DRS__2020__VID_20200210_210714_844_recorded.mp4,Gallery__VID__DRS__2020__VID_20200210_210714_844_recorded.mp4,False,,,File not found in DB
C:\Users\micro\Documents\Better Up\Media-Manager\to-be-deleted\Gallery__VID__DRS__2020__VID_20200210_211328_656_recorded.mp4,Gallery__VID__DRS__2020__VID_20200210_211328_656_recorded.mp4,False,,,File not found in DB
C:\Users\micro\Documents\Better Up\Media-Manager\to-be-deleted\Gallery__VID__DRS__2020__VID_20200217_102121_485_recorded.mp4,Gallery__VID__DRS__2020__VID_20200217_102121_485_recorded.mp4,False,,,File not found in DB
C:\Users\micro\Documents\Better Up\Media-Manager\to-be-deleted\Gallery__VID__DRS__2020__VID_20200217_103915_389_recorded.mp4,Gallery__VID__DRS__2020__VID_20200217_103915_389_recorded.mp4,False,,,File not found in DB
C:\Users\micro\Documents\Better Up\Media-Manager\to-be-deleted\Gallery__VID__DRS__2020__VID_20200308_135437_450_recorded.mp4,Gallery__VID__DRS__2020__VID_20200308_135437_450_recorded.mp4,False,,,File not found in DB
C:\Users\micro\Documents\Better Up\Media-Manager\to-be-deleted\Gallery__VID__DRS__2020__VID_20200308_135551_026_recorded.mp4,Gallery__VID__DRS__2020__VID_20200308_135551_026_recorded.mp4,False,,,File not found in DB
C:\Users\micro\Documents\Better Up\Media-Manager\to-be-deleted\Gallery__VID__DRS__2020__VID_20200308_135716_073_recorded.mp4,Gallery__VID__DRS__2020__VID_20200308_135716_073_recorded.mp4,False,,,File not found in DB
C:\Users\micro\Documents\Better Up\Media-Manager\to-be-deleted\Gallery__VID__DRS__2020__VID_20200330_093531_662_recorded.mp4,Gallery__VID__DRS__2020__VID_20200330_093531_662_recorded.mp4,False,,,File not found in DB
C:\Users\micro\Documents\Better Up\Media-Manager\to-be-deleted\Gallery__VID__DRS__2020__VID_20200330_093823_123_recorded.mp4,Gallery__VID__DRS__2020__VID_20200330_093823_123_recorded.mp4,False,,,File not found in DB
C:\Users\micro\Documents\Better Up\Media-Manager\to-be-deleted\Gallery__VID__DRS__2020__VID_20200330_094333_313_recorded.mp4,Gallery__VID__DRS__2020__VID_20200330_094333_313_recorded.mp4,False,,,File not found in DB
C:\Users\micro\Documents\Better Up\Media-Manager\to-be-deleted\Gallery__VID__DRS__2020__VID_20200330_094716_081_recorded.mp4,Gallery__VID__DRS__2020__VID_20200330_094716_081_recorded.mp4,False,,,File not found in DB
C:\Users\micro\Documents\Better Up\Media-Manager\to-be-deleted\Gallery__VID__DRS__2020__VID_20200330_094829_658_recorded.mp4,Gallery__VID__DRS__2020__VID_20200330_094829_658_recorded.mp4,False,,,File not found in DB
C:\Users\micro\Documents\Better Up\Media-Manager\to-be-deleted\Gallery__VID__DRS__2020__VID_20200330_094942_527_recorded.mp4,Gallery__VID__DRS__2020__VID_20200330_094942_527_recorded.mp4,False,,,File not found in DB
C:\Users\micro\Documents\Better Up\Media-Manager\to-be-deleted\Gallery__VID__DRS__2020__VID_20200330_095109_078_recorded.mp4,Gallery__VID__DRS__2020__VID_20200330_095109_078_recorded.mp4,False,,,File not found in DB
C:\Users\micro\Documents\Better Up\Media-Manager\to-be-deleted\Gallery__VID__DRS__2020__VID_20200330_095237_901_recorded.mp4,Gallery__VID__DRS__2020__VID_20200330_095237_901_recorded.mp4,False,,,File not found in DB
C:\Users\micro\Documents\Better Up\Media-Manager\to-be-deleted\Gallery__VID__DRS__2020__VID_20200330_100019_589_recorded.mp4,Gallery__VID__DRS__2020__VID_20200330_100019_589_recorded.mp4,False,,,File not found in DB
C:\Users\micro\Documents\Better Up\Media-Manager\to-be-deleted\Gallery__VID__DRS__2020__VID_20200330_100153_721_recorded.mp4,Gallery__VID__DRS__2020__VID_20200330_100153_721_recorded.mp4,False,,,File not found in DB
C:\Users\micro\Documents\Better Up\Media-Manager\to-be-deleted\Gallery__VID__DRS__2020__VID_20200330_100303_086_recorded.mp4,Gallery__VID__DRS__2020__VID_20200330_100303_086_recorded.mp4,False,,,File not found in DB
C:\Users\micro\Documents\Better Up\Media-Manager\to-be-deleted\Gallery__VID__DRS__2020__VID_20200330_100322_520_recorded.mp4,Gallery__VID__DRS__2020__VID_20200330_100322_520_recorded.mp4,False,,,File not found in DB
C:\Users\micro\Documents\Better Up\Media-Manager\to-be-deleted\Gallery__VID__DRS__2020__VID_20200330_100451_292_recorded.mp4,Gallery__VID__DRS__2020__VID_20200330_100451_292_recorded.mp4,False,,,File not found in DB
C:\Users\micro\Documents\Better Up\Media-Manager\to-be-deleted\Gallery__VID__DRS__2020__VID_20200330_100956_679_recorded.mp4,Gallery__VID__DRS__2020__VID_20200330_100956_679_recorded.mp4,False,,,File not found in DB
C:\Users\micro\Documents\Better Up\Media-Manager\to-be-deleted\Gallery__VID__DRS__2020__VID_20200330_101019_079_recorded.mp4,Gallery__VID__DRS__2020__VID_20200330_101019_079_recorded.mp4,False,,,File not found in DB
C:\Users\micro\Documents\Better Up\Media-Manager\to-be-deleted\Gallery__VID__DRS__2020__VID_20200330_101136_632_recorded.mp4,Gallery__VID__DRS__2020__VID_20200330_101136_632_recorded.mp4,False,,,File not found in DB
C:\Users\micro\Documents\Better Up\Media-Manager\to-be-deleted\Gallery__VID__DRS__2020__VID_20200408_095846_335_recorded.mp4,Gallery__VID__DRS__2020__VID_20200408_095846_335_recorded.mp4,False,,,File not found in DB
C:\Users\micro\Documents\Better Up\Media-Manager\to-be-deleted\Gallery__VID__DRS__2020__VID_59720523_235207_650.mp4,Gallery__VID__DRS__2020__VID_59720523_235207_650.mp4,False,,,File not found in DB
C:\Users\micro\Documents\Better Up\Media-Manager\to-be-deleted\Gallery__VID__DRS__2020__VID_59750713_003148_863.mp4,Gallery__VID__DRS__2020__VID_59750713_003148_863.mp4,False,,,File not found in DB
C:\Users\micro\Documents\Better Up\Media-Manager\to-be-deleted\Gallery__VID__DRS__2020__VID_59780825_184217_523.mp4,Gallery__VID__DRS__2020__VID_59780825_184217_523.mp4,False,,,File not found in DB
C:\Users\micro\Documents\Better Up\Media-Manager\to-be-deleted\Gallery__VID__DRS__2020__VID_59820405_100948_729.mp4,Gallery__VID__DRS__2020__VID_59820405_100948_729.mp4,False,,,File not found in DB
C:\Users\micro\Documents\Better Up\Media-Manager\to-be-deleted\Gallery__VID__DRS__2020__VID_75691023_010011_754.mp4,Gallery__VID__DRS__2020__VID_75691023_010011_754.mp4,False,,,File not found in DB
C:\Users\micro\Documents\Better Up\Media-Manager\to-be-deleted\Gallery__VID__DRS__2020__VID_75860712_045959_053.mp4,Gallery__VID__DRS__2020__VID_75860712_045959_053.mp4,False,,,File not found in DB
C:\Users\micro\Documents\Better Up\Media-Manager\to-be-deleted\Gallery__VID__DRS__2021__QVR_2021_01_18_10_44_58.m4v,Gallery__VID__DRS__2021__QVR_2021_01_18_10_44_58.m4v,False,,,File not found in DB
C:\Users\micro\Documents\Better Up\Media-Manager\to-be-deleted\Gallery__VID__DRS__2021__QVR_2021_01_18_11_06_42.m4v,Gallery__VID__DRS__2021__QVR_2021_01_18_11_06_42.m4v,False,,,File not found in DB
C:\Users\micro\Documents\Better Up\Media-Manager\to-be-deleted\Gallery__VID__DRS__2021__QVR_2021_02_01_09_39_26.m4v,Gallery__VID__DRS__2021__QVR_2021_02_01_09_39_26.m4v,False,,,File not found in DB
C:\Users\micro\Documents\Better Up\Media-Manager\to-be-deleted\Gallery__VID__DRS__2021__QVR_2021_03_22_11_21_56.mp4,Gallery__VID__DRS__2021__QVR_2021_03_22_11_21_56.mp4,False,,,File not found in DB
C:\Users\micro\Documents\Better Up\Media-Manager\to-be-deleted\Gallery__VID__DRS__2021__QVR_2021_09_13_09_12_09.m4v,Gallery__VID__DRS__2021__QVR_2021_09_13_09_12_09.m4v,False,,,File not found in DB
C:\Users\micro\Documents\Better Up\Media-Manager\to-be-deleted\Gallery__VID__DRS__2021__QVR_2021_09_13_10_32_59.m4v,Gallery__VID__DRS__2021__QVR_2021_09_13_10_32_59.m4v,False,,,File not found in DB
C:\Users\micro\Documents\Better Up\Media-Manager\to-be-deleted\Gallery__VID__DRS__2021__QVR_2021_10_08_09_09_28.m4v,Gallery__VID__DRS__2021__QVR_2021_10_08_09_09_28.m4v,False,,,File not found in DB
C:\Users\micro\Documents\Better Up\Media-Manager\to-be-deleted\Gallery__VID__DRS__2021__QVR_2021_10_08_09_22_47.m4v,Gallery__VID__DRS__2021__QVR_2021_10_08_09_22_47.m4v,False,,,File not found in DB
C:\Users\micro\Documents\Better Up\Media-Manager\to-be-deleted\Gallery__VID__DRS__2021__QVR_2021_10_08_09_58_59.m4v,Gallery__VID__DRS__2021__QVR_2021_10_08_09_58_59.m4v,False,,,File not found in DB
C:\Users\micro\Documents\Better Up\Media-Manager\to-be-deleted\Gallery__VID__DRS__2021__QVR_2021_10_08_10_21_53.m4v,Gallery__VID__DRS__2021__QVR_2021_10_08_10_21_53.m4v,False,,,File not found in DB
C:\Users\micro\Documents\Better Up\Media-Manager\to-be-deleted\Gallery__VID__DRS__2021__VID_152421205_134829_386.mp4,Gallery__VID__DRS__2021__VID_152421205_134829_386.mp4,False,,,File not found in DB
C:\Users\micro\Documents\Better Up\Media-Manager\to-be-deleted\Gallery__VID__DRS__2021__VID_152490403_093314_466.mp4,Gallery__VID__DRS__2021__VID_152490403_093314_466.mp4,False,,,File not found in DB
C:\Users\micro\Documents\Better Up\Media-Manager\to-be-deleted\Gallery__VID__DRS__2021__VID_152511128_043515_215.mp4,Gallery__VID__DRS__2021__VID_152511128_043515_215.mp4,False,,,File not found in DB
C:\Users\micro\Documents\Better Up\Media-Manager\to-be-deleted\Gallery__VID__DRS__2021__VID_153710317_082318_988.mp4,Gallery__VID__DRS__2021__VID_153710317_082318_988.mp4,False,,,File not found in DB
C:\Users\micro\Documents\Better Up\Media-Manager\to-be-deleted\Gallery__VID__DRS__2021__VID_153730913_025724_582.mp4,Gallery__VID__DRS__2021__VID_153730913_025724_582.mp4,False,,,File not found in DB
C:\Users\micro\Documents\Better Up\Media-Manager\to-be-deleted\Gallery__VID__DRS__2021__VID_153870719_140018_687.mp4,Gallery__VID__DRS__2021__VID_153870719_140018_687.mp4,False,,,File not found in DB
C:\Users\micro\Documents\Better Up\Media-Manager\to-be-deleted\Gallery__VID__DRS__2021__VID_198450103_234310_340.mp4,Gallery__VID__DRS__2021__VID_198450103_234310_340.mp4,False,,,File not found in DB
C:\Users\micro\Documents\Better Up\Media-Manager\to-be-deleted\Gallery__VID__DRS__2021__VID_34561026_152543_715.mp4,Gallery__VID__DRS__2021__VID_34561026_152543_715.mp4,False,,,File not found in DB
C:\Users\micro\Documents\Better Up\Media-Manager\to-be-deleted\Gallery__VID__DRS__2021__VID_34590806_153129_046.mp4,Gallery__VID__DRS__2021__VID_34590806_153129_046.mp4,False,,,File not found in DB
C:\Users\micro\Documents\Better Up\Media-Manager\to-be-deleted\Gallery__VID__DRS__2021__VID_34820509_193507_054.mp4,Gallery__VID__DRS__2021__VID_34820509_193507_054.mp4,False,,,File not found in DB
C:\Users\micro\Documents\Better Up\Media-Manager\to-be-deleted\Gallery__VID__DRS__2021__VID_34820818_030224_082.mp4,Gallery__VID__DRS__2021__VID_34820818_030224_082.mp4,False,,,File not found in DB
C:\Users\micro\Documents\Better Up\Media-Manager\to-be-deleted\Gallery__VID__DRS__2021__VID_34821116_194116_475.mp4,Gallery__VID__DRS__2021__VID_34821116_194116_475.mp4,False,,,File not found in DB
C:\Users\micro\Documents\Better Up\Media-Manager\to-be-deleted\Gallery__VID__DRS__2021__VID_34830214_063931_992.mp4,Gallery__VID__DRS__2021__VID_34830214_063931_992.mp4,False,,,File not found in DB
C:\Users\micro\Documents\Better Up\Media-Manager\to-be-deleted\Gallery__VID__DRS__2021__VID_51160818_035335_868.mp4,Gallery__VID__DRS__2021__VID_51160818_035335_868.mp4,False,,,File not found in DB
C:\Users\micro\Documents\Better Up\Media-Manager\to-be-deleted\Gallery__VID__DRS__2021__VID_51240521_061650_410.mp4,Gallery__VID__DRS__2021__VID_51240521_061650_410.mp4,False,,,File not found in DB
C:\Users\micro\Documents\Better Up\Media-Manager\to-be-deleted\Gallery__VID__DRS__2021__VID_51320325_101818_024.mp4,Gallery__VID__DRS__2021__VID_51320325_101818_024.mp4,False,,,File not found in DB
C:\Users\micro\Documents\Better Up\Media-Manager\to-be-deleted\Gallery__VID__DRS__2021__VID_54821128_063513_543.mp4,Gallery__VID__DRS__2021__VID_54821128_063513_543.mp4,False,,,File not found in DB
C:\Users\micro\Documents\Better Up\Media-Manager\to-be-deleted\Gallery__VID__DRS__2021__VID_54830219_015132_030.mp4,Gallery__VID__DRS__2021__VID_54830219_015132_030.mp4,False,,,File not found in DB
C:\Users\micro\Documents\Better Up\Media-Manager\to-be-deleted\Gallery__VID__DRS__2021__VID_54830505_223143_746.mp4,Gallery__VID__DRS__2021__VID_54830505_223143_746.mp4,False,,,File not found in DB
C:\Users\micro\Documents\Better Up\Media-Manager\to-be-deleted\Gallery__VID__DRS__2021__VID_54830726_134654_942.mp4,Gallery__VID__DRS__2021__VID_54830726_134654_942.mp4,False,,,File not found in DB
C:\Users\micro\Documents\Better Up\Media-Manager\to-be-deleted\Gallery__VID__DRS__2021__VID_61700822_001249_170.mp4,Gallery__VID__DRS__2021__VID_61700822_001249_170.mp4,False,,,File not found in DB
C:\Users\micro\Documents\Better Up\Media-Manager\to-be-deleted\Gallery__VID__DRS__2021__VID_61710613_042721_817.mp4,Gallery__VID__DRS__2021__VID_61710613_042721_817.mp4,False,,,File not found in DB
C:\Users\micro\Documents\Better Up\Media-Manager\to-be-deleted\Gallery__VID__DRS__2021__VID_61720908_174736_333.mp4,Gallery__VID__DRS__2021__VID_61720908_174736_333.mp4,False,,,File not found in DB
C:\Users\micro\Documents\Better Up\Media-Manager\to-be-deleted\Gallery__VID__DRS__2021__VID_61730114_235415_860.mp4,Gallery__VID__DRS__2021__VID_61730114_235415_860.mp4,False,,,File not found in DB
C:\Users\micro\Documents\Better Up\Media-Manager\to-be-deleted\Gallery__VID__DRS__2021__VID_86820626_044147_735.mp4,Gallery__VID__DRS__2021__VID_86820626_044147_735.mp4,False,,,File not found in DB
C:\Users\micro\Documents\Better Up\Media-Manager\to-be-deleted\Gallery__VID__DRS__2021__VID_86830202_152915_905.mp4,Gallery__VID__DRS__2021__VID_86830202_152915_905.mp4,False,,,File not found in DB
C:\Users\micro\Documents\Better Up\Media-Manager\to-be-deleted\Gallery__VID__DRS__2021__VID_86840507_064745_473.mp4,Gallery__VID__DRS__2021__VID_86840507_064745_473.mp4,False,,,File not found in DB
C:\Users\micro\Documents\Better Up\Media-Manager\to-be-deleted\Gallery__VID__DRS__2021__VID_87030120_104515_248.mp4,Gallery__VID__DRS__2021__VID_87030120_104515_248.mp4,False,,,File not found in DB
C:\Users\micro\Documents\Better Up\Media-Manager\to-be-deleted\Gallery__VID__DRS__2021__YouCamVideo_20211110_073901.mp4,Gallery__VID__DRS__2021__YouCamVideo_20211110_073901.mp4,False,,,File not found in DB
C:\Users\micro\Documents\Better Up\Media-Manager\to-be-deleted\Gallery__VID__DRS__2024__PXL_20240312_045017251.TS.mp4,Gallery__VID__DRS__2024__PXL_20240312_045017251.TS.mp4,False,,,File not found in DB
C:\Users\micro\Documents\Better Up\Media-Manager\to-be-deleted\Gallery__VID__DRS__2024__PXL_20240312_061222965.TS.mp4,Gallery__VID__DRS__2024__PXL_20240312_061222965.TS.mp4,False,,,File not found in DB
C:\Users\micro\Documents\Better Up\Media-Manager\to-be-deleted\Gallery__VID__DRS__2024__PXL_20240810_104636902.TS.mp4,Gallery__VID__DRS__2024__PXL_20240810_104636902.TS.mp4,False,,,File not found in DB
C:\Users\micro\Documents\Better Up\Media-Manager\to-be-deleted\Gallery__VID__DRS__2024__PXL_20240816_085011908.TS.mp4,Gallery__VID__DRS__2024__PXL_20240816_085011908.TS.mp4,False,,,File not found in DB
C:\Users\micro\Documents\Better Up\Media-Manager\to-be-deleted\Gallery__VID__DRS__2024__PXL_20240816_085119118.TS.mp4,Gallery__VID__DRS__2024__PXL_20240816_085119118.TS.mp4,False,,,File not found in DB
C:\Users\micro\Documents\Better Up\Media-Manager\to-be-deleted\Gallery__VID__DRS__2024__PXL_20240816_085210879.TS.mp4,Gallery__VID__DRS__2024__PXL_20240816_085210879.TS.mp4,False,,,File not found in DB
C:\Users\micro\Documents\Better Up\Media-Manager\to-be-deleted\Gallery__VID__DRS__2024__VID_20330424_090359_131.mp4,Gallery__VID__DRS__2024__VID_20330424_090359_131.mp4,False,,,File not found in DB
C:\Users\micro\Documents\Better Up\Media-Manager\to-be-deleted\Gallery__VID__DRS__2025__PXL_20250401_085731604.TS.mp4,Gallery__VID__DRS__2025__PXL_20250401_085731604.TS.mp4,False,,,File not found in DB
C:\Users\micro\Documents\Better Up\Media-Manager\to-be-deleted\Gallery__VID__DRS__2025__PXL_20250403_083504488.TS.mp4,Gallery__VID__DRS__2025__PXL_20250403_083504488.TS.mp4,False,,,File not found in DB
C:\Users\micro\Documents\Better Up\Media-Manager\to-be-deleted\Gallery__VID__DRS__2025__PXL_20250403_091556360.TS.mp4,Gallery__VID__DRS__2025__PXL_20250403_091556360.TS.mp4,False,,,File not found in DB
C:\Users\micro\Documents\Better Up\Media-Manager\to-be-deleted\Gallery__VID__DRS__2025__PXL_20250609_085945878.TS.mp4,Gallery__VID__DRS__2025__PXL_20250609_085945878.TS.mp4,False,,,File not found in DB
C:\Users\micro\Documents\Better Up\Media-Manager\to-be-deleted\Gallery__VID__DRS__2025__PXL_20250609_091206194.TS.mp4,Gallery__VID__DRS__2025__PXL_20250609_091206194.TS.mp4,False,,,File not found in DB
C:\Users\micro\Documents\Better Up\Media-Manager\to-be-deleted\Gallery__VID__DRS__2025__PXL_20250609_091440742.TS.mp4,Gallery__VID__DRS__2025__PXL_20250609_091440742.TS.mp4,False,,,File not found in DB
C:\Users\micro\Documents\Better Up\Media-Manager\to-be-deleted\Gallery__VID__DRS__2025__PXL_20250609_095710336.TS.mp4,Gallery__VID__DRS__2025__PXL_20250609_095710336.TS.mp4,False,,,File not found in DB
C:\Users\micro\Documents\Better Up\Media-Manager\to-be-deleted\Gallery__VID__DRS__2025__PXL_20250612_092058866.TS.mp4,Gallery__VID__DRS__2025__PXL_20250612_092058866.TS.mp4,False,,,File not found in DB
C:\Users\micro\Documents\Better Up\Media-Manager\to-be-deleted\Gallery__VID__DRS__2025__PXL_20250621_183227892.TS.mp4,Gallery__VID__DRS__2025__PXL_20250621_183227892.TS.mp4,False,,,File not found in DB
C:\Users\micro\Documents\Better Up\Media-Manager\to-be-deleted\Gallery__VID__DRS__2025__PXL_20250715_074906734.TS.mp4,Gallery__VID__DRS__2025__PXL_20250715_074906734.TS.mp4,False,,,File not found in DB
C:\Users\micro\Documents\Better Up\Media-Manager\to-be-deleted\Gallery__VID__DRS__2025__PXL_20250715_101544774.TS.mp4,Gallery__VID__DRS__2025__PXL_20250715_101544774.TS.mp4,False,,,File not found in DB
C:\Users\micro\Documents\Better Up\Media-Manager\to-be-deleted\Gallery__VID__DRS__2025__PXL_20250903_041814786.mp4,Gallery__VID__DRS__2025__PXL_20250903_041814786.mp4,False,,,File not found in DB
C:\Users\micro\Documents\Better Up\Media-Manager\to-be-deleted\Gallery__VID__DRS__2025__PXL_20250903_042330742.mp4,Gallery__VID__DRS__2025__PXL_20250903_042330742.mp4,False,,,File not found in DB
C:\Users\micro\Documents\Better Up\Media-Manager\to-be-deleted\Gallery__VID__DRS__2025__PXL_20250903_043454808.mp4,Gallery__VID__DRS__2025__PXL_20250903_043454808.mp4,False,,,File not found in DB
C:\Users\micro\Documents\Better Up\Media-Manager\to-be-deleted\Gallery__VID__DRS__2025__PXL_20250903_094835281.mp4,Gallery__VID__DRS__2025__PXL_20250903_094835281.mp4,False,,,File not found in DB
C:\Users\micro\Documents\Better Up\Media-Manager\to-be-deleted\Gallery__VID__DRS__2025__STAGE.html,Gallery__VID__DRS__2025__STAGE.html,False,,,File not found in DB
C:\Users\micro\Documents\Better Up\Media-Manager\to-be-deleted\Gallery__VID__DRS__VID_20190227_101235_208_recorded.mp4,Gallery__VID__DRS__VID_20190227_101235_208_recorded.mp4,False,,,File not found in DB
C:\Users\micro\Documents\Better Up\Media-Manager\to-be-deleted\Gallery__VID__DRS__VID_20190430_094104_206_recorded.mp4,Gallery__VID__DRS__VID_20190430_094104_206_recorded.mp4,False,,,File not found in DB
C:\Users\micro\Documents\Better Up\Media-Manager\to-be-deleted\Gallery__VID__DRS__VID_20190803_124704_144_recorded.mp4,Gallery__VID__DRS__VID_20190803_124704_144_recorded.mp4,False,,,File not found in DB
C:\Users\micro\Documents\Better Up\Media-Manager\to-be-deleted\Gallery__VID__DRS__VID_20190804_091843_806_recorded.mp4,Gallery__VID__DRS__VID_20190804_091843_806_recorded.mp4,False,,,File not found in DB
C:\Users\micro\Documents\Better Up\Media-Manager\to-be-deleted\Gallery__VID__DRS__VID_20190830_044021_747_recorded.mp4,Gallery__VID__DRS__VID_20190830_044021_747_recorded.mp4,False,,,File not found in DB
C:\Users\micro\Documents\Better Up\Media-Manager\to-be-deleted\Gallery__VID__DRS__VID_20190930_065936_853_recorded.mp4,Gallery__VID__DRS__VID_20190930_065936_853_recorded.mp4,False,,,File not found in DB
C:\Users\micro\Documents\Better Up\Media-Manager\to-be-deleted\Gallery__VID__DRS__VID_20191002_041441_625_recorded.mp4,Gallery__VID__DRS__VID_20191002_041441_625_recorded.mp4,False,,,File not found in DB
C:\Users\micro\Documents\Better Up\Media-Manager\to-be-deleted\Gallery__VID__DRS__VID_20191009_012258_524_recorded.mp4,Gallery__VID__DRS__VID_20191009_012258_524_recorded.mp4,False,,,File not found in DB
C:\Users\micro\Documents\Better Up\Media-Manager\to-be-deleted\Gallery__VID__DRS__VID_20191009_012542_786_recorded.mp4,Gallery__VID__DRS__VID_20191009_012542_786_recorded.mp4,False,,,File not found in DB
C:\Users\micro\Documents\Better Up\Media-Manager\to-be-deleted\Gallery__VID__DRS__VID_20191217_050107_792_recorded.mp4,Gallery__VID__DRS__VID_20191217_050107_792_recorded.mp4,False,,,File not found in DB
C:\Users\micro\Documents\Better Up\Media-Manager\to-be-deleted\Gallery__VID__DRS__VID_34670226_134137_966.mp4,Gallery__VID__DRS__VID_34670226_134137_966.mp4,False,,,File not found in DB
C:\Users\micro\Documents\Better Up\Media-Manager\to-be-deleted\Gallery__VID__DRS__VID_86830712_155218_764.mp4,Gallery__VID__DRS__VID_86830712_155218_764.mp4,False,,,File not found in DB
C:\Users\micro\Documents\Better Up\Media-Manager\to-be-deleted\Gallery__VID__DRS__VID_89760409_014853_051.mp4,Gallery__VID__DRS__VID_89760409_014853_051.mp4,False,,,File not found in DB
C:\Users\micro\Documents\Better Up\Media-Manager\to-be-deleted\Gallery__VID__DRS_OPT__VID_20200511_052244_wAudio-1_Copy.mp4,Gallery__VID__DRS_OPT__VID_20200511_052244_wAudio-1_Copy.mp4,False,,,File not found in DB
C:\Users\micro\Documents\Better Up\Media-Manager\to-be-deleted\Gallery__VID__DRS_OPT__VID_20220622_184444-1_Copy.mp4,Gallery__VID__DRS_OPT__VID_20220622_184444-1_Copy.mp4,False,,,File not found in DB
C:\Users\micro\Documents\Better Up\Media-Manager\to-be-deleted\Gallery__VID__DRS_OPT__VID_20220712_070241-2_Copy.mp4,Gallery__VID__DRS_OPT__VID_20220712_070241-2_Copy.mp4,False,,,File not found in DB
C:\Users\micro\Documents\Better Up\Media-Manager\to-be-deleted\Gallery__VID__DRS_OPT__VID_20220713_102703-3_Copy.mp4,Gallery__VID__DRS_OPT__VID_20220713_102703-3_Copy.mp4,False,,,File not found in DB
C:\Users\micro\Documents\Better Up\Media-Manager\to-be-deleted\Gallery__VID__DRS_OPT__VID_20220713_105038-4_Copy.mp4,Gallery__VID__DRS_OPT__VID_20220713_105038-4_Copy.mp4,False,,,File not found in DB
C:\Users\micro\Documents\Better Up\Media-Manager\to-be-deleted\Gallery__VID__DRS_OPT__VID_20221012_044554-5_Copy.mp4,Gallery__VID__DRS_OPT__VID_20221012_044554-5_Copy.mp4,False,,,File not found in DB
C:\Users\micro\Documents\Better Up\Media-Manager\to-be-deleted\Gallery__VID__DRS_OPT__VID_20221111_092814-7_Copy.mp4,Gallery__VID__DRS_OPT__VID_20221111_092814-7_Copy.mp4,False,,,File not found in DB
C:\Users\micro\Documents\Better Up\Media-Manager\to-be-deleted\Gallery__VID__DRS_OPT__YouCut_20220623_151152033_Copy.mp4,Gallery__VID__DRS_OPT__YouCut_20220623_151152033_Copy.mp4,False,,,File not found in DB
C:\Users\micro\Documents\Better Up\Media-Manager\to-be-deleted\Gallery__VID__TMP__Reconstructed__Videos_1__mp4__VID_20190824_092306_123_07m12s_recovered.mp4,Gallery__VID__TMP__Reconstructed__Videos_1__mp4__VID_20190824_092306_123_07m12s_recovered.mp4,False,,,File not found in DB
C:\Users\micro\Documents\Better Up\Media-Manager\to-be-deleted\Lost_Partition-1__$RECYCLE.BIN__9999__addAduiotoVideo1578635902205.mp4,Lost_Partition-1__$RECYCLE.BIN__9999__addAduiotoVideo1578635902205.mp4,False,,,File not found in DB
C:\Users\micro\Documents\Better Up\Media-Manager\to-be-deleted\Lost_Partition-1__$RECYCLE.BIN__9999__VID_152421205_134829_386.mp4,Lost_Partition-1__$RECYCLE.BIN__9999__VID_152421205_134829_386.mp4,False,,,File not found in DB
C:\Users\micro\Documents\Better Up\Media-Manager\to-be-deleted\Lost_Partition-1__$RECYCLE.BIN__9999__VID_152490403_093314_466.mp4,Lost_Partition-1__$RECYCLE.BIN__9999__VID_152490403_093314_466.mp4,False,,,File not found in DB
C:\Users\micro\Documents\Better Up\Media-Manager\to-be-deleted\Lost_Partition-1__$RECYCLE.BIN__9999__VID_152511128_043515_215.mp4,Lost_Partition-1__$RECYCLE.BIN__9999__VID_152511128_043515_215.mp4,False,,,File not found in DB
C:\Users\micro\Documents\Better Up\Media-Manager\to-be-deleted\Lost_Partition-1__$RECYCLE.BIN__9999__VID_153710317_082318_988.mp4,Lost_Partition-1__$RECYCLE.BIN__9999__VID_153710317_082318_988.mp4,False,,,File not found in DB
C:\Users\micro\Documents\Better Up\Media-Manager\to-be-deleted\Lost_Partition-1__$RECYCLE.BIN__9999__VID_153730913_025724_582.mp4,Lost_Partition-1__$RECYCLE.BIN__9999__VID_153730913_025724_582.mp4,False,,,File not found in DB
C:\Users\micro\Documents\Better Up\Media-Manager\to-be-deleted\Lost_Partition-1__$RECYCLE.BIN__9999__VID_153870719_140018_687.mp4,Lost_Partition-1__$RECYCLE.BIN__9999__VID_153870719_140018_687.mp4,False,,,File not found in DB
C:\Users\micro\Documents\Better Up\Media-Manager\to-be-deleted\Lost_Partition-1__$RECYCLE.BIN__9999__VID_198450103_234310_340.mp4,Lost_Partition-1__$RECYCLE.BIN__9999__VID_198450103_234310_340.mp4,False,,,File not found in DB
C:\Users\micro\Documents\Better Up\Media-Manager\to-be-deleted\Lost_Partition-1__$RECYCLE.BIN__9999__VID_20190525_051217_897_recorded.mp4,Lost_Partition-1__$RECYCLE.BIN__9999__VID_20190525_051217_897_recorded.mp4,False,,,File not found in DB
C:\Users\micro\Documents\Better Up\Media-Manager\to-be-deleted\Lost_Partition-1__$RECYCLE.BIN__9999__VID_20190805_070606_137_recorded.mp4,Lost_Partition-1__$RECYCLE.BIN__9999__VID_20190805_070606_137_recorded.mp4,False,,,File not found in DB
C:\Users\micro\Documents\Better Up\Media-Manager\to-be-deleted\Lost_Partition-1__$RECYCLE.BIN__9999__VID_20190825_172350_849_recorded.mp4,Lost_Partition-1__$RECYCLE.BIN__9999__VID_20190825_172350_849_recorded.mp4,False,,,File not found in DB
C:\Users\micro\Documents\Better Up\Media-Manager\to-be-deleted\Lost_Partition-1__$RECYCLE.BIN__9999__VID_20190922_165124_370_recorded.mp4,Lost_Partition-1__$RECYCLE.BIN__9999__VID_20190922_165124_370_recorded.mp4,False,,,File not found in DB
C:\Users\micro\Documents\Better Up\Media-Manager\to-be-deleted\Lost_Partition-1__$RECYCLE.BIN__9999__VID_20191002_041204_436_recorded.mp4,Lost_Partition-1__$RECYCLE.BIN__9999__VID_20191002_041204_436_recorded.mp4,False,,,File not found in DB
C:\Users\micro\Documents\Better Up\Media-Manager\to-be-deleted\Lost_Partition-1__$RECYCLE.BIN__9999__VID_20191013_055628_002_recorded.mp4,Lost_Partition-1__$RECYCLE.BIN__9999__VID_20191013_055628_002_recorded.mp4,False,,,File not found in DB
C:\Users\micro\Documents\Better Up\Media-Manager\to-be-deleted\Lost_Partition-1__$RECYCLE.BIN__9999__VID_20200131_110427_797_recorded.mp4,Lost_Partition-1__$RECYCLE.BIN__9999__VID_20200131_110427_797_recorded.mp4,False,,,File not found in DB
C:\Users\micro\Documents\Better Up\Media-Manager\to-be-deleted\Lost_Partition-1__$RECYCLE.BIN__9999__VID_20200217_102121_485_recorded.mp4,Lost_Partition-1__$RECYCLE.BIN__9999__VID_20200217_102121_485_recorded.mp4,False,,,File not found in DB
C:\Users\micro\Documents\Better Up\Media-Manager\to-be-deleted\Lost_Partition-1__$RECYCLE.BIN__9999__VID_59720523_235207_650.mp4,Lost_Partition-1__$RECYCLE.BIN__9999__VID_59720523_235207_650.mp4,False,,,File not found in DB
C:\Users\micro\Documents\Better Up\Media-Manager\to-be-deleted\Lost_Partition-1__$RECYCLE.BIN__9999__VID_59750713_003148_863.mp4,Lost_Partition-1__$RECYCLE.BIN__9999__VID_59750713_003148_863.mp4,False,,,File not found in DB
C:\Users\micro\Documents\Better Up\Media-Manager\to-be-deleted\Lost_Partition-1__$RECYCLE.BIN__9999__VID_59780825_184217_523.mp4,Lost_Partition-1__$RECYCLE.BIN__9999__VID_59780825_184217_523.mp4,False,,,File not found in DB
C:\Users\micro\Documents\Better Up\Media-Manager\to-be-deleted\Lost_Partition-1__$RECYCLE.BIN__9999__VID_59820405_100948_729.mp4,Lost_Partition-1__$RECYCLE.BIN__9999__VID_59820405_100948_729.mp4,False,,,File not found in DB
C:\Users\micro\Documents\Better Up\Media-Manager\to-be-deleted\Lost_Partition-1__$RECYCLE.BIN__9999__VID_86820626_044147_735.mp4,Lost_Partition-1__$RECYCLE.BIN__9999__VID_86820626_044147_735.mp4,False,,,File not found in DB
C:\Users\micro\Documents\Better Up\Media-Manager\to-be-deleted\Lost_Partition-1__$RECYCLE.BIN__9999__VID_86830202_152915_905.mp4,Lost_Partition-1__$RECYCLE.BIN__9999__VID_86830202_152915_905.mp4,False,,,File not found in DB
C:\Users\micro\Documents\Better Up\Media-Manager\to-be-deleted\Lost_Partition-1__$RECYCLE.BIN__9999__VID_86840507_064745_473.mp4,Lost_Partition-1__$RECYCLE.BIN__9999__VID_86840507_064745_473.mp4,False,,,File not found in DB
C:\Users\micro\Documents\Better Up\Media-Manager\to-be-deleted\Lost_Partition-1__$RECYCLE.BIN__9999__VID_87030120_104515_248.mp4,Lost_Partition-1__$RECYCLE.BIN__9999__VID_87030120_104515_248.mp4,False,,,File not found in DB
C:\Users\micro\Documents\Better Up\Media-Manager\to-be-deleted\Lost_Partition-1__OWN__AUD__ppbf_panties_qa_00m-14s.mp3,Lost_Partition-1__OWN__AUD__ppbf_panties_qa_00m-14s.mp3,False,,,File not found in DB
C:\Users\micro\Documents\Better Up\Media-Manager\to-be-deleted\Lost_Partition-1__OWN__AUD__ppbf_panties_qa_00m-14s_(2).mp3,Lost_Partition-1__OWN__AUD__ppbf_panties_qa_00m-14s_(2).mp3,False,,,File not found in DB
C:\Users\micro\Documents\Better Up\Media-Manager\to-be-deleted\Lost_Partition-1__OWN__AUD__ppbf_panties_qa_01m-41s.mp3,Lost_Partition-1__OWN__AUD__ppbf_panties_qa_01m-41s.mp3,False,,,File not found in DB
C:\Users\micro\Documents\Better Up\Media-Manager\to-be-deleted\Lost_Partition-1__OWN__AUD__ppbf_panties_qa_01m-41s_(2).mp3,Lost_Partition-1__OWN__AUD__ppbf_panties_qa_01m-41s_(2).mp3,False,,,File not found in DB
C:\Users\micro\Documents\Better Up\Media-Manager\to-be-deleted\Lost_Partition-1__OWN__PIC__DRS__IMG_1415.HEIC,Lost_Partition-1__OWN__PIC__DRS__IMG_1415.HEIC,False,,,File not found in DB
C:\Users\micro\Documents\Better Up\Media-Manager\to-be-deleted\Lost_Partition-1__OWN__PIC__DRS__IMG_1416.HEIC,Lost_Partition-1__OWN__PIC__DRS__IMG_1416.HEIC,False,,,File not found in DB
C:\Users\micro\Documents\Better Up\Media-Manager\to-be-deleted\Lost_Partition-1__OWN__PIC__DRS__IMG_1417.HEIC,Lost_Partition-1__OWN__PIC__DRS__IMG_1417.HEIC,False,,,File not found in DB
C:\Users\micro\Documents\Better Up\Media-Manager\to-be-deleted\Lost_Partition-1__OWN__PIC__DRS__IMG_1418.HEIC,Lost_Partition-1__OWN__PIC__DRS__IMG_1418.HEIC,False,,,File not found in DB
C:\Users\micro\Documents\Better Up\Media-Manager\to-be-deleted\Lost_Partition-1__OWN__PIC__DRS__IMG_1419.HEIC,Lost_Partition-1__OWN__PIC__DRS__IMG_1419.HEIC,False,,,File not found in DB
C:\Users\micro\Documents\Better Up\Media-Manager\to-be-deleted\Lost_Partition-1__OWN__PIC__DRS__IMG_20181214_064139_304.mov,Lost_Partition-1__OWN__PIC__DRS__IMG_20181214_064139_304.mov,False,,,File not found in DB
C:\Users\micro\Documents\Better Up\Media-Manager\to-be-deleted\Lost_Partition-1__OWN__PIC__DRS__IrfanView.txt,Lost_Partition-1__OWN__PIC__DRS__IrfanView.txt,False,,,File not found in DB
C:\Users\micro\Documents\Better Up\Media-Manager\to-be-deleted\Lost_Partition-1__OWN__PIC__DRS__ppbf_panties_qa_01m-41s.mp3,Lost_Partition-1__OWN__PIC__DRS__ppbf_panties_qa_01m-41s.mp3,False,,,File not found in DB
C:\Users\micro\Documents\Better Up\Media-Manager\to-be-deleted\Lost_Partition-1__OWN__RCV__File_Name_Lost_(14).mp4_fixed.mp4,Lost_Partition-1__OWN__RCV__File_Name_Lost_(14).mp4_fixed.mp4,False,,,File not found in DB
C:\Users\micro\Documents\Better Up\Media-Manager\to-be-deleted\Lost_Partition-1__OWN__RCV__File_Name_Lost_(24).mp4_fixed.mp4,Lost_Partition-1__OWN__RCV__File_Name_Lost_(24).mp4_fixed.mp4,False,,,File not found in DB
C:\Users\micro\Documents\Better Up\Media-Manager\to-be-deleted\Lost_Partition-1__OWN__RCV__File_Name_Lost_(31).mp4_fixed.mp4,Lost_Partition-1__OWN__RCV__File_Name_Lost_(31).mp4_fixed.mp4,False,,,File not found in DB
C:\Users\micro\Documents\Better Up\Media-Manager\to-be-deleted\Lost_Partition-1__OWN__RCV__File_Name_Lost_(32).mp4_fixed.mp4,Lost_Partition-1__OWN__RCV__File_Name_Lost_(32).mp4_fixed.mp4,False,,,File not found in DB
C:\Users\micro\Documents\Better Up\Media-Manager\to-be-deleted\Lost_Partition-1__OWN__RCV__File_Name_Lost_(33).mp4_fixed.mp4,Lost_Partition-1__OWN__RCV__File_Name_Lost_(33).mp4_fixed.mp4,False,,,File not found in DB
C:\Users\micro\Documents\Better Up\Media-Manager\to-be-deleted\Lost_Partition-1__OWN__RCV__File_Name_Lost_(34).mp4_fixed.mp4,Lost_Partition-1__OWN__RCV__File_Name_Lost_(34).mp4_fixed.mp4,False,,,File not found in DB
C:\Users\micro\Documents\Better Up\Media-Manager\to-be-deleted\Lost_Partition-1__OWN__RCV__File_Name_Lost_(35).mp4_fixed.mp4,Lost_Partition-1__OWN__RCV__File_Name_Lost_(35).mp4_fixed.mp4,False,,,File not found in DB
C:\Users\micro\Documents\Better Up\Media-Manager\to-be-deleted\Lost_Partition-1__OWN__RCV__File_Name_Lost_(36).mp4_fixed.mp4,Lost_Partition-1__OWN__RCV__File_Name_Lost_(36).mp4_fixed.mp4,False,,,File not found in DB
C:\Users\micro\Documents\Better Up\Media-Manager\to-be-deleted\Lost_Partition-1__OWN__RCV__File_Name_Lost_(42).mp4_fixed.mp4,Lost_Partition-1__OWN__RCV__File_Name_Lost_(42).mp4_fixed.mp4,False,,,File not found in DB
C:\Users\micro\Documents\Better Up\Media-Manager\to-be-deleted\Lost_Partition-1__OWN__RCV__File_Name_Lost_(56).mp4_fixed.mp4,Lost_Partition-1__OWN__RCV__File_Name_Lost_(56).mp4_fixed.mp4,False,,,File not found in DB
C:\Users\micro\Documents\Better Up\Media-Manager\to-be-deleted\Lost_Partition-1__OWN__RCV__File_Name_Lost_(57).mp4_fixed.mp4,Lost_Partition-1__OWN__RCV__File_Name_Lost_(57).mp4_fixed.mp4,False,,,File not found in DB
C:\Users\micro\Documents\Better Up\Media-Manager\to-be-deleted\Lost_Partition-1__OWN__RCV__File_Name_Lost_(60).mp4_fixed.mp4,Lost_Partition-1__OWN__RCV__File_Name_Lost_(60).mp4_fixed.mp4,False,,,File not found in DB
C:\Users\micro\Documents\Better Up\Media-Manager\to-be-deleted\Lost_Partition-1__OWN__RCV__File_Name_Lost_(61).mp4_fixed.mp4,Lost_Partition-1__OWN__RCV__File_Name_Lost_(61).mp4_fixed.mp4,False,,,File not found in DB
C:\Users\micro\Documents\Better Up\Media-Manager\to-be-deleted\Lost_Partition-1__OWN__RCV__File_Name_Lost_(62).mp4_fixed.mp4,Lost_Partition-1__OWN__RCV__File_Name_Lost_(62).mp4_fixed.mp4,False,,,File not found in DB
C:\Users\micro\Documents\Better Up\Media-Manager\to-be-deleted\Lost_Partition-1__OWN__RCV__File_Name_Lost_(63).mp4_fixed.mp4,Lost_Partition-1__OWN__RCV__File_Name_Lost_(63).mp4_fixed.mp4,False,,,File not found in DB
C:\Users\micro\Documents\Better Up\Media-Manager\to-be-deleted\Lost_Partition-1__OWN__RCV__File_Name_Lost_(64).mp4_fixed.mp4,Lost_Partition-1__OWN__RCV__File_Name_Lost_(64).mp4_fixed.mp4,False,,,File not found in DB
C:\Users\micro\Documents\Better Up\Media-Manager\to-be-deleted\Lost_Partition-1__OWN__RCV__File_Name_Lost_(65).mp4_fixed.mp4,Lost_Partition-1__OWN__RCV__File_Name_Lost_(65).mp4_fixed.mp4,False,,,File not found in DB
C:\Users\micro\Documents\Better Up\Media-Manager\to-be-deleted\Lost_Partition-1__OWN__RCV__VID_20200131_110427_797_recorded.mp4,Lost_Partition-1__OWN__RCV__VID_20200131_110427_797_recorded.mp4,False,,,File not found in DB
C:\Users\micro\Documents\Better Up\Media-Manager\to-be-deleted\Lost_Partition-1__OWN__RCV__VID_20200217_102121_485_recorded.mp4,Lost_Partition-1__OWN__RCV__VID_20200217_102121_485_recorded.mp4,False,,,File not found in DB
C:\Users\micro\Documents\Better Up\Media-Manager\to-be-deleted\Lost_Partition-1__OWN__RCV__VID_20200217_103534_594_recorded.mp4,Lost_Partition-1__OWN__RCV__VID_20200217_103534_594_recorded.mp4,False,,,File not found in DB
C:\Users\micro\Documents\Better Up\Media-Manager\to-be-deleted\Lost_Partition-1__OWN__VID__DRS__2018__VID_20180504_112031_760_recorded.mp4,Lost_Partition-1__OWN__VID__DRS__2018__VID_20180504_112031_760_recorded.mp4,False,,,File not found in DB
C:\Users\micro\Documents\Better Up\Media-Manager\to-be-deleted\Lost_Partition-1__OWN__VID__DRS__2018__VID_20180504_114039_925_recorded.mp4,Lost_Partition-1__OWN__VID__DRS__2018__VID_20180504_114039_925_recorded.mp4,False,,,File not found in DB
C:\Users\micro\Documents\Better Up\Media-Manager\to-be-deleted\Lost_Partition-1__OWN__VID__DRS__2018__VID_20180504_114137_652_recorded.mp4,Lost_Partition-1__OWN__VID__DRS__2018__VID_20180504_114137_652_recorded.mp4,False,,,File not found in DB
C:\Users\micro\Documents\Better Up\Media-Manager\to-be-deleted\Lost_Partition-1__OWN__VID__DRS__2018__VID_20180504_114250_940_recorded.mp4,Lost_Partition-1__OWN__VID__DRS__2018__VID_20180504_114250_940_recorded.mp4,False,,,File not found in DB
C:\Users\micro\Documents\Better Up\Media-Manager\to-be-deleted\Lost_Partition-1__OWN__VID__DRS__2018__VID_20180504_114733_156_recorded.mp4,Lost_Partition-1__OWN__VID__DRS__2018__VID_20180504_114733_156_recorded.mp4,False,,,File not found in DB
C:\Users\micro\Documents\Better Up\Media-Manager\to-be-deleted\Lost_Partition-1__OWN__VID__DRS__2018__VID_20180504_114831_469_recorded.mp4,Lost_Partition-1__OWN__VID__DRS__2018__VID_20180504_114831_469_recorded.mp4,False,,,File not found in DB
C:\Users\micro\Documents\Better Up\Media-Manager\to-be-deleted\Lost_Partition-1__OWN__VID__DRS__2018__VID_20180504_114939_238_recorded.mp4,Lost_Partition-1__OWN__VID__DRS__2018__VID_20180504_114939_238_recorded.mp4,False,,,File not found in DB
C:\Users\micro\Documents\Better Up\Media-Manager\to-be-deleted\Lost_Partition-1__OWN__VID__DRS__2018__VID_20180504_115038_740_recorded.mp4,Lost_Partition-1__OWN__VID__DRS__2018__VID_20180504_115038_740_recorded.mp4,False,,,File not found in DB
C:\Users\micro\Documents\Better Up\Media-Manager\to-be-deleted\Lost_Partition-1__OWN__VID__DRS__2018__VID_20180504_115139_994_recorded.mp4,Lost_Partition-1__OWN__VID__DRS__2018__VID_20180504_115139_994_recorded.mp4,False,,,File not found in DB
C:\Users\micro\Documents\Better Up\Media-Manager\to-be-deleted\Lost_Partition-1__OWN__VID__DRS__2018__VID_20180504_115236_793_recorded.mp4,Lost_Partition-1__OWN__VID__DRS__2018__VID_20180504_115236_793_recorded.mp4,False,,,File not found in DB
C:\Users\micro\Documents\Better Up\Media-Manager\to-be-deleted\Lost_Partition-1__OWN__VID__DRS__2018__VID_20180504_115750_230_recorded.mp4,Lost_Partition-1__OWN__VID__DRS__2018__VID_20180504_115750_230_recorded.mp4,False,,,File not found in DB
C:\Users\micro\Documents\Better Up\Media-Manager\to-be-deleted\Lost_Partition-1__OWN__VID__DRS__2018__VID_20180504_120354_417_recorded.mp4,Lost_Partition-1__OWN__VID__DRS__2018__VID_20180504_120354_417_recorded.mp4,False,,,File not found in DB
C:\Users\micro\Documents\Better Up\Media-Manager\to-be-deleted\Lost_Partition-1__OWN__VID__DRS__2018__VID_20180504_120541_766_recorded.mp4,Lost_Partition-1__OWN__VID__DRS__2018__VID_20180504_120541_766_recorded.mp4,False,,,File not found in DB
C:\Users\micro\Documents\Better Up\Media-Manager\to-be-deleted\Lost_Partition-1__OWN__VID__DRS__2018__VID_20180504_120618_726_recorded.mp4,Lost_Partition-1__OWN__VID__DRS__2018__VID_20180504_120618_726_recorded.mp4,False,,,File not found in DB
C:\Users\micro\Documents\Better Up\Media-Manager\to-be-deleted\Lost_Partition-1__OWN__VID__DRS__2018__VID_20180504_120659_362_recorded.mp4,Lost_Partition-1__OWN__VID__DRS__2018__VID_20180504_120659_362_recorded.mp4,False,,,File not found in DB
C:\Users\micro\Documents\Better Up\Media-Manager\to-be-deleted\Lost_Partition-1__OWN__VID__DRS__2018__VID_20180504_120801_135_recorded.mp4,Lost_Partition-1__OWN__VID__DRS__2018__VID_20180504_120801_135_recorded.mp4,False,,,File not found in DB
C:\Users\micro\Documents\Better Up\Media-Manager\to-be-deleted\Lost_Partition-1__OWN__VID__DRS__2018__VID_20180504_120851_373_recorded.mp4,Lost_Partition-1__OWN__VID__DRS__2018__VID_20180504_120851_373_recorded.mp4,False,,,File not found in DB
C:\Users\micro\Documents\Better Up\Media-Manager\to-be-deleted\Lost_Partition-1__OWN__VID__DRS__2018__VID_20180504_121409_905_recorded.mp4,Lost_Partition-1__OWN__VID__DRS__2018__VID_20180504_121409_905_recorded.mp4,False,,,File not found in DB
C:\Users\micro\Documents\Better Up\Media-Manager\to-be-deleted\Lost_Partition-1__OWN__VID__DRS__2018__VID_20180508_091256_507_recorded.mp4,Lost_Partition-1__OWN__VID__DRS__2018__VID_20180508_091256_507_recorded.mp4,False,,,File not found in DB
C:\Users\micro\Documents\Better Up\Media-Manager\to-be-deleted\Lost_Partition-1__OWN__VID__DRS__2018__VID_20180518_120303_384_recorded.mp4,Lost_Partition-1__OWN__VID__DRS__2018__VID_20180518_120303_384_recorded.mp4,False,,,File not found in DB
C:\Users\micro\Documents\Better Up\Media-Manager\to-be-deleted\Lost_Partition-1__OWN__VID__DRS__2018__VID_20180518_120448_196_recorded.mp4,Lost_Partition-1__OWN__VID__DRS__2018__VID_20180518_120448_196_recorded.mp4,False,,,File not found in DB
C:\Users\micro\Documents\Better Up\Media-Manager\to-be-deleted\Lost_Partition-1__OWN__VID__DRS__2018__VID_20180518_120529_343_recorded.mp4,Lost_Partition-1__OWN__VID__DRS__2018__VID_20180518_120529_343_recorded.mp4,False,,,File not found in DB
C:\Users\micro\Documents\Better Up\Media-Manager\to-be-deleted\Lost_Partition-1__OWN__VID__DRS__2018__VID_20180518_120825_227_recorded.mp4,Lost_Partition-1__OWN__VID__DRS__2018__VID_20180518_120825_227_recorded.mp4,False,,,File not found in DB
C:\Users\micro\Documents\Better Up\Media-Manager\to-be-deleted\Lost_Partition-1__OWN__VID__DRS__2018__VID_20180518_121001_542_recorded.mp4,Lost_Partition-1__OWN__VID__DRS__2018__VID_20180518_121001_542_recorded.mp4,False,,,File not found in DB
C:\Users\micro\Documents\Better Up\Media-Manager\to-be-deleted\Lost_Partition-1__OWN__VID__DRS__2018__VID_20180518_121215_833_recorded.mp4,Lost_Partition-1__OWN__VID__DRS__2018__VID_20180518_121215_833_recorded.mp4,False,,,File not found in DB
C:\Users\micro\Documents\Better Up\Media-Manager\to-be-deleted\Lost_Partition-1__OWN__VID__DRS__2018__VID_20180518_121244_925_recorded.mp4,Lost_Partition-1__OWN__VID__DRS__2018__VID_20180518_121244_925_recorded.mp4,False,,,File not found in DB
C:\Users\micro\Documents\Better Up\Media-Manager\to-be-deleted\Lost_Partition-1__OWN__VID__DRS__2018__VID_20180518_121336_198_recorded.mp4,Lost_Partition-1__OWN__VID__DRS__2018__VID_20180518_121336_198_recorded.mp4,False,,,File not found in DB
C:\Users\micro\Documents\Better Up\Media-Manager\to-be-deleted\Lost_Partition-1__OWN__VID__DRS__2018__VID_20180518_121420_750_recorded.mp4,Lost_Partition-1__OWN__VID__DRS__2018__VID_20180518_121420_750_recorded.mp4,False,,,File not found in DB
C:\Users\micro\Documents\Better Up\Media-Manager\to-be-deleted\Lost_Partition-1__OWN__VID__DRS__2018__VID_20180518_121620_985_recorded.mp4,Lost_Partition-1__OWN__VID__DRS__2018__VID_20180518_121620_985_recorded.mp4,False,,,File not found in DB
C:\Users\micro\Documents\Better Up\Media-Manager\to-be-deleted\Lost_Partition-1__OWN__VID__DRS__2018__VID_20180518_121933_739_recorded.mp4,Lost_Partition-1__OWN__VID__DRS__2018__VID_20180518_121933_739_recorded.mp4,False,,,File not found in DB
C:\Users\micro\Documents\Better Up\Media-Manager\to-be-deleted\Lost_Partition-1__OWN__VID__DRS__2018__VID_20180518_122036_078_recorded.mp4,Lost_Partition-1__OWN__VID__DRS__2018__VID_20180518_122036_078_recorded.mp4,False,,,File not found in DB
C:\Users\micro\Documents\Better Up\Media-Manager\to-be-deleted\Lost_Partition-1__OWN__VID__DRS__2018__VID_20180518_122121_315_recorded.mp4,Lost_Partition-1__OWN__VID__DRS__2018__VID_20180518_122121_315_recorded.mp4,False,,,File not found in DB
C:\Users\micro\Documents\Better Up\Media-Manager\to-be-deleted\Lost_Partition-1__OWN__VID__DRS__2018__VID_20180518_122204_631_recorded.mp4,Lost_Partition-1__OWN__VID__DRS__2018__VID_20180518_122204_631_recorded.mp4,False,,,File not found in DB
C:\Users\micro\Documents\Better Up\Media-Manager\to-be-deleted\Lost_Partition-1__OWN__VID__DRS__2018__VID_20180518_122250_268_recorded.mp4,Lost_Partition-1__OWN__VID__DRS__2018__VID_20180518_122250_268_recorded.mp4,False,,,File not found in DB
C:\Users\micro\Documents\Better Up\Media-Manager\to-be-deleted\Lost_Partition-1__OWN__VID__DRS__2018__VID_20180518_122334_903_recorded.mp4,Lost_Partition-1__OWN__VID__DRS__2018__VID_20180518_122334_903_recorded.mp4,False,,,File not found in DB
C:\Users\micro\Documents\Better Up\Media-Manager\to-be-deleted\Lost_Partition-1__OWN__VID__DRS__2018__VID_20180518_122441_414_recorded.mp4,Lost_Partition-1__OWN__VID__DRS__2018__VID_20180518_122441_414_recorded.mp4,False,,,File not found in DB
C:\Users\micro\Documents\Better Up\Media-Manager\to-be-deleted\Lost_Partition-1__OWN__VID__DRS__2018__VID_20180530_123308_103_recorded.mp4,Lost_Partition-1__OWN__VID__DRS__2018__VID_20180530_123308_103_recorded.mp4,False,,,File not found in DB
C:\Users\micro\Documents\Better Up\Media-Manager\to-be-deleted\Lost_Partition-1__OWN__VID__DRS__2018__VID_20180530_123632_708_recorded.mp4,Lost_Partition-1__OWN__VID__DRS__2018__VID_20180530_123632_708_recorded.mp4,False,,,File not found in DB
C:\Users\micro\Documents\Better Up\Media-Manager\to-be-deleted\Lost_Partition-1__OWN__VID__DRS__2018__VID_20180530_123726_966_recorded.mp4,Lost_Partition-1__OWN__VID__DRS__2018__VID_20180530_123726_966_recorded.mp4,False,,,File not found in DB
C:\Users\micro\Documents\Better Up\Media-Manager\to-be-deleted\Lost_Partition-1__OWN__VID__DRS__2018__VID_20180530_123817_476_recorded.mp4,Lost_Partition-1__OWN__VID__DRS__2018__VID_20180530_123817_476_recorded.mp4,False,,,File not found in DB
C:\Users\micro\Documents\Better Up\Media-Manager\to-be-deleted\Lost_Partition-1__OWN__VID__DRS__2018__VID_20180530_124021_705_recorded.mp4,Lost_Partition-1__OWN__VID__DRS__2018__VID_20180530_124021_705_recorded.mp4,False,,,File not found in DB
C:\Users\micro\Documents\Better Up\Media-Manager\to-be-deleted\Lost_Partition-1__OWN__VID__DRS__2018__VID_20181107_045330_761_recorded.mp4,Lost_Partition-1__OWN__VID__DRS__2018__VID_20181107_045330_761_recorded.mp4,False,,,File not found in DB
C:\Users\micro\Documents\Better Up\Media-Manager\to-be-deleted\Lost_Partition-1__OWN__VID__DRS__2018__VID_20181107_045428_426_recorded.mp4,Lost_Partition-1__OWN__VID__DRS__2018__VID_20181107_045428_426_recorded.mp4,False,,,File not found in DB
C:\Users\micro\Documents\Better Up\Media-Manager\to-be-deleted\Lost_Partition-1__OWN__VID__DRS__2018__VID_20181107_045509_430_recorded.mp4,Lost_Partition-1__OWN__VID__DRS__2018__VID_20181107_045509_430_recorded.mp4,False,,,File not found in DB
C:\Users\micro\Documents\Better Up\Media-Manager\to-be-deleted\Lost_Partition-1__OWN__VID__DRS__2018__VID_20181107_045617_512_recorded.mp4,Lost_Partition-1__OWN__VID__DRS__2018__VID_20181107_045617_512_recorded.mp4,False,,,File not found in DB
C:\Users\micro\Documents\Better Up\Media-Manager\to-be-deleted\Lost_Partition-1__OWN__VID__DRS__2018__VID_20181107_045724_069_recorded.mp4,Lost_Partition-1__OWN__VID__DRS__2018__VID_20181107_045724_069_recorded.mp4,False,,,File not found in DB
C:\Users\micro\Documents\Better Up\Media-Manager\to-be-deleted\Lost_Partition-1__OWN__VID__DRS__2018__VID_20181107_045805_251_recorded.mp4,Lost_Partition-1__OWN__VID__DRS__2018__VID_20181107_045805_251_recorded.mp4,False,,,File not found in DB
C:\Users\micro\Documents\Better Up\Media-Manager\to-be-deleted\Lost_Partition-1__OWN__VID__DRS__2018__VID_20181107_045903_400_recorded.mp4,Lost_Partition-1__OWN__VID__DRS__2018__VID_20181107_045903_400_recorded.mp4,False,,,File not found in DB
C:\Users\micro\Documents\Better Up\Media-Manager\to-be-deleted\Lost_Partition-1__OWN__VID__DRS__2018__VID_20181107_045943_069_recorded.mp4,Lost_Partition-1__OWN__VID__DRS__2018__VID_20181107_045943_069_recorded.mp4,False,,,File not found in DB
C:\Users\micro\Documents\Better Up\Media-Manager\to-be-deleted\Lost_Partition-1__OWN__VID__DRS__2018__VID_20181214_063103_670_recorded.mp4,Lost_Partition-1__OWN__VID__DRS__2018__VID_20181214_063103_670_recorded.mp4,False,,,File not found in DB
C:\Users\micro\Documents\Better Up\Media-Manager\to-be-deleted\Lost_Partition-1__OWN__VID__DRS__2018__VID_20181220_103921_550_recorded.mp4,Lost_Partition-1__OWN__VID__DRS__2018__VID_20181220_103921_550_recorded.mp4,False,,,File not found in DB
C:\Users\micro\Documents\Better Up\Media-Manager\to-be-deleted\Lost_Partition-1__OWN__VID__DRS__2018__VID_20181220_104143_558_recorded.mp4,Lost_Partition-1__OWN__VID__DRS__2018__VID_20181220_104143_558_recorded.mp4,False,,,File not found in DB
C:\Users\micro\Documents\Better Up\Media-Manager\to-be-deleted\Lost_Partition-1__OWN__VID__DRS__2018__VID_20181220_104928_629_recorded.mp4,Lost_Partition-1__OWN__VID__DRS__2018__VID_20181220_104928_629_recorded.mp4,False,,,File not found in DB
C:\Users\micro\Documents\Better Up\Media-Manager\to-be-deleted\Lost_Partition-1__OWN__VID__DRS__2018__VID_20181220_105217_234_recorded.mp4,Lost_Partition-1__OWN__VID__DRS__2018__VID_20181220_105217_234_recorded.mp4,False,,,File not found in DB
C:\Users\micro\Documents\Better Up\Media-Manager\to-be-deleted\Lost_Partition-1__OWN__VID__DRS__2018__VID_20181220_105249_453_recorded.mp4,Lost_Partition-1__OWN__VID__DRS__2018__VID_20181220_105249_453_recorded.mp4,False,,,File not found in DB
C:\Users\micro\Documents\Better Up\Media-Manager\to-be-deleted\Lost_Partition-1__OWN__VID__DRS__2018__VID_20181220_105333_203_recorded.mp4,Lost_Partition-1__OWN__VID__DRS__2018__VID_20181220_105333_203_recorded.mp4,False,,,File not found in DB
C:\Users\micro\Documents\Better Up\Media-Manager\to-be-deleted\Lost_Partition-1__OWN__VID__DRS__2018__VID_20181220_110521_930_recorded.mp4,Lost_Partition-1__OWN__VID__DRS__2018__VID_20181220_110521_930_recorded.mp4,False,,,File not found in DB
C:\Users\micro\Documents\Better Up\Media-Manager\to-be-deleted\Lost_Partition-1__OWN__VID__DRS__2018__VID_20181220_110749_708_recorded.mp4,Lost_Partition-1__OWN__VID__DRS__2018__VID_20181220_110749_708_recorded.mp4,False,,,File not found in DB
C:\Users\micro\Documents\Better Up\Media-Manager\to-be-deleted\Lost_Partition-1__OWN__VID__DRS__2018__VID_20181220_111000_123_recorded.mp4,Lost_Partition-1__OWN__VID__DRS__2018__VID_20181220_111000_123_recorded.mp4,False,,,File not found in DB
C:\Users\micro\Documents\Better Up\Media-Manager\to-be-deleted\Lost_Partition-1__OWN__VID__DRS__2018__VID_20181220_111100_123_recorded.mp4,Lost_Partition-1__OWN__VID__DRS__2018__VID_20181220_111100_123_recorded.mp4,False,,,File not found in DB
C:\Users\micro\Documents\Better Up\Media-Manager\to-be-deleted\Lost_Partition-1__OWN__VID__DRS__2018__VID_20181220_111200_123_recorded.mp4,Lost_Partition-1__OWN__VID__DRS__2018__VID_20181220_111200_123_recorded.mp4,False,,,File not found in DB
C:\Users\micro\Documents\Better Up\Media-Manager\to-be-deleted\Lost_Partition-1__OWN__VID__DRS__2018__VID_20181220_111300_123_recorded.mp4,Lost_Partition-1__OWN__VID__DRS__2018__VID_20181220_111300_123_recorded.mp4,False,,,File not found in DB
C:\Users\micro\Documents\Better Up\Media-Manager\to-be-deleted\Lost_Partition-1__OWN__VID__DRS__2018__VID_20181220_111429_014_recorded.mp4,Lost_Partition-1__OWN__VID__DRS__2018__VID_20181220_111429_014_recorded.mp4,False,,,File not found in DB
C:\Users\micro\Documents\Better Up\Media-Manager\to-be-deleted\Lost_Partition-1__OWN__VID__DRS__2018__VID_20181220_112100_123_recorded.mp4,Lost_Partition-1__OWN__VID__DRS__2018__VID_20181220_112100_123_recorded.mp4,False,,,File not found in DB
C:\Users\micro\Documents\Better Up\Media-Manager\to-be-deleted\Lost_Partition-1__OWN__VID__DRS__2018__VID_20181220_112552_221_recorded.mp4,Lost_Partition-1__OWN__VID__DRS__2018__VID_20181220_112552_221_recorded.mp4,False,,,File not found in DB
C:\Users\micro\Documents\Better Up\Media-Manager\to-be-deleted\Lost_Partition-1__OWN__VID__DRS__2018__VID_20181220_112952_527_recorded.mp4,Lost_Partition-1__OWN__VID__DRS__2018__VID_20181220_112952_527_recorded.mp4,False,,,File not found in DB
C:\Users\micro\Documents\Better Up\Media-Manager\to-be-deleted\Lost_Partition-1__OWN__VID__DRS__2018__VID_20181220_113142_727_recorded.mp4,Lost_Partition-1__OWN__VID__DRS__2018__VID_20181220_113142_727_recorded.mp4,False,,,File not found in DB
C:\Users\micro\Documents\Better Up\Media-Manager\to-be-deleted\Lost_Partition-1__OWN__VID__DRS__2018__VID_20181220_113615_405_recorded.mp4,Lost_Partition-1__OWN__VID__DRS__2018__VID_20181220_113615_405_recorded.mp4,False,,,File not found in DB
C:\Users\micro\Documents\Better Up\Media-Manager\to-be-deleted\Lost_Partition-1__OWN__VID__DRS__2018__VID_20181220_114009_777_recorded.mp4,Lost_Partition-1__OWN__VID__DRS__2018__VID_20181220_114009_777_recorded.mp4,False,,,File not found in DB
C:\Users\micro\Documents\Better Up\Media-Manager\to-be-deleted\Lost_Partition-1__OWN__VID__DRS__2018__VID_20181220_114301_946_recorded.mp4,Lost_Partition-1__OWN__VID__DRS__2018__VID_20181220_114301_946_recorded.mp4,False,,,File not found in DB
C:\Users\micro\Documents\Better Up\Media-Manager\to-be-deleted\Lost_Partition-1__OWN__VID__DRS__2018__VID_20181223_071800_123_recorded.mp4,Lost_Partition-1__OWN__VID__DRS__2018__VID_20181223_071800_123_recorded.mp4,False,,,File not found in DB
C:\Users\micro\Documents\Better Up\Media-Manager\to-be-deleted\Lost_Partition-1__OWN__VID__DRS__2018__VID_20181223_072000_123_recorded.mp4,Lost_Partition-1__OWN__VID__DRS__2018__VID_20181223_072000_123_recorded.mp4,False,,,File not found in DB
C:\Users\micro\Documents\Better Up\Media-Manager\to-be-deleted\Lost_Partition-1__OWN__VID__DRS__2018__VID_20181225_032700_123_recorded.mp4,Lost_Partition-1__OWN__VID__DRS__2018__VID_20181225_032700_123_recorded.mp4,False,,,File not found in DB
C:\Users\micro\Documents\Better Up\Media-Manager\to-be-deleted\Lost_Partition-1__OWN__VID__DRS__2018__VID_20181225_033229_793_recorded.mp4,Lost_Partition-1__OWN__VID__DRS__2018__VID_20181225_033229_793_recorded.mp4,False,,,File not found in DB
C:\Users\micro\Documents\Better Up\Media-Manager\to-be-deleted\Lost_Partition-1__OWN__VID__DRS__2018__VID_20181225_033408_486_recorded.mp4,Lost_Partition-1__OWN__VID__DRS__2018__VID_20181225_033408_486_recorded.mp4,False,,,File not found in DB
C:\Users\micro\Documents\Better Up\Media-Manager\to-be-deleted\Lost_Partition-1__OWN__VID__DRS__2018__VID_20181225_033732_672_recorded.mp4,Lost_Partition-1__OWN__VID__DRS__2018__VID_20181225_033732_672_recorded.mp4,False,,,File not found in DB
C:\Users\micro\Documents\Better Up\Media-Manager\to-be-deleted\Lost_Partition-1__OWN__VID__DRS__2018__VID_20181225_033856_300_recorded.mp4,Lost_Partition-1__OWN__VID__DRS__2018__VID_20181225_033856_300_recorded.mp4,False,,,File not found in DB
C:\Users\micro\Documents\Better Up\Media-Manager\to-be-deleted\Lost_Partition-1__OWN__VID__DRS__2018__VID_20181225_034207_258_recorded.mp4,Lost_Partition-1__OWN__VID__DRS__2018__VID_20181225_034207_258_recorded.mp4,False,,,File not found in DB
C:\Users\micro\Documents\Better Up\Media-Manager\to-be-deleted\Lost_Partition-1__OWN__VID__DRS__2018__VID_20181225_034629_088_recorded.mp4,Lost_Partition-1__OWN__VID__DRS__2018__VID_20181225_034629_088_recorded.mp4,False,,,File not found in DB
C:\Users\micro\Documents\Better Up\Media-Manager\to-be-deleted\Lost_Partition-1__OWN__VID__DRS__2018__VID_49851230_092812_910.mp4,Lost_Partition-1__OWN__VID__DRS__2018__VID_49851230_092812_910.mp4,False,,,File not found in DB
C:\Users\micro\Documents\Better Up\Media-Manager\to-be-deleted\Lost_Partition-1__OWN__VID__DRS__2019__BVR_2019_01_28_11_34_00.mp4,Lost_Partition-1__OWN__VID__DRS__2019__BVR_2019_01_28_11_34_00.mp4,False,,,File not found in DB
C:\Users\micro\Documents\Better Up\Media-Manager\to-be-deleted\Lost_Partition-1__OWN__VID__DRS__2019__VID_20190212_054741_377_recorded.mp4,Lost_Partition-1__OWN__VID__DRS__2019__VID_20190212_054741_377_recorded.mp4,False,,,File not found in DB
C:\Users\micro\Documents\Better Up\Media-Manager\to-be-deleted\Lost_Partition-1__OWN__VID__DRS__2019__VID_20190212_054936_115_recorded.mp4,Lost_Partition-1__OWN__VID__DRS__2019__VID_20190212_054936_115_recorded.mp4,False,,,File not found in DB
C:\Users\micro\Documents\Better Up\Media-Manager\to-be-deleted\Lost_Partition-1__OWN__VID__DRS__2019__VID_20190227_100057_934_recorded.mp4,Lost_Partition-1__OWN__VID__DRS__2019__VID_20190227_100057_934_recorded.mp4,False,,,File not found in DB
C:\Users\micro\Documents\Better Up\Media-Manager\to-be-deleted\Lost_Partition-1__OWN__VID__DRS__2019__VID_20190227_100929_513_recorded.mp4,Lost_Partition-1__OWN__VID__DRS__2019__VID_20190227_100929_513_recorded.mp4,False,,,File not found in DB
C:\Users\micro\Documents\Better Up\Media-Manager\to-be-deleted\Lost_Partition-1__OWN__VID__DRS__2019__VID_20190430_110128_737_recorded.mp4,Lost_Partition-1__OWN__VID__DRS__2019__VID_20190430_110128_737_recorded.mp4,False,,,File not found in DB
C:\Users\micro\Documents\Better Up\Media-Manager\to-be-deleted\Lost_Partition-1__OWN__VID__DRS__2019__VID_20190430_110800_606_recorded.mp4,Lost_Partition-1__OWN__VID__DRS__2019__VID_20190430_110800_606_recorded.mp4,False,,,File not found in DB
C:\Users\micro\Documents\Better Up\Media-Manager\to-be-deleted\Lost_Partition-1__OWN__VID__DRS__2019__VID_20190430_111952_481_recorded.mp4,Lost_Partition-1__OWN__VID__DRS__2019__VID_20190430_111952_481_recorded.mp4,False,,,File not found in DB
C:\Users\micro\Documents\Better Up\Media-Manager\to-be-deleted\Lost_Partition-1__OWN__VID__DRS__2019__VID_20190430_112244_868_recorded.mp4,Lost_Partition-1__OWN__VID__DRS__2019__VID_20190430_112244_868_recorded.mp4,False,,,File not found in DB
C:\Users\micro\Documents\Better Up\Media-Manager\to-be-deleted\Lost_Partition-1__OWN__VID__DRS__2019__VID_20190430_113149_037_recorded.mp4,Lost_Partition-1__OWN__VID__DRS__2019__VID_20190430_113149_037_recorded.mp4,False,,,File not found in DB
C:\Users\micro\Documents\Better Up\Media-Manager\to-be-deleted\Lost_Partition-1__OWN__VID__DRS__2019__VID_20190430_113621_125_recorded.mp4,Lost_Partition-1__OWN__VID__DRS__2019__VID_20190430_113621_125_recorded.mp4,False,,,File not found in DB
C:\Users\micro\Documents\Better Up\Media-Manager\to-be-deleted\Lost_Partition-1__OWN__VID__DRS__2019__VID_20190430_113759_905_recorded.mp4,Lost_Partition-1__OWN__VID__DRS__2019__VID_20190430_113759_905_recorded.mp4,False,,,File not found in DB
C:\Users\micro\Documents\Better Up\Media-Manager\to-be-deleted\Lost_Partition-1__OWN__VID__DRS__2019__VID_20190519_143923_100_recorded.mp4,Lost_Partition-1__OWN__VID__DRS__2019__VID_20190519_143923_100_recorded.mp4,False,,,File not found in DB
C:\Users\micro\Documents\Better Up\Media-Manager\to-be-deleted\Lost_Partition-1__OWN__VID__DRS__2019__VID_20190524_072121_706_recorded.mp4,Lost_Partition-1__OWN__VID__DRS__2019__VID_20190524_072121_706_recorded.mp4,False,,,File not found in DB
C:\Users\micro\Documents\Better Up\Media-Manager\to-be-deleted\Lost_Partition-1__OWN__VID__DRS__2019__VID_20190524_072258_984_recorded.mp4,Lost_Partition-1__OWN__VID__DRS__2019__VID_20190524_072258_984_recorded.mp4,False,,,File not found in DB
C:\Users\micro\Documents\Better Up\Media-Manager\to-be-deleted\Lost_Partition-1__OWN__VID__DRS__2019__VID_20190525_045212_578_recorded.mp4,Lost_Partition-1__OWN__VID__DRS__2019__VID_20190525_045212_578_recorded.mp4,False,,,File not found in DB
C:\Users\micro\Documents\Better Up\Media-Manager\to-be-deleted\Lost_Partition-1__OWN__VID__DRS__2019__VID_20190525_045230_804_recorded.mp4,Lost_Partition-1__OWN__VID__DRS__2019__VID_20190525_045230_804_recorded.mp4,False,,,File not found in DB
C:\Users\micro\Documents\Better Up\Media-Manager\to-be-deleted\Lost_Partition-1__OWN__VID__DRS__2019__VID_20190525_051554_965_recorded.mp4,Lost_Partition-1__OWN__VID__DRS__2019__VID_20190525_051554_965_recorded.mp4,False,,,File not found in DB
C:\Users\micro\Documents\Better Up\Media-Manager\to-be-deleted\Lost_Partition-1__OWN__VID__DRS__2019__VID_20190525_051734_490_recorded.mp4,Lost_Partition-1__OWN__VID__DRS__2019__VID_20190525_051734_490_recorded.mp4,False,,,File not found in DB
C:\Users\micro\Documents\Better Up\Media-Manager\to-be-deleted\Lost_Partition-1__OWN__VID__DRS__2019__VID_20190525_101900_123_recorded.mp4,Lost_Partition-1__OWN__VID__DRS__2019__VID_20190525_101900_123_recorded.mp4,False,,,File not found in DB
C:\Users\micro\Documents\Better Up\Media-Manager\to-be-deleted\Lost_Partition-1__OWN__VID__DRS__2019__VID_20190525_102641_748_recorded.mp4,Lost_Partition-1__OWN__VID__DRS__2019__VID_20190525_102641_748_recorded.mp4,False,,,File not found in DB
C:\Users\micro\Documents\Better Up\Media-Manager\to-be-deleted\Lost_Partition-1__OWN__VID__DRS__2019__VID_20190525_102945_103_recorded.mp4,Lost_Partition-1__OWN__VID__DRS__2019__VID_20190525_102945_103_recorded.mp4,False,,,File not found in DB
C:\Users\micro\Documents\Better Up\Media-Manager\to-be-deleted\Lost_Partition-1__OWN__VID__DRS__2019__VID_20190525_103239_192_recorded.mp4,Lost_Partition-1__OWN__VID__DRS__2019__VID_20190525_103239_192_recorded.mp4,False,,,File not found in DB
C:\Users\micro\Documents\Better Up\Media-Manager\to-be-deleted\Lost_Partition-1__OWN__VID__DRS__2019__VID_20190525_103500_103_recorded.mp4,Lost_Partition-1__OWN__VID__DRS__2019__VID_20190525_103500_103_recorded.mp4,False,,,File not found in DB
C:\Users\micro\Documents\Better Up\Media-Manager\to-be-deleted\Lost_Partition-1__OWN__VID__DRS__2019__VID_20190525_103533_658_recorded.mp4,Lost_Partition-1__OWN__VID__DRS__2019__VID_20190525_103533_658_recorded.mp4,False,,,File not found in DB
C:\Users\micro\Documents\Better Up\Media-Manager\to-be-deleted\Lost_Partition-1__OWN__VID__DRS__2019__VID_20190525_104734_450_recorded.mp4,Lost_Partition-1__OWN__VID__DRS__2019__VID_20190525_104734_450_recorded.mp4,False,,,File not found in DB
C:\Users\micro\Documents\Better Up\Media-Manager\to-be-deleted\Lost_Partition-1__OWN__VID__DRS__2019__VID_20190525_104912_964_recorded.mp4,Lost_Partition-1__OWN__VID__DRS__2019__VID_20190525_104912_964_recorded.mp4,False,,,File not found in DB
C:\Users\micro\Documents\Better Up\Media-Manager\to-be-deleted\Lost_Partition-1__OWN__VID__DRS__2019__VID_20190527_053840_804_recorded.mp4,Lost_Partition-1__OWN__VID__DRS__2019__VID_20190527_053840_804_recorded.mp4,False,,,File not found in DB
C:\Users\micro\Documents\Better Up\Media-Manager\to-be-deleted\Lost_Partition-1__OWN__VID__DRS__2019__VID_20190527_054138_016_recorded.mp4,Lost_Partition-1__OWN__VID__DRS__2019__VID_20190527_054138_016_recorded.mp4,False,,,File not found in DB
C:\Users\micro\Documents\Better Up\Media-Manager\to-be-deleted\Lost_Partition-1__OWN__VID__DRS__2019__VID_20190527_054419_509_recorded.mp4,Lost_Partition-1__OWN__VID__DRS__2019__VID_20190527_054419_509_recorded.mp4,False,,,File not found in DB
C:\Users\micro\Documents\Better Up\Media-Manager\to-be-deleted\Lost_Partition-1__OWN__VID__DRS__2019__VID_20190527_054430_355_recorded.mp4,Lost_Partition-1__OWN__VID__DRS__2019__VID_20190527_054430_355_recorded.mp4,False,,,File not found in DB
C:\Users\micro\Documents\Better Up\Media-Manager\to-be-deleted\Lost_Partition-1__OWN__VID__DRS__2019__VID_20190608_165926_051_recorded.mp4,Lost_Partition-1__OWN__VID__DRS__2019__VID_20190608_165926_051_recorded.mp4,False,,,File not found in DB
C:\Users\micro\Documents\Better Up\Media-Manager\to-be-deleted\Lost_Partition-1__OWN__VID__DRS__2019__VID_20190608_170214_617_recorded.mp4,Lost_Partition-1__OWN__VID__DRS__2019__VID_20190608_170214_617_recorded.mp4,False,,,File not found in DB
C:\Users\micro\Documents\Better Up\Media-Manager\to-be-deleted\Lost_Partition-1__OWN__VID__DRS__2019__VID_20190608_170259_009_recorded.mp4,Lost_Partition-1__OWN__VID__DRS__2019__VID_20190608_170259_009_recorded.mp4,False,,,File not found in DB
C:\Users\micro\Documents\Better Up\Media-Manager\to-be-deleted\Lost_Partition-1__OWN__VID__DRS__2019__VID_20190608_170948_424_recorded.mp4,Lost_Partition-1__OWN__VID__DRS__2019__VID_20190608_170948_424_recorded.mp4,False,,,File not found in DB
C:\Users\micro\Documents\Better Up\Media-Manager\to-be-deleted\Lost_Partition-1__OWN__VID__DRS__2019__VID_20190608_171235_231_recorded.mp4,Lost_Partition-1__OWN__VID__DRS__2019__VID_20190608_171235_231_recorded.mp4,False,,,File not found in DB
C:\Users\micro\Documents\Better Up\Media-Manager\to-be-deleted\Lost_Partition-1__OWN__VID__DRS__2019__VID_20190608_171602_637_recorded.mp4,Lost_Partition-1__OWN__VID__DRS__2019__VID_20190608_171602_637_recorded.mp4,False,,,File not found in DB
C:\Users\micro\Documents\Better Up\Media-Manager\to-be-deleted\Lost_Partition-1__OWN__VID__DRS__2019__VID_20190608_171644_303_recorded.mp4,Lost_Partition-1__OWN__VID__DRS__2019__VID_20190608_171644_303_recorded.mp4,False,,,File not found in DB
C:\Users\micro\Documents\Better Up\Media-Manager\to-be-deleted\Lost_Partition-1__OWN__VID__DRS__2019__VID_20190608_172105_952_recorded.mp4,Lost_Partition-1__OWN__VID__DRS__2019__VID_20190608_172105_952_recorded.mp4,False,,,File not found in DB
C:\Users\micro\Documents\Better Up\Media-Manager\to-be-deleted\Lost_Partition-1__OWN__VID__DRS__2019__VID_20190608_172134_380_recorded.mp4,Lost_Partition-1__OWN__VID__DRS__2019__VID_20190608_172134_380_recorded.mp4,False,,,File not found in DB
C:\Users\micro\Documents\Better Up\Media-Manager\to-be-deleted\Lost_Partition-1__OWN__VID__DRS__2019__VID_20190608_172249_991_recorded.mp4,Lost_Partition-1__OWN__VID__DRS__2019__VID_20190608_172249_991_recorded.mp4,False,,,File not found in DB
C:\Users\micro\Documents\Better Up\Media-Manager\to-be-deleted\Lost_Partition-1__OWN__VID__DRS__2019__VID_20190608_172729_116_recorded.mp4,Lost_Partition-1__OWN__VID__DRS__2019__VID_20190608_172729_116_recorded.mp4,False,,,File not found in DB
C:\Users\micro\Documents\Better Up\Media-Manager\to-be-deleted\Lost_Partition-1__OWN__VID__DRS__2019__VID_20190608_173029_097_recorded.mp4,Lost_Partition-1__OWN__VID__DRS__2019__VID_20190608_173029_097_recorded.mp4,False,,,File not found in DB
C:\Users\micro\Documents\Better Up\Media-Manager\to-be-deleted\Lost_Partition-1__OWN__VID__DRS__2019__VID_20190617_062836_400_recorded.mp4,Lost_Partition-1__OWN__VID__DRS__2019__VID_20190617_062836_400_recorded.mp4,False,,,File not found in DB
C:\Users\micro\Documents\Better Up\Media-Manager\to-be-deleted\Lost_Partition-1__OWN__VID__DRS__2019__VID_20190617_062932_018_recorded.mp4,Lost_Partition-1__OWN__VID__DRS__2019__VID_20190617_062932_018_recorded.mp4,False,,,File not found in DB
C:\Users\micro\Documents\Better Up\Media-Manager\to-be-deleted\Lost_Partition-1__OWN__VID__DRS__2019__VID_20190718_063748_358_recorded.mp4,Lost_Partition-1__OWN__VID__DRS__2019__VID_20190718_063748_358_recorded.mp4,False,,,File not found in DB
C:\Users\micro\Documents\Better Up\Media-Manager\to-be-deleted\Lost_Partition-1__OWN__VID__DRS__2019__VID_20190725_041754_508_recorded.mp4,Lost_Partition-1__OWN__VID__DRS__2019__VID_20190725_041754_508_recorded.mp4,False,,,File not found in DB
C:\Users\micro\Documents\Better Up\Media-Manager\to-be-deleted\Lost_Partition-1__OWN__VID__DRS__2019__VID_20190730_065332_032_recorded.mp4,Lost_Partition-1__OWN__VID__DRS__2019__VID_20190730_065332_032_recorded.mp4,False,,,File not found in DB
C:\Users\micro\Documents\Better Up\Media-Manager\to-be-deleted\Lost_Partition-1__OWN__VID__DRS__2019__VID_20190803_122041_777_recorded.mp4,Lost_Partition-1__OWN__VID__DRS__2019__VID_20190803_122041_777_recorded.mp4,False,,,File not found in DB
C:\Users\micro\Documents\Better Up\Media-Manager\to-be-deleted\Lost_Partition-1__OWN__VID__DRS__2019__VID_20190803_122334_871_recorded.mp4,Lost_Partition-1__OWN__VID__DRS__2019__VID_20190803_122334_871_recorded.mp4,False,,,File not found in DB
C:\Users\micro\Documents\Better Up\Media-Manager\to-be-deleted\Lost_Partition-1__OWN__VID__DRS__2019__VID_20190803_122441_819_recorded.mp4,Lost_Partition-1__OWN__VID__DRS__2019__VID_20190803_122441_819_recorded.mp4,False,,,File not found in DB
C:\Users\micro\Documents\Better Up\Media-Manager\to-be-deleted\Lost_Partition-1__OWN__VID__DRS__2019__VID_20190803_122608_770_recorded.mp4,Lost_Partition-1__OWN__VID__DRS__2019__VID_20190803_122608_770_recorded.mp4,False,,,File not found in DB
C:\Users\micro\Documents\Better Up\Media-Manager\to-be-deleted\Lost_Partition-1__OWN__VID__DRS__2019__VID_20190803_123004_269_recorded.mp4,Lost_Partition-1__OWN__VID__DRS__2019__VID_20190803_123004_269_recorded.mp4,False,,,File not found in DB
C:\Users\micro\Documents\Better Up\Media-Manager\to-be-deleted\Lost_Partition-1__OWN__VID__DRS__2019__VID_20190803_123341_343_recorded.mp4,Lost_Partition-1__OWN__VID__DRS__2019__VID_20190803_123341_343_recorded.mp4,False,,,File not found in DB
C:\Users\micro\Documents\Better Up\Media-Manager\to-be-deleted\Lost_Partition-1__OWN__VID__DRS__2019__VID_20190803_123658_856_recorded.mp4,Lost_Partition-1__OWN__VID__DRS__2019__VID_20190803_123658_856_recorded.mp4,False,,,File not found in DB
C:\Users\micro\Documents\Better Up\Media-Manager\to-be-deleted\Lost_Partition-1__OWN__VID__DRS__2019__VID_20190803_123954_356_recorded.mp4,Lost_Partition-1__OWN__VID__DRS__2019__VID_20190803_123954_356_recorded.mp4,False,,,File not found in DB
C:\Users\micro\Documents\Better Up\Media-Manager\to-be-deleted\Lost_Partition-1__OWN__VID__DRS__2019__VID_20190803_124331_479_recorded.mp4,Lost_Partition-1__OWN__VID__DRS__2019__VID_20190803_124331_479_recorded.mp4,False,,,File not found in DB
C:\Users\micro\Documents\Better Up\Media-Manager\to-be-deleted\Lost_Partition-1__OWN__VID__DRS__2019__VID_20190803_125809_424_recorded.mp4,Lost_Partition-1__OWN__VID__DRS__2019__VID_20190803_125809_424_recorded.mp4,False,,,File not found in DB
C:\Users\micro\Documents\Better Up\Media-Manager\to-be-deleted\Lost_Partition-1__OWN__VID__DRS__2019__VID_20190804_091912_118_recorded.mp4,Lost_Partition-1__OWN__VID__DRS__2019__VID_20190804_091912_118_recorded.mp4,False,,,File not found in DB
C:\Users\micro\Documents\Better Up\Media-Manager\to-be-deleted\Lost_Partition-1__OWN__VID__DRS__2019__VID_20190804_092705_020_recorded.mp4,Lost_Partition-1__OWN__VID__DRS__2019__VID_20190804_092705_020_recorded.mp4,False,,,File not found in DB
C:\Users\micro\Documents\Better Up\Media-Manager\to-be-deleted\Lost_Partition-1__OWN__VID__DRS__2019__VID_20190804_094242_535_recorded.mp4,Lost_Partition-1__OWN__VID__DRS__2019__VID_20190804_094242_535_recorded.mp4,False,,,File not found in DB
C:\Users\micro\Documents\Better Up\Media-Manager\to-be-deleted\Lost_Partition-1__OWN__VID__DRS__2019__VID_20190804_094615_410_recorded.mp4,Lost_Partition-1__OWN__VID__DRS__2019__VID_20190804_094615_410_recorded.mp4,False,,,File not found in DB
C:\Users\micro\Documents\Better Up\Media-Manager\to-be-deleted\Lost_Partition-1__OWN__VID__DRS__2019__VID_20190804_095832_976_recorded.mp4,Lost_Partition-1__OWN__VID__DRS__2019__VID_20190804_095832_976_recorded.mp4,False,,,File not found in DB
C:\Users\micro\Documents\Better Up\Media-Manager\to-be-deleted\Lost_Partition-1__OWN__VID__DRS__2019__VID_20190804_100132_200_recorded.mp4,Lost_Partition-1__OWN__VID__DRS__2019__VID_20190804_100132_200_recorded.mp4,False,,,File not found in DB
C:\Users\micro\Documents\Better Up\Media-Manager\to-be-deleted\Lost_Partition-1__OWN__VID__DRS__2019__VID_20190804_121547_765_recorded.mp4,Lost_Partition-1__OWN__VID__DRS__2019__VID_20190804_121547_765_recorded.mp4,False,,,File not found in DB
C:\Users\micro\Documents\Better Up\Media-Manager\to-be-deleted\Lost_Partition-1__OWN__VID__DRS__2019__VID_20190804_122500_344_recorded.mp4,Lost_Partition-1__OWN__VID__DRS__2019__VID_20190804_122500_344_recorded.mp4,False,,,File not found in DB
C:\Users\micro\Documents\Better Up\Media-Manager\to-be-deleted\Lost_Partition-1__OWN__VID__DRS__2019__VID_20190804_123354_926_recorded.mp4,Lost_Partition-1__OWN__VID__DRS__2019__VID_20190804_123354_926_recorded.mp4,False,,,File not found in DB
C:\Users\micro\Documents\Better Up\Media-Manager\to-be-deleted\Lost_Partition-1__OWN__VID__DRS__2019__VID_20190804_123739_021_recorded.mp4,Lost_Partition-1__OWN__VID__DRS__2019__VID_20190804_123739_021_recorded.mp4,False,,,File not found in DB
C:\Users\micro\Documents\Better Up\Media-Manager\to-be-deleted\Lost_Partition-1__OWN__VID__DRS__2019__VID_20190804_124131_241_recorded.mp4,Lost_Partition-1__OWN__VID__DRS__2019__VID_20190804_124131_241_recorded.mp4,False,,,File not found in DB
C:\Users\micro\Documents\Better Up\Media-Manager\to-be-deleted\Lost_Partition-1__OWN__VID__DRS__2019__VID_20190804_124157_321_recorded.mp4,Lost_Partition-1__OWN__VID__DRS__2019__VID_20190804_124157_321_recorded.mp4,False,,,File not found in DB
C:\Users\micro\Documents\Better Up\Media-Manager\to-be-deleted\Lost_Partition-1__OWN__VID__DRS__2019__VID_20190805_070300_873_recorded.mp4,Lost_Partition-1__OWN__VID__DRS__2019__VID_20190805_070300_873_recorded.mp4,False,,,File not found in DB
C:\Users\micro\Documents\Better Up\Media-Manager\to-be-deleted\Lost_Partition-1__OWN__VID__DRS__2019__VID_20190808_040000_123_recorded.mp4,Lost_Partition-1__OWN__VID__DRS__2019__VID_20190808_040000_123_recorded.mp4,False,,,File not found in DB
C:\Users\micro\Documents\Better Up\Media-Manager\to-be-deleted\Lost_Partition-1__OWN__VID__DRS__2019__VID_20190808_040934_811_recorded.mp4,Lost_Partition-1__OWN__VID__DRS__2019__VID_20190808_040934_811_recorded.mp4,False,,,File not found in DB
C:\Users\micro\Documents\Better Up\Media-Manager\to-be-deleted\Lost_Partition-1__OWN__VID__DRS__2019__VID_20190808_041226_461_recorded.mp4,Lost_Partition-1__OWN__VID__DRS__2019__VID_20190808_041226_461_recorded.mp4,False,,,File not found in DB
C:\Users\micro\Documents\Better Up\Media-Manager\to-be-deleted\Lost_Partition-1__OWN__VID__DRS__2019__VID_20190808_041529_800_recorded.mp4,Lost_Partition-1__OWN__VID__DRS__2019__VID_20190808_041529_800_recorded.mp4,False,,,File not found in DB
C:\Users\micro\Documents\Better Up\Media-Manager\to-be-deleted\Lost_Partition-1__OWN__VID__DRS__2019__VID_20190808_041856_468_recorded.mp4,Lost_Partition-1__OWN__VID__DRS__2019__VID_20190808_041856_468_recorded.mp4,False,,,File not found in DB
C:\Users\micro\Documents\Better Up\Media-Manager\to-be-deleted\Lost_Partition-1__OWN__VID__DRS__2019__VID_20190808_042141_847_recorded.mp4,Lost_Partition-1__OWN__VID__DRS__2019__VID_20190808_042141_847_recorded.mp4,False,,,File not found in DB
C:\Users\micro\Documents\Better Up\Media-Manager\to-be-deleted\Lost_Partition-1__OWN__VID__DRS__2019__VID_20190808_043846_043_recorded.mp4,Lost_Partition-1__OWN__VID__DRS__2019__VID_20190808_043846_043_recorded.mp4,False,,,File not found in DB
C:\Users\micro\Documents\Better Up\Media-Manager\to-be-deleted\Lost_Partition-1__OWN__VID__DRS__2019__VID_20190808_043922_798_recorded.mp4,Lost_Partition-1__OWN__VID__DRS__2019__VID_20190808_043922_798_recorded.mp4,False,,,File not found in DB
C:\Users\micro\Documents\Better Up\Media-Manager\to-be-deleted\Lost_Partition-1__OWN__VID__DRS__2019__VID_20190808_043940_098_recorded.mp4,Lost_Partition-1__OWN__VID__DRS__2019__VID_20190808_043940_098_recorded.mp4,False,,,File not found in DB
C:\Users\micro\Documents\Better Up\Media-Manager\to-be-deleted\Lost_Partition-1__OWN__VID__DRS__2019__VID_20190810_123332_856_recorded.mp4,Lost_Partition-1__OWN__VID__DRS__2019__VID_20190810_123332_856_recorded.mp4,False,,,File not found in DB
C:\Users\micro\Documents\Better Up\Media-Manager\to-be-deleted\Lost_Partition-1__OWN__VID__DRS__2019__VID_20190811_042705_076_recorded.mp4,Lost_Partition-1__OWN__VID__DRS__2019__VID_20190811_042705_076_recorded.mp4,False,,,File not found in DB
C:\Users\micro\Documents\Better Up\Media-Manager\to-be-deleted\Lost_Partition-1__OWN__VID__DRS__2019__VID_20190811_043607_009_recorded.mp4,Lost_Partition-1__OWN__VID__DRS__2019__VID_20190811_043607_009_recorded.mp4,False,,,File not found in DB
C:\Users\micro\Documents\Better Up\Media-Manager\to-be-deleted\Lost_Partition-1__OWN__VID__DRS__2019__VID_20190811_045443_510_recorded.mp4,Lost_Partition-1__OWN__VID__DRS__2019__VID_20190811_045443_510_recorded.mp4,False,,,File not found in DB
C:\Users\micro\Documents\Better Up\Media-Manager\to-be-deleted\Lost_Partition-1__OWN__VID__DRS__2019__VID_20190811_045750_472_recorded.mp4,Lost_Partition-1__OWN__VID__DRS__2019__VID_20190811_045750_472_recorded.mp4,False,,,File not found in DB
C:\Users\micro\Documents\Better Up\Media-Manager\to-be-deleted\Lost_Partition-1__OWN__VID__DRS__2019__VID_20190811_050100_182_recorded.mp4,Lost_Partition-1__OWN__VID__DRS__2019__VID_20190811_050100_182_recorded.mp4,False,,,File not found in DB
C:\Users\micro\Documents\Better Up\Media-Manager\to-be-deleted\Lost_Partition-1__OWN__VID__DRS__2019__VID_20190811_050410_471_recorded.mp4,Lost_Partition-1__OWN__VID__DRS__2019__VID_20190811_050410_471_recorded.mp4,False,,,File not found in DB
C:\Users\micro\Documents\Better Up\Media-Manager\to-be-deleted\Lost_Partition-1__OWN__VID__DRS__2019__VID_20190811_094930_036_recorded.mp4,Lost_Partition-1__OWN__VID__DRS__2019__VID_20190811_094930_036_recorded.mp4,False,,,File not found in DB
C:\Users\micro\Documents\Better Up\Media-Manager\to-be-deleted\Lost_Partition-1__OWN__VID__DRS__2019__VID_20190814_041452_340_recorded.mp4,Lost_Partition-1__OWN__VID__DRS__2019__VID_20190814_041452_340_recorded.mp4,False,,,File not found in DB
C:\Users\micro\Documents\Better Up\Media-Manager\to-be-deleted\Lost_Partition-1__OWN__VID__DRS__2019__VID_20190814_043148_542_recorded.mp4,Lost_Partition-1__OWN__VID__DRS__2019__VID_20190814_043148_542_recorded.mp4,False,,,File not found in DB
C:\Users\micro\Documents\Better Up\Media-Manager\to-be-deleted\Lost_Partition-1__OWN__VID__DRS__2019__VID_20190814_043733_617_recorded.mp4,Lost_Partition-1__OWN__VID__DRS__2019__VID_20190814_043733_617_recorded.mp4,False,,,File not found in DB
C:\Users\micro\Documents\Better Up\Media-Manager\to-be-deleted\Lost_Partition-1__OWN__VID__DRS__2019__VID_20190814_044111_900_recorded.mp4,Lost_Partition-1__OWN__VID__DRS__2019__VID_20190814_044111_900_recorded.mp4,False,,,File not found in DB
C:\Users\micro\Documents\Better Up\Media-Manager\to-be-deleted\Lost_Partition-1__OWN__VID__DRS__2019__VID_20190814_044141_208_recorded.mp4,Lost_Partition-1__OWN__VID__DRS__2019__VID_20190814_044141_208_recorded.mp4,False,,,File not found in DB
C:\Users\micro\Documents\Better Up\Media-Manager\to-be-deleted\Lost_Partition-1__OWN__VID__DRS__2019__VID_20190814_044243_430_recorded.mp4,Lost_Partition-1__OWN__VID__DRS__2019__VID_20190814_044243_430_recorded.mp4,False,,,File not found in DB
C:\Users\micro\Documents\Better Up\Media-Manager\to-be-deleted\Lost_Partition-1__OWN__VID__DRS__2019__VID_20190814_050336_146_recorded.mp4,Lost_Partition-1__OWN__VID__DRS__2019__VID_20190814_050336_146_recorded.mp4,False,,,File not found in DB
C:\Users\micro\Documents\Better Up\Media-Manager\to-be-deleted\Lost_Partition-1__OWN__VID__DRS__2019__VID_20190814_050407_306_recorded.mp4,Lost_Partition-1__OWN__VID__DRS__2019__VID_20190814_050407_306_recorded.mp4,False,,,File not found in DB
C:\Users\micro\Documents\Better Up\Media-Manager\to-be-deleted\Lost_Partition-1__OWN__VID__DRS__2019__VID_20190814_052058_558_recorded.mp4,Lost_Partition-1__OWN__VID__DRS__2019__VID_20190814_052058_558_recorded.mp4,False,,,File not found in DB
C:\Users\micro\Documents\Better Up\Media-Manager\to-be-deleted\Lost_Partition-1__OWN__VID__DRS__2019__VID_20190814_052556_533_recorded.mp4,Lost_Partition-1__OWN__VID__DRS__2019__VID_20190814_052556_533_recorded.mp4,False,,,File not found in DB
C:\Users\micro\Documents\Better Up\Media-Manager\to-be-deleted\Lost_Partition-1__OWN__VID__DRS__2019__VID_20190814_052851_439_recorded.mp4,Lost_Partition-1__OWN__VID__DRS__2019__VID_20190814_052851_439_recorded.mp4,False,,,File not found in DB
C:\Users\micro\Documents\Better Up\Media-Manager\to-be-deleted\Lost_Partition-1__OWN__VID__DRS__2019__VID_20190814_053006_113_recorded.mp4,Lost_Partition-1__OWN__VID__DRS__2019__VID_20190814_053006_113_recorded.mp4,False,,,File not found in DB
C:\Users\micro\Documents\Better Up\Media-Manager\to-be-deleted\Lost_Partition-1__OWN__VID__DRS__2019__VID_20190816_093957_287_recorded.mp4,Lost_Partition-1__OWN__VID__DRS__2019__VID_20190816_093957_287_recorded.mp4,False,,,File not found in DB
C:\Users\micro\Documents\Better Up\Media-Manager\to-be-deleted\Lost_Partition-1__OWN__VID__DRS__2019__VID_20190816_094422_817_recorded.mp4,Lost_Partition-1__OWN__VID__DRS__2019__VID_20190816_094422_817_recorded.mp4,False,,,File not found in DB
C:\Users\micro\Documents\Better Up\Media-Manager\to-be-deleted\Lost_Partition-1__OWN__VID__DRS__2019__VID_20190816_095154_430_recorded.mp4,Lost_Partition-1__OWN__VID__DRS__2019__VID_20190816_095154_430_recorded.mp4,False,,,File not found in DB
C:\Users\micro\Documents\Better Up\Media-Manager\to-be-deleted\Lost_Partition-1__OWN__VID__DRS__2019__VID_20190816_100645_012_recorded.mp4,Lost_Partition-1__OWN__VID__DRS__2019__VID_20190816_100645_012_recorded.mp4,False,,,File not found in DB
C:\Users\micro\Documents\Better Up\Media-Manager\to-be-deleted\Lost_Partition-1__OWN__VID__DRS__2019__VID_20190816_100715_147_recorded.mp4,Lost_Partition-1__OWN__VID__DRS__2019__VID_20190816_100715_147_recorded.mp4,False,,,File not found in DB
C:\Users\micro\Documents\Better Up\Media-Manager\to-be-deleted\Lost_Partition-1__OWN__VID__DRS__2019__VID_20190816_100742_722_recorded.mp4,Lost_Partition-1__OWN__VID__DRS__2019__VID_20190816_100742_722_recorded.mp4,False,,,File not found in DB
C:\Users\micro\Documents\Better Up\Media-Manager\to-be-deleted\Lost_Partition-1__OWN__VID__DRS__2019__VID_20190816_100802_860_recorded.mp4,Lost_Partition-1__OWN__VID__DRS__2019__VID_20190816_100802_860_recorded.mp4,False,,,File not found in DB
C:\Users\micro\Documents\Better Up\Media-Manager\to-be-deleted\Lost_Partition-1__OWN__VID__DRS__2019__VID_20190816_100822_045_recorded.mp4,Lost_Partition-1__OWN__VID__DRS__2019__VID_20190816_100822_045_recorded.mp4,False,,,File not found in DB
C:\Users\micro\Documents\Better Up\Media-Manager\to-be-deleted\Lost_Partition-1__OWN__VID__DRS__2019__VID_20190816_100838_055_recorded.mp4,Lost_Partition-1__OWN__VID__DRS__2019__VID_20190816_100838_055_recorded.mp4,False,,,File not found in DB
C:\Users\micro\Documents\Better Up\Media-Manager\to-be-deleted\Lost_Partition-1__OWN__VID__DRS__2019__VID_20190816_100851_015_recorded.mp4,Lost_Partition-1__OWN__VID__DRS__2019__VID_20190816_100851_015_recorded.mp4,False,,,File not found in DB
C:\Users\micro\Documents\Better Up\Media-Manager\to-be-deleted\Lost_Partition-1__OWN__VID__DRS__2019__VID_20190816_100904_196_recorded.mp4,Lost_Partition-1__OWN__VID__DRS__2019__VID_20190816_100904_196_recorded.mp4,False,,,File not found in DB
C:\Users\micro\Documents\Better Up\Media-Manager\to-be-deleted\Lost_Partition-1__OWN__VID__DRS__2019__VID_20190816_101134_232_recorded.mp4,Lost_Partition-1__OWN__VID__DRS__2019__VID_20190816_101134_232_recorded.mp4,False,,,File not found in DB
C:\Users\micro\Documents\Better Up\Media-Manager\to-be-deleted\Lost_Partition-1__OWN__VID__DRS__2019__VID_20190818_092756_645_recorded.mp4,Lost_Partition-1__OWN__VID__DRS__2019__VID_20190818_092756_645_recorded.mp4,False,,,File not found in DB
C:\Users\micro\Documents\Better Up\Media-Manager\to-be-deleted\Lost_Partition-1__OWN__VID__DRS__2019__VID_20190818_092936_432_recorded.mp4,Lost_Partition-1__OWN__VID__DRS__2019__VID_20190818_092936_432_recorded.mp4,False,,,File not found in DB
C:\Users\micro\Documents\Better Up\Media-Manager\to-be-deleted\Lost_Partition-1__OWN__VID__DRS__2019__VID_20190818_093255_693_recorded.mp4,Lost_Partition-1__OWN__VID__DRS__2019__VID_20190818_093255_693_recorded.mp4,False,,,File not found in DB
C:\Users\micro\Documents\Better Up\Media-Manager\to-be-deleted\Lost_Partition-1__OWN__VID__DRS__2019__VID_20190818_094048_164_recorded.mp4,Lost_Partition-1__OWN__VID__DRS__2019__VID_20190818_094048_164_recorded.mp4,False,,,File not found in DB
C:\Users\micro\Documents\Better Up\Media-Manager\to-be-deleted\Lost_Partition-1__OWN__VID__DRS__2019__VID_20190818_094342_328_recorded.mp4,Lost_Partition-1__OWN__VID__DRS__2019__VID_20190818_094342_328_recorded.mp4,False,,,File not found in DB
C:\Users\micro\Documents\Better Up\Media-Manager\to-be-deleted\Lost_Partition-1__OWN__VID__DRS__2019__VID_20190818_094510_722_recorded.mp4,Lost_Partition-1__OWN__VID__DRS__2019__VID_20190818_094510_722_recorded.mp4,False,,,File not found in DB
C:\Users\micro\Documents\Better Up\Media-Manager\to-be-deleted\Lost_Partition-1__OWN__VID__DRS__2019__VID_20190824_082501_788_recorded.mp4,Lost_Partition-1__OWN__VID__DRS__2019__VID_20190824_082501_788_recorded.mp4,False,,,File not found in DB
C:\Users\micro\Documents\Better Up\Media-Manager\to-be-deleted\Lost_Partition-1__OWN__VID__DRS__2019__VID_20190824_082803_389_recorded.mp4,Lost_Partition-1__OWN__VID__DRS__2019__VID_20190824_082803_389_recorded.mp4,False,,,File not found in DB
C:\Users\micro\Documents\Better Up\Media-Manager\to-be-deleted\Lost_Partition-1__OWN__VID__DRS__2019__VID_20190824_083134_289_recorded.mp4,Lost_Partition-1__OWN__VID__DRS__2019__VID_20190824_083134_289_recorded.mp4,False,,,File not found in DB
C:\Users\micro\Documents\Better Up\Media-Manager\to-be-deleted\Lost_Partition-1__OWN__VID__DRS__2019__VID_20190824_083433_030_recorded.mp4,Lost_Partition-1__OWN__VID__DRS__2019__VID_20190824_083433_030_recorded.mp4,False,,,File not found in DB
C:\Users\micro\Documents\Better Up\Media-Manager\to-be-deleted\Lost_Partition-1__OWN__VID__DRS__2019__VID_20190825_171358_853_recorded.mp4,Lost_Partition-1__OWN__VID__DRS__2019__VID_20190825_171358_853_recorded.mp4,False,,,File not found in DB
C:\Users\micro\Documents\Better Up\Media-Manager\to-be-deleted\Lost_Partition-1__OWN__VID__DRS__2019__VID_20190825_171554_299_recorded.mp4,Lost_Partition-1__OWN__VID__DRS__2019__VID_20190825_171554_299_recorded.mp4,False,,,File not found in DB
C:\Users\micro\Documents\Better Up\Media-Manager\to-be-deleted\Lost_Partition-1__OWN__VID__DRS__2019__VID_20190825_172008_121_recorded.mp4,Lost_Partition-1__OWN__VID__DRS__2019__VID_20190825_172008_121_recorded.mp4,False,,,File not found in DB
C:\Users\micro\Documents\Better Up\Media-Manager\to-be-deleted\Lost_Partition-1__OWN__VID__DRS__2019__VID_20190825_173613_628_recorded.mp4,Lost_Partition-1__OWN__VID__DRS__2019__VID_20190825_173613_628_recorded.mp4,False,,,File not found in DB
C:\Users\micro\Documents\Better Up\Media-Manager\to-be-deleted\Lost_Partition-1__OWN__VID__DRS__2019__VID_20190825_174105_607_recorded.mp4,Lost_Partition-1__OWN__VID__DRS__2019__VID_20190825_174105_607_recorded.mp4,False,,,File not found in DB
C:\Users\micro\Documents\Better Up\Media-Manager\to-be-deleted\Lost_Partition-1__OWN__VID__DRS__2019__VID_20190825_174603_641_recorded.mp4,Lost_Partition-1__OWN__VID__DRS__2019__VID_20190825_174603_641_recorded.mp4,False,,,File not found in DB
C:\Users\micro\Documents\Better Up\Media-Manager\to-be-deleted\Lost_Partition-1__OWN__VID__DRS__2019__VID_20190825_174851_707_recorded.mp4,Lost_Partition-1__OWN__VID__DRS__2019__VID_20190825_174851_707_recorded.mp4,False,,,File not found in DB
C:\Users\micro\Documents\Better Up\Media-Manager\to-be-deleted\Lost_Partition-1__OWN__VID__DRS__2019__VID_20190825_175130_075_recorded.mp4,Lost_Partition-1__OWN__VID__DRS__2019__VID_20190825_175130_075_recorded.mp4,False,,,File not found in DB
C:\Users\micro\Documents\Better Up\Media-Manager\to-be-deleted\Lost_Partition-1__OWN__VID__DRS__2019__VID_20190825_175415_222_recorded.mp4,Lost_Partition-1__OWN__VID__DRS__2019__VID_20190825_175415_222_recorded.mp4,False,,,File not found in DB
C:\Users\micro\Documents\Better Up\Media-Manager\to-be-deleted\Lost_Partition-1__OWN__VID__DRS__2019__VID_20190825_175706_436_recorded.mp4,Lost_Partition-1__OWN__VID__DRS__2019__VID_20190825_175706_436_recorded.mp4,False,,,File not found in DB
C:\Users\micro\Documents\Better Up\Media-Manager\to-be-deleted\Lost_Partition-1__OWN__VID__DRS__2019__VID_20190825_175854_989_recorded.mp4,Lost_Partition-1__OWN__VID__DRS__2019__VID_20190825_175854_989_recorded.mp4,False,,,File not found in DB
C:\Users\micro\Documents\Better Up\Media-Manager\to-be-deleted\Lost_Partition-1__OWN__VID__DRS__2019__VID_20190825_180222_819_recorded.mp4,Lost_Partition-1__OWN__VID__DRS__2019__VID_20190825_180222_819_recorded.mp4,False,,,File not found in DB
C:\Users\micro\Documents\Better Up\Media-Manager\to-be-deleted\Lost_Partition-1__OWN__VID__DRS__2019__VID_20190825_180515_674_recorded.mp4,Lost_Partition-1__OWN__VID__DRS__2019__VID_20190825_180515_674_recorded.mp4,False,,,File not found in DB
C:\Users\micro\Documents\Better Up\Media-Manager\to-be-deleted\Lost_Partition-1__OWN__VID__DRS__2019__VID_20190828_072148_574_recorded.mp4,Lost_Partition-1__OWN__VID__DRS__2019__VID_20190828_072148_574_recorded.mp4,False,,,File not found in DB
C:\Users\micro\Documents\Better Up\Media-Manager\to-be-deleted\Lost_Partition-1__OWN__VID__DRS__2019__VID_20190828_072455_050_recorded.mp4,Lost_Partition-1__OWN__VID__DRS__2019__VID_20190828_072455_050_recorded.mp4,False,,,File not found in DB
C:\Users\micro\Documents\Better Up\Media-Manager\to-be-deleted\Lost_Partition-1__OWN__VID__DRS__2019__VID_20190830_043503_769_recorded.mp4,Lost_Partition-1__OWN__VID__DRS__2019__VID_20190830_043503_769_recorded.mp4,False,,,File not found in DB
C:\Users\micro\Documents\Better Up\Media-Manager\to-be-deleted\Lost_Partition-1__OWN__VID__DRS__2019__VID_20190830_043741_579_recorded.mp4,Lost_Partition-1__OWN__VID__DRS__2019__VID_20190830_043741_579_recorded.mp4,False,,,File not found in DB
C:\Users\micro\Documents\Better Up\Media-Manager\to-be-deleted\Lost_Partition-1__OWN__VID__DRS__2019__VID_20190830_052314_691_recorded.mp4,Lost_Partition-1__OWN__VID__DRS__2019__VID_20190830_052314_691_recorded.mp4,False,,,File not found in DB
C:\Users\micro\Documents\Better Up\Media-Manager\to-be-deleted\Lost_Partition-1__OWN__VID__DRS__2019__VID_20190830_052658_977_recorded.mp4,Lost_Partition-1__OWN__VID__DRS__2019__VID_20190830_052658_977_recorded.mp4,False,,,File not found in DB
C:\Users\micro\Documents\Better Up\Media-Manager\to-be-deleted\Lost_Partition-1__OWN__VID__DRS__2019__VID_20190922_164823_878_recorded.mp4,Lost_Partition-1__OWN__VID__DRS__2019__VID_20190922_164823_878_recorded.mp4,False,,,File not found in DB
C:\Users\micro\Documents\Better Up\Media-Manager\to-be-deleted\Lost_Partition-1__OWN__VID__DRS__2019__VID_20190922_165613_688_recorded.mp4,Lost_Partition-1__OWN__VID__DRS__2019__VID_20190922_165613_688_recorded.mp4,False,,,File not found in DB
C:\Users\micro\Documents\Better Up\Media-Manager\to-be-deleted\Lost_Partition-1__OWN__VID__DRS__2019__VID_20190922_170150_642_recorded.mp4,Lost_Partition-1__OWN__VID__DRS__2019__VID_20190922_170150_642_recorded.mp4,False,,,File not found in DB
C:\Users\micro\Documents\Better Up\Media-Manager\to-be-deleted\Lost_Partition-1__OWN__VID__DRS__2019__VID_20190922_170427_834_recorded.mp4,Lost_Partition-1__OWN__VID__DRS__2019__VID_20190922_170427_834_recorded.mp4,False,,,File not found in DB
C:\Users\micro\Documents\Better Up\Media-Manager\to-be-deleted\Lost_Partition-1__OWN__VID__DRS__2019__VID_20190922_170728_048_recorded.mp4,Lost_Partition-1__OWN__VID__DRS__2019__VID_20190922_170728_048_recorded.mp4,False,,,File not found in DB
C:\Users\micro\Documents\Better Up\Media-Manager\to-be-deleted\Lost_Partition-1__OWN__VID__DRS__2019__VID_20190922_171023_518_recorded.mp4,Lost_Partition-1__OWN__VID__DRS__2019__VID_20190922_171023_518_recorded.mp4,False,,,File not found in DB
C:\Users\micro\Documents\Better Up\Media-Manager\to-be-deleted\Lost_Partition-1__OWN__VID__DRS__2019__VID_20190922_171317_129_recorded.mp4,Lost_Partition-1__OWN__VID__DRS__2019__VID_20190922_171317_129_recorded.mp4,False,,,File not found in DB
C:\Users\micro\Documents\Better Up\Media-Manager\to-be-deleted\Lost_Partition-1__OWN__VID__DRS__2019__VID_20190922_171540_345_recorded.mp4,Lost_Partition-1__OWN__VID__DRS__2019__VID_20190922_171540_345_recorded.mp4,False,,,File not found in DB
C:\Users\micro\Documents\Better Up\Media-Manager\to-be-deleted\Lost_Partition-1__OWN__VID__DRS__2019__VID_20190922_172717_630_recorded.mp4,Lost_Partition-1__OWN__VID__DRS__2019__VID_20190922_172717_630_recorded.mp4,False,,,File not found in DB
C:\Users\micro\Documents\Better Up\Media-Manager\to-be-deleted\Lost_Partition-1__OWN__VID__DRS__2019__VID_20190922_173116_612_recorded.mp4,Lost_Partition-1__OWN__VID__DRS__2019__VID_20190922_173116_612_recorded.mp4,False,,,File not found in DB
C:\Users\micro\Documents\Better Up\Media-Manager\to-be-deleted\Lost_Partition-1__OWN__VID__DRS__2019__VID_20190930_044633_428_recorded.mp4,Lost_Partition-1__OWN__VID__DRS__2019__VID_20190930_044633_428_recorded.mp4,False,,,File not found in DB
C:\Users\micro\Documents\Better Up\Media-Manager\to-be-deleted\Lost_Partition-1__OWN__VID__DRS__2019__VID_20190930_044819_644_recorded.mp4,Lost_Partition-1__OWN__VID__DRS__2019__VID_20190930_044819_644_recorded.mp4,False,,,File not found in DB
C:\Users\micro\Documents\Better Up\Media-Manager\to-be-deleted\Lost_Partition-1__OWN__VID__DRS__2019__VID_20190930_070248_433_recorded.mp4,Lost_Partition-1__OWN__VID__DRS__2019__VID_20190930_070248_433_recorded.mp4,False,,,File not found in DB
C:\Users\micro\Documents\Better Up\Media-Manager\to-be-deleted\Lost_Partition-1__OWN__VID__DRS__2019__VID_20191007_181716_991_recorded.mp4,Lost_Partition-1__OWN__VID__DRS__2019__VID_20191007_181716_991_recorded.mp4,False,,,File not found in DB
C:\Users\micro\Documents\Better Up\Media-Manager\to-be-deleted\Lost_Partition-1__OWN__VID__DRS__2019__VID_20191009_012258_523_recorded.mp4,Lost_Partition-1__OWN__VID__DRS__2019__VID_20191009_012258_523_recorded.mp4,False,,,File not found in DB
C:\Users\micro\Documents\Better Up\Media-Manager\to-be-deleted\Lost_Partition-1__OWN__VID__DRS__2019__VID_20191009_012835_727_recorded.mp4,Lost_Partition-1__OWN__VID__DRS__2019__VID_20191009_012835_727_recorded.mp4,False,,,File not found in DB
C:\Users\micro\Documents\Better Up\Media-Manager\to-be-deleted\Lost_Partition-1__OWN__VID__DRS__2019__VID_20191009_042205_218_recorded.mp4,Lost_Partition-1__OWN__VID__DRS__2019__VID_20191009_042205_218_recorded.mp4,False,,,File not found in DB
C:\Users\micro\Documents\Better Up\Media-Manager\to-be-deleted\Lost_Partition-1__OWN__VID__DRS__2019__VID_20191013_055628_882_recorded.mp4,Lost_Partition-1__OWN__VID__DRS__2019__VID_20191013_055628_882_recorded.mp4,False,,,File not found in DB
C:\Users\micro\Documents\Better Up\Media-Manager\to-be-deleted\Lost_Partition-1__OWN__VID__DRS__2019__VID_20191013_093010_818_recorded.mp4,Lost_Partition-1__OWN__VID__DRS__2019__VID_20191013_093010_818_recorded.mp4,False,,,File not found in DB
C:\Users\micro\Documents\Better Up\Media-Manager\to-be-deleted\Lost_Partition-1__OWN__VID__DRS__2019__VID_20191013_093437_707_recorded.mp4,Lost_Partition-1__OWN__VID__DRS__2019__VID_20191013_093437_707_recorded.mp4,False,,,File not found in DB
C:\Users\micro\Documents\Better Up\Media-Manager\to-be-deleted\Lost_Partition-1__OWN__VID__DRS__2019__VID_20191013_093815_954_recorded.mp4,Lost_Partition-1__OWN__VID__DRS__2019__VID_20191013_093815_954_recorded.mp4,False,,,File not found in DB
C:\Users\micro\Documents\Better Up\Media-Manager\to-be-deleted\Lost_Partition-1__OWN__VID__DRS__2019__VID_20191013_094116_259_recorded.mp4,Lost_Partition-1__OWN__VID__DRS__2019__VID_20191013_094116_259_recorded.mp4,False,,,File not found in DB
C:\Users\micro\Documents\Better Up\Media-Manager\to-be-deleted\Lost_Partition-1__OWN__VID__DRS__2019__VID_20191013_094406_613_recorded.mp4,Lost_Partition-1__OWN__VID__DRS__2019__VID_20191013_094406_613_recorded.mp4,False,,,File not found in DB
C:\Users\micro\Documents\Better Up\Media-Manager\to-be-deleted\Lost_Partition-1__OWN__VID__DRS__2019__VID_20191013_095025_434_recorded.mp4,Lost_Partition-1__OWN__VID__DRS__2019__VID_20191013_095025_434_recorded.mp4,False,,,File not found in DB
C:\Users\micro\Documents\Better Up\Media-Manager\to-be-deleted\Lost_Partition-1__OWN__VID__DRS__2019__VID_20191013_095322_379_recorded.mp4,Lost_Partition-1__OWN__VID__DRS__2019__VID_20191013_095322_379_recorded.mp4,False,,,File not found in DB
C:\Users\micro\Documents\Better Up\Media-Manager\to-be-deleted\Lost_Partition-1__OWN__VID__DRS__2019__VID_20191013_095611_564_recorded.mp4,Lost_Partition-1__OWN__VID__DRS__2019__VID_20191013_095611_564_recorded.mp4,False,,,File not found in DB
C:\Users\micro\Documents\Better Up\Media-Manager\to-be-deleted\Lost_Partition-1__OWN__VID__DRS__2019__VID_20191013_100036_366_recorded.mp4,Lost_Partition-1__OWN__VID__DRS__2019__VID_20191013_100036_366_recorded.mp4,False,,,File not found in DB
C:\Users\micro\Documents\Better Up\Media-Manager\to-be-deleted\Lost_Partition-1__OWN__VID__DRS__2019__VID_20191013_100918_691_recorded.mp4,Lost_Partition-1__OWN__VID__DRS__2019__VID_20191013_100918_691_recorded.mp4,False,,,File not found in DB
C:\Users\micro\Documents\Better Up\Media-Manager\to-be-deleted\Lost_Partition-1__OWN__VID__DRS__2019__VID_20191209_063339_321_recorded.mp4,Lost_Partition-1__OWN__VID__DRS__2019__VID_20191209_063339_321_recorded.mp4,False,,,File not found in DB
C:\Users\micro\Documents\Better Up\Media-Manager\to-be-deleted\Lost_Partition-1__OWN__VID__DRS__2019__VID_20191214_150656_291_recorded.mp4,Lost_Partition-1__OWN__VID__DRS__2019__VID_20191214_150656_291_recorded.mp4,False,,,File not found in DB
C:\Users\micro\Documents\Better Up\Media-Manager\to-be-deleted\Lost_Partition-1__OWN__VID__DRS__2019__VID_20191214_150946_332_recorded.mp4,Lost_Partition-1__OWN__VID__DRS__2019__VID_20191214_150946_332_recorded.mp4,False,,,File not found in DB
C:\Users\micro\Documents\Better Up\Media-Manager\to-be-deleted\Lost_Partition-1__OWN__VID__DRS__2019__VID_20191214_152018_526_recorded.mp4,Lost_Partition-1__OWN__VID__DRS__2019__VID_20191214_152018_526_recorded.mp4,False,,,File not found in DB
C:\Users\micro\Documents\Better Up\Media-Manager\to-be-deleted\Lost_Partition-1__OWN__VID__DRS__2019__VID_20191214_152258_240_recorded.mp4,Lost_Partition-1__OWN__VID__DRS__2019__VID_20191214_152258_240_recorded.mp4,False,,,File not found in DB
C:\Users\micro\Documents\Better Up\Media-Manager\to-be-deleted\Lost_Partition-1__OWN__VID__DRS__2019__VID_20191215_035730_158_recorded.mp4,Lost_Partition-1__OWN__VID__DRS__2019__VID_20191215_035730_158_recorded.mp4,False,,,File not found in DB
C:\Users\micro\Documents\Better Up\Media-Manager\to-be-deleted\Lost_Partition-1__OWN__VID__DRS__2019__VID_20191217_045609_610_recorded.mp4,Lost_Partition-1__OWN__VID__DRS__2019__VID_20191217_045609_610_recorded.mp4,False,,,File not found in DB
C:\Users\micro\Documents\Better Up\Media-Manager\to-be-deleted\Lost_Partition-1__OWN__VID__DRS__2019__VID_20191217_045744_438_recorded.mp4,Lost_Partition-1__OWN__VID__DRS__2019__VID_20191217_045744_438_recorded.mp4,False,,,File not found in DB
C:\Users\micro\Documents\Better Up\Media-Manager\to-be-deleted\Lost_Partition-1__OWN__VID__DRS__2019__VID_20191217_045932_852_recorded.mp4,Lost_Partition-1__OWN__VID__DRS__2019__VID_20191217_045932_852_recorded.mp4,False,,,File not found in DB
C:\Users\micro\Documents\Better Up\Media-Manager\to-be-deleted\Lost_Partition-1__OWN__VID__DRS__2019__VID_20191217_050405_915_recorded.mp4,Lost_Partition-1__OWN__VID__DRS__2019__VID_20191217_050405_915_recorded.mp4,False,,,File not found in DB
C:\Users\micro\Documents\Better Up\Media-Manager\to-be-deleted\Lost_Partition-1__OWN__VID__DRS__2019__VID_20191217_050649_754_recorded.mp4,Lost_Partition-1__OWN__VID__DRS__2019__VID_20191217_050649_754_recorded.mp4,False,,,File not found in DB
C:\Users\micro\Documents\Better Up\Media-Manager\to-be-deleted\Lost_Partition-1__OWN__VID__DRS__2019__VID_20191217_050944_634_recorded.mp4,Lost_Partition-1__OWN__VID__DRS__2019__VID_20191217_050944_634_recorded.mp4,False,,,File not found in DB
C:\Users\micro\Documents\Better Up\Media-Manager\to-be-deleted\Lost_Partition-1__OWN__VID__DRS__2020__VID_20200104_174013_758_recorded.mp4,Lost_Partition-1__OWN__VID__DRS__2020__VID_20200104_174013_758_recorded.mp4,False,,,File not found in DB
C:\Users\micro\Documents\Better Up\Media-Manager\to-be-deleted\Lost_Partition-1__OWN__VID__DRS__2020__VID_20200104_174127_647_recorded.mp4,Lost_Partition-1__OWN__VID__DRS__2020__VID_20200104_174127_647_recorded.mp4,False,,,File not found in DB
C:\Users\micro\Documents\Better Up\Media-Manager\to-be-deleted\Lost_Partition-1__OWN__VID__DRS__2020__VID_20200104_174602_463_recorded.mp4,Lost_Partition-1__OWN__VID__DRS__2020__VID_20200104_174602_463_recorded.mp4,False,,,File not found in DB
C:\Users\micro\Documents\Better Up\Media-Manager\to-be-deleted\Lost_Partition-1__OWN__VID__DRS__2020__VID_20200104_174805_130_recorded.mp4,Lost_Partition-1__OWN__VID__DRS__2020__VID_20200104_174805_130_recorded.mp4,False,,,File not found in DB
C:\Users\micro\Documents\Better Up\Media-Manager\to-be-deleted\Lost_Partition-1__OWN__VID__DRS__2020__VID_20200104_175108_910_recorded.mp4,Lost_Partition-1__OWN__VID__DRS__2020__VID_20200104_175108_910_recorded.mp4,False,,,File not found in DB
C:\Users\micro\Documents\Better Up\Media-Manager\to-be-deleted\Lost_Partition-1__OWN__VID__DRS__2020__VID_20200106_050759_324_recorded.mp4,Lost_Partition-1__OWN__VID__DRS__2020__VID_20200106_050759_324_recorded.mp4,False,,,File not found in DB
C:\Users\micro\Documents\Better Up\Media-Manager\to-be-deleted\Lost_Partition-1__OWN__VID__DRS__2020__VID_20200106_050926_075_recorded.mp4,Lost_Partition-1__OWN__VID__DRS__2020__VID_20200106_050926_075_recorded.mp4,False,,,File not found in DB
C:\Users\micro\Documents\Better Up\Media-Manager\to-be-deleted\Lost_Partition-1__OWN__VID__DRS__2020__VID_20200106_051213_342_recorded.mp4,Lost_Partition-1__OWN__VID__DRS__2020__VID_20200106_051213_342_recorded.mp4,False,,,File not found in DB
C:\Users\micro\Documents\Better Up\Media-Manager\to-be-deleted\Lost_Partition-1__OWN__VID__DRS__2020__VID_20200106_051454_594_recorded.mp4,Lost_Partition-1__OWN__VID__DRS__2020__VID_20200106_051454_594_recorded.mp4,False,,,File not found in DB
C:\Users\micro\Documents\Better Up\Media-Manager\to-be-deleted\Lost_Partition-1__OWN__VID__DRS__2020__VID_20200106_051801_109_recorded.mp4,Lost_Partition-1__OWN__VID__DRS__2020__VID_20200106_051801_109_recorded.mp4,False,,,File not found in DB
C:\Users\micro\Documents\Better Up\Media-Manager\to-be-deleted\Lost_Partition-1__OWN__VID__DRS__2020__VID_20200106_051957_106_recorded.mp4,Lost_Partition-1__OWN__VID__DRS__2020__VID_20200106_051957_106_recorded.mp4,False,,,File not found in DB
C:\Users\micro\Documents\Better Up\Media-Manager\to-be-deleted\Lost_Partition-1__OWN__VID__DRS__2020__VID_20200106_065739_707_recorded.mp4,Lost_Partition-1__OWN__VID__DRS__2020__VID_20200106_065739_707_recorded.mp4,False,,,File not found in DB
C:\Users\micro\Documents\Better Up\Media-Manager\to-be-deleted\Lost_Partition-1__OWN__VID__DRS__2020__VID_20200106_070046_639_recorded.mp4,Lost_Partition-1__OWN__VID__DRS__2020__VID_20200106_070046_639_recorded.mp4,False,,,File not found in DB
C:\Users\micro\Documents\Better Up\Media-Manager\to-be-deleted\Lost_Partition-1__OWN__VID__DRS__2020__VID_20200106_070400_192_recorded.mp4,Lost_Partition-1__OWN__VID__DRS__2020__VID_20200106_070400_192_recorded.mp4,False,,,File not found in DB
C:\Users\micro\Documents\Better Up\Media-Manager\to-be-deleted\Lost_Partition-1__OWN__VID__DRS__2020__VID_20200110_052016_136_recorded.mp4,Lost_Partition-1__OWN__VID__DRS__2020__VID_20200110_052016_136_recorded.mp4,False,,,File not found in DB
C:\Users\micro\Documents\Better Up\Media-Manager\to-be-deleted\Lost_Partition-1__OWN__VID__DRS__2020__VID_20200110_052327_017_recorded.mp4,Lost_Partition-1__OWN__VID__DRS__2020__VID_20200110_052327_017_recorded.mp4,False,,,File not found in DB
C:\Users\micro\Documents\Better Up\Media-Manager\to-be-deleted\Lost_Partition-1__OWN__VID__DRS__2020__VID_20200110_053201_383_recorded.mp4,Lost_Partition-1__OWN__VID__DRS__2020__VID_20200110_053201_383_recorded.mp4,False,,,File not found in DB
C:\Users\micro\Documents\Better Up\Media-Manager\to-be-deleted\Lost_Partition-1__OWN__VID__DRS__2020__VID_20200110_053546_763_recorded.mp4,Lost_Partition-1__OWN__VID__DRS__2020__VID_20200110_053546_763_recorded.mp4,False,,,File not found in DB
C:\Users\micro\Documents\Better Up\Media-Manager\to-be-deleted\Lost_Partition-1__OWN__VID__DRS__2020__VID_20200110_053822_174_recorded.mp4,Lost_Partition-1__OWN__VID__DRS__2020__VID_20200110_053822_174_recorded.mp4,False,,,File not found in DB
C:\Users\micro\Documents\Better Up\Media-Manager\to-be-deleted\Lost_Partition-1__OWN__VID__DRS__2020__VID_20200110_054235_661_recorded.mp4,Lost_Partition-1__OWN__VID__DRS__2020__VID_20200110_054235_661_recorded.mp4,False,,,File not found in DB
C:\Users\micro\Documents\Better Up\Media-Manager\to-be-deleted\Lost_Partition-1__OWN__VID__DRS__2020__VID_20200119_120340_425_recorded.mp4,Lost_Partition-1__OWN__VID__DRS__2020__VID_20200119_120340_425_recorded.mp4,False,,,File not found in DB
C:\Users\micro\Documents\Better Up\Media-Manager\to-be-deleted\Lost_Partition-1__OWN__VID__DRS__2020__VID_20200119_120738_231_recorded.mp4,Lost_Partition-1__OWN__VID__DRS__2020__VID_20200119_120738_231_recorded.mp4,False,,,File not found in DB
C:\Users\micro\Documents\Better Up\Media-Manager\to-be-deleted\Lost_Partition-1__OWN__VID__DRS__2020__VID_20200119_120821_231_recorded.mp4,Lost_Partition-1__OWN__VID__DRS__2020__VID_20200119_120821_231_recorded.mp4,False,,,File not found in DB
C:\Users\micro\Documents\Better Up\Media-Manager\to-be-deleted\Lost_Partition-1__OWN__VID__DRS__2020__VID_20200119_121149_430_recorded.mp4,Lost_Partition-1__OWN__VID__DRS__2020__VID_20200119_121149_430_recorded.mp4,False,,,File not found in DB
C:\Users\micro\Documents\Better Up\Media-Manager\to-be-deleted\Lost_Partition-1__OWN__VID__DRS__2020__VID_20200119_121434_376_recorded.mp4,Lost_Partition-1__OWN__VID__DRS__2020__VID_20200119_121434_376_recorded.mp4,False,,,File not found in DB
C:\Users\micro\Documents\Better Up\Media-Manager\to-be-deleted\Lost_Partition-1__OWN__VID__DRS__2020__VID_20200119_121722_830_recorded.mp4,Lost_Partition-1__OWN__VID__DRS__2020__VID_20200119_121722_830_recorded.mp4,False,,,File not found in DB
C:\Users\micro\Documents\Better Up\Media-Manager\to-be-deleted\Lost_Partition-1__OWN__VID__DRS__2020__VID_20200119_122019_148_recorded.mp4,Lost_Partition-1__OWN__VID__DRS__2020__VID_20200119_122019_148_recorded.mp4,False,,,File not found in DB
C:\Users\micro\Documents\Better Up\Media-Manager\to-be-deleted\Lost_Partition-1__OWN__VID__DRS__2020__VID_20200122_071759_931_recorded.mp4,Lost_Partition-1__OWN__VID__DRS__2020__VID_20200122_071759_931_recorded.mp4,False,,,File not found in DB
C:\Users\micro\Documents\Better Up\Media-Manager\to-be-deleted\Lost_Partition-1__OWN__VID__DRS__2020__VID_20200122_072057_067_recorded.mp4,Lost_Partition-1__OWN__VID__DRS__2020__VID_20200122_072057_067_recorded.mp4,False,,,File not found in DB
C:\Users\micro\Documents\Better Up\Media-Manager\to-be-deleted\Lost_Partition-1__OWN__VID__DRS__2020__VID_20200122_200543_518_recorded.mp4,Lost_Partition-1__OWN__VID__DRS__2020__VID_20200122_200543_518_recorded.mp4,False,,,File not found in DB
C:\Users\micro\Documents\Better Up\Media-Manager\to-be-deleted\Lost_Partition-1__OWN__VID__DRS__2020__VID_20200127_071431_921_recorded.mp4,Lost_Partition-1__OWN__VID__DRS__2020__VID_20200127_071431_921_recorded.mp4,False,,,File not found in DB
C:\Users\micro\Documents\Better Up\Media-Manager\to-be-deleted\Lost_Partition-1__OWN__VID__DRS__2020__VID_20200127_071714_528_recorded.mp4,Lost_Partition-1__OWN__VID__DRS__2020__VID_20200127_071714_528_recorded.mp4,False,,,File not found in DB
C:\Users\micro\Documents\Better Up\Media-Manager\to-be-deleted\Lost_Partition-1__OWN__VID__DRS__2020__VID_20200131_065617_503_recorded.mp4,Lost_Partition-1__OWN__VID__DRS__2020__VID_20200131_065617_503_recorded.mp4,False,,,File not found in DB
C:\Users\micro\Documents\Better Up\Media-Manager\to-be-deleted\Lost_Partition-1__OWN__VID__DRS__2020__VID_20200131_070029_026_recorded.mp4,Lost_Partition-1__OWN__VID__DRS__2020__VID_20200131_070029_026_recorded.mp4,False,,,File not found in DB
C:\Users\micro\Documents\Better Up\Media-Manager\to-be-deleted\Lost_Partition-1__OWN__VID__DRS__2020__VID_20200131_110601_123_recorded.mp4,Lost_Partition-1__OWN__VID__DRS__2020__VID_20200131_110601_123_recorded.mp4,False,,,File not found in DB
C:\Users\micro\Documents\Better Up\Media-Manager\to-be-deleted\Lost_Partition-1__OWN__VID__DRS__2020__VID_20200131_110718_428_recorded.mp4,Lost_Partition-1__OWN__VID__DRS__2020__VID_20200131_110718_428_recorded.mp4,False,,,File not found in DB
C:\Users\micro\Documents\Better Up\Media-Manager\to-be-deleted\Lost_Partition-1__OWN__VID__DRS__2020__VID_20200131_111150_524_recorded.mp4,Lost_Partition-1__OWN__VID__DRS__2020__VID_20200131_111150_524_recorded.mp4,False,,,File not found in DB
C:\Users\micro\Documents\Better Up\Media-Manager\to-be-deleted\Lost_Partition-1__OWN__VID__DRS__2020__VID_20200131_112200_114_recorded.mp4,Lost_Partition-1__OWN__VID__DRS__2020__VID_20200131_112200_114_recorded.mp4,False,,,File not found in DB
C:\Users\micro\Documents\Better Up\Media-Manager\to-be-deleted\Lost_Partition-1__OWN__VID__DRS__2020__VID_20200131_112739_159_recorded.mp4,Lost_Partition-1__OWN__VID__DRS__2020__VID_20200131_112739_159_recorded.mp4,False,,,File not found in DB
C:\Users\micro\Documents\Better Up\Media-Manager\to-be-deleted\Lost_Partition-1__OWN__VID__DRS__2020__VID_20200131_113846_674_recorded.mp4,Lost_Partition-1__OWN__VID__DRS__2020__VID_20200131_113846_674_recorded.mp4,False,,,File not found in DB
C:\Users\micro\Documents\Better Up\Media-Manager\to-be-deleted\Lost_Partition-1__OWN__VID__DRS__2020__VID_20200131_114426_350_recorded.mp4,Lost_Partition-1__OWN__VID__DRS__2020__VID_20200131_114426_350_recorded.mp4,False,,,File not found in DB
C:\Users\micro\Documents\Better Up\Media-Manager\to-be-deleted\Lost_Partition-1__OWN__VID__DRS__2020__VID_20200131_115028_902_recorded.mp4,Lost_Partition-1__OWN__VID__DRS__2020__VID_20200131_115028_902_recorded.mp4,False,,,File not found in DB
C:\Users\micro\Documents\Better Up\Media-Manager\to-be-deleted\Lost_Partition-1__OWN__VID__DRS__2020__VID_20200131_115324_660_recorded.mp4,Lost_Partition-1__OWN__VID__DRS__2020__VID_20200131_115324_660_recorded.mp4,False,,,File not found in DB
C:\Users\micro\Documents\Better Up\Media-Manager\to-be-deleted\Lost_Partition-1__OWN__VID__DRS__2020__VID_20200131_115603_879_recorded.mp4,Lost_Partition-1__OWN__VID__DRS__2020__VID_20200131_115603_879_recorded.mp4,False,,,File not found in DB
C:\Users\micro\Documents\Better Up\Media-Manager\to-be-deleted\Lost_Partition-1__OWN__VID__DRS__2020__VID_20200131_120624_919_recorded.mp4,Lost_Partition-1__OWN__VID__DRS__2020__VID_20200131_120624_919_recorded.mp4,False,,,File not found in DB
C:\Users\micro\Documents\Better Up\Media-Manager\to-be-deleted\Lost_Partition-1__OWN__VID__DRS__2020__VID_20200131_120821_542_recorded.mp4,Lost_Partition-1__OWN__VID__DRS__2020__VID_20200131_120821_542_recorded.mp4,False,,,File not found in DB
C:\Users\micro\Documents\Better Up\Media-Manager\to-be-deleted\Lost_Partition-1__OWN__VID__DRS__2020__VID_20200201_132705_266_recorded.mp4,Lost_Partition-1__OWN__VID__DRS__2020__VID_20200201_132705_266_recorded.mp4,False,,,File not found in DB
C:\Users\micro\Documents\Better Up\Media-Manager\to-be-deleted\Lost_Partition-1__OWN__VID__DRS__2020__VID_20200202_085526_468_recorded.mp4,Lost_Partition-1__OWN__VID__DRS__2020__VID_20200202_085526_468_recorded.mp4,False,,,File not found in DB
C:\Users\micro\Documents\Better Up\Media-Manager\to-be-deleted\Lost_Partition-1__OWN__VID__DRS__2020__VID_20200202_085802_994_recorded.mp4,Lost_Partition-1__OWN__VID__DRS__2020__VID_20200202_085802_994_recorded.mp4,False,,,File not found in DB
C:\Users\micro\Documents\Better Up\Media-Manager\to-be-deleted\Lost_Partition-1__OWN__VID__DRS__2020__VID_20200202_090103_393_recorded.mp4,Lost_Partition-1__OWN__VID__DRS__2020__VID_20200202_090103_393_recorded.mp4,False,,,File not found in DB
C:\Users\micro\Documents\Better Up\Media-Manager\to-be-deleted\Lost_Partition-1__OWN__VID__DRS__2020__VID_20200207_074831_600_recorded.mp4,Lost_Partition-1__OWN__VID__DRS__2020__VID_20200207_074831_600_recorded.mp4,False,,,File not found in DB
C:\Users\micro\Documents\Better Up\Media-Manager\to-be-deleted\Lost_Partition-1__OWN__VID__DRS__2020__VID_20200210_210211_131_recorded.mp4,Lost_Partition-1__OWN__VID__DRS__2020__VID_20200210_210211_131_recorded.mp4,False,,,File not found in DB
C:\Users\micro\Documents\Better Up\Media-Manager\to-be-deleted\Lost_Partition-1__OWN__VID__DRS__2020__VID_20200210_210329_754_recorded.mp4,Lost_Partition-1__OWN__VID__DRS__2020__VID_20200210_210329_754_recorded.mp4,False,,,File not found in DB
C:\Users\micro\Documents\Better Up\Media-Manager\to-be-deleted\Lost_Partition-1__OWN__VID__DRS__2020__VID_20200210_210714_844_recorded.mp4,Lost_Partition-1__OWN__VID__DRS__2020__VID_20200210_210714_844_recorded.mp4,False,,,File not found in DB
C:\Users\micro\Documents\Better Up\Media-Manager\to-be-deleted\Lost_Partition-1__OWN__VID__DRS__2020__VID_20200210_211328_656_recorded.mp4,Lost_Partition-1__OWN__VID__DRS__2020__VID_20200210_211328_656_recorded.mp4,False,,,File not found in DB
C:\Users\micro\Documents\Better Up\Media-Manager\to-be-deleted\Lost_Partition-1__OWN__VID__DRS__2020__VID_20200217_103915_389_recorded.mp4,Lost_Partition-1__OWN__VID__DRS__2020__VID_20200217_103915_389_recorded.mp4,False,,,File not found in DB
C:\Users\micro\Documents\Better Up\Media-Manager\to-be-deleted\Lost_Partition-1__OWN__VID__DRS__2020__VID_20200308_135437_450_recorded.mp4,Lost_Partition-1__OWN__VID__DRS__2020__VID_20200308_135437_450_recorded.mp4,False,,,File not found in DB
C:\Users\micro\Documents\Better Up\Media-Manager\to-be-deleted\Lost_Partition-1__OWN__VID__DRS__2020__VID_20200308_135551_026_recorded.mp4,Lost_Partition-1__OWN__VID__DRS__2020__VID_20200308_135551_026_recorded.mp4,False,,,File not found in DB
C:\Users\micro\Documents\Better Up\Media-Manager\to-be-deleted\Lost_Partition-1__OWN__VID__DRS__2020__VID_20200308_135716_073_recorded.mp4,Lost_Partition-1__OWN__VID__DRS__2020__VID_20200308_135716_073_recorded.mp4,False,,,File not found in DB
C:\Users\micro\Documents\Better Up\Media-Manager\to-be-deleted\Lost_Partition-1__OWN__VID__DRS__2020__VID_20200330_093531_662_recorded.mp4,Lost_Partition-1__OWN__VID__DRS__2020__VID_20200330_093531_662_recorded.mp4,False,,,File not found in DB
C:\Users\micro\Documents\Better Up\Media-Manager\to-be-deleted\Lost_Partition-1__OWN__VID__DRS__2020__VID_20200330_093823_123_recorded.mp4,Lost_Partition-1__OWN__VID__DRS__2020__VID_20200330_093823_123_recorded.mp4,False,,,File not found in DB
C:\Users\micro\Documents\Better Up\Media-Manager\to-be-deleted\Lost_Partition-1__OWN__VID__DRS__2020__VID_20200330_094333_313_recorded.mp4,Lost_Partition-1__OWN__VID__DRS__2020__VID_20200330_094333_313_recorded.mp4,False,,,File not found in DB
C:\Users\micro\Documents\Better Up\Media-Manager\to-be-deleted\Lost_Partition-1__OWN__VID__DRS__2020__VID_20200330_094716_081_recorded.mp4,Lost_Partition-1__OWN__VID__DRS__2020__VID_20200330_094716_081_recorded.mp4,False,,,File not found in DB
C:\Users\micro\Documents\Better Up\Media-Manager\to-be-deleted\Lost_Partition-1__OWN__VID__DRS__2020__VID_20200330_094829_658_recorded.mp4,Lost_Partition-1__OWN__VID__DRS__2020__VID_20200330_094829_658_recorded.mp4,False,,,File not found in DB
C:\Users\micro\Documents\Better Up\Media-Manager\to-be-deleted\Lost_Partition-1__OWN__VID__DRS__2020__VID_20200330_094942_527_recorded.mp4,Lost_Partition-1__OWN__VID__DRS__2020__VID_20200330_094942_527_recorded.mp4,False,,,File not found in DB
C:\Users\micro\Documents\Better Up\Media-Manager\to-be-deleted\Lost_Partition-1__OWN__VID__DRS__2020__VID_20200330_095109_078_recorded.mp4,Lost_Partition-1__OWN__VID__DRS__2020__VID_20200330_095109_078_recorded.mp4,False,,,File not found in DB
C:\Users\micro\Documents\Better Up\Media-Manager\to-be-deleted\Lost_Partition-1__OWN__VID__DRS__2020__VID_20200330_095237_901_recorded.mp4,Lost_Partition-1__OWN__VID__DRS__2020__VID_20200330_095237_901_recorded.mp4,False,,,File not found in DB
C:\Users\micro\Documents\Better Up\Media-Manager\to-be-deleted\Lost_Partition-1__OWN__VID__DRS__2020__VID_20200330_100019_589_recorded.mp4,Lost_Partition-1__OWN__VID__DRS__2020__VID_20200330_100019_589_recorded.mp4,False,,,File not found in DB
C:\Users\micro\Documents\Better Up\Media-Manager\to-be-deleted\Lost_Partition-1__OWN__VID__DRS__2020__VID_20200330_100153_721_recorded.mp4,Lost_Partition-1__OWN__VID__DRS__2020__VID_20200330_100153_721_recorded.mp4,False,,,File not found in DB
C:\Users\micro\Documents\Better Up\Media-Manager\to-be-deleted\Lost_Partition-1__OWN__VID__DRS__2020__VID_20200330_100303_086_recorded.mp4,Lost_Partition-1__OWN__VID__DRS__2020__VID_20200330_100303_086_recorded.mp4,False,,,File not found in DB
C:\Users\micro\Documents\Better Up\Media-Manager\to-be-deleted\Lost_Partition-1__OWN__VID__DRS__2020__VID_20200330_100322_520_recorded.mp4,Lost_Partition-1__OWN__VID__DRS__2020__VID_20200330_100322_520_recorded.mp4,False,,,File not found in DB
C:\Users\micro\Documents\Better Up\Media-Manager\to-be-deleted\Lost_Partition-1__OWN__VID__DRS__2020__VID_20200330_100451_292_recorded.mp4,Lost_Partition-1__OWN__VID__DRS__2020__VID_20200330_100451_292_recorded.mp4,False,,,File not found in DB
C:\Users\micro\Documents\Better Up\Media-Manager\to-be-deleted\Lost_Partition-1__OWN__VID__DRS__2020__VID_20200330_100956_679_recorded.mp4,Lost_Partition-1__OWN__VID__DRS__2020__VID_20200330_100956_679_recorded.mp4,False,,,File not found in DB
C:\Users\micro\Documents\Better Up\Media-Manager\to-be-deleted\Lost_Partition-1__OWN__VID__DRS__2020__VID_20200330_101019_079_recorded.mp4,Lost_Partition-1__OWN__VID__DRS__2020__VID_20200330_101019_079_recorded.mp4,False,,,File not found in DB
C:\Users\micro\Documents\Better Up\Media-Manager\to-be-deleted\Lost_Partition-1__OWN__VID__DRS__2020__VID_20200330_101136_632_recorded.mp4,Lost_Partition-1__OWN__VID__DRS__2020__VID_20200330_101136_632_recorded.mp4,False,,,File not found in DB
C:\Users\micro\Documents\Better Up\Media-Manager\to-be-deleted\Lost_Partition-1__OWN__VID__DRS__2020__VID_20200408_095846_335_recorded.mp4,Lost_Partition-1__OWN__VID__DRS__2020__VID_20200408_095846_335_recorded.mp4,False,,,File not found in DB
C:\Users\micro\Documents\Better Up\Media-Manager\to-be-deleted\Lost_Partition-1__OWN__VID__DRS__2021__VID_34561026_152543_715.mp4,Lost_Partition-1__OWN__VID__DRS__2021__VID_34561026_152543_715.mp4,False,,,File not found in DB
C:\Users\micro\Documents\Better Up\Media-Manager\to-be-deleted\Lost_Partition-1__OWN__VID__DRS__2021__VID_34590806_153129_046.mp4,Lost_Partition-1__OWN__VID__DRS__2021__VID_34590806_153129_046.mp4,False,,,File not found in DB
C:\Users\micro\Documents\Better Up\Media-Manager\to-be-deleted\Lost_Partition-1__OWN__VID__DRS__2021__VID_34820509_193507_054.mp4,Lost_Partition-1__OWN__VID__DRS__2021__VID_34820509_193507_054.mp4,False,,,File not found in DB
C:\Users\micro\Documents\Better Up\Media-Manager\to-be-deleted\Lost_Partition-1__OWN__VID__DRS__2021__VID_34820818_030224_082.mp4,Lost_Partition-1__OWN__VID__DRS__2021__VID_34820818_030224_082.mp4,False,,,File not found in DB
C:\Users\micro\Documents\Better Up\Media-Manager\to-be-deleted\Lost_Partition-1__OWN__VID__DRS__2021__VID_34821116_194116_475.mp4,Lost_Partition-1__OWN__VID__DRS__2021__VID_34821116_194116_475.mp4,False,,,File not found in DB
C:\Users\micro\Documents\Better Up\Media-Manager\to-be-deleted\Lost_Partition-1__OWN__VID__DRS__2021__VID_34830214_063931_992.mp4,Lost_Partition-1__OWN__VID__DRS__2021__VID_34830214_063931_992.mp4,False,,,File not found in DB
C:\Users\micro\Documents\Better Up\Media-Manager\to-be-deleted\Lost_Partition-1__OWN__VID__DRS__2021__VID_51160818_035335_868.mp4,Lost_Partition-1__OWN__VID__DRS__2021__VID_51160818_035335_868.mp4,False,,,File not found in DB
C:\Users\micro\Documents\Better Up\Media-Manager\to-be-deleted\Lost_Partition-1__OWN__VID__DRS__2021__VID_51240521_061650_410.mp4,Lost_Partition-1__OWN__VID__DRS__2021__VID_51240521_061650_410.mp4,False,,,File not found in DB
C:\Users\micro\Documents\Better Up\Media-Manager\to-be-deleted\Lost_Partition-1__OWN__VID__DRS__2021__VID_51320325_101818_024.mp4,Lost_Partition-1__OWN__VID__DRS__2021__VID_51320325_101818_024.mp4,False,,,File not found in DB
C:\Users\micro\Documents\Better Up\Media-Manager\to-be-deleted\Lost_Partition-1__OWN__VID__DRS__2021__VID_54821128_063513_543.mp4,Lost_Partition-1__OWN__VID__DRS__2021__VID_54821128_063513_543.mp4,False,,,File not found in DB
C:\Users\micro\Documents\Better Up\Media-Manager\to-be-deleted\Lost_Partition-1__OWN__VID__DRS__2021__VID_54830219_015132_030.mp4,Lost_Partition-1__OWN__VID__DRS__2021__VID_54830219_015132_030.mp4,False,,,File not found in DB
C:\Users\micro\Documents\Better Up\Media-Manager\to-be-deleted\Lost_Partition-1__OWN__VID__DRS__2021__VID_54830505_223143_746.mp4,Lost_Partition-1__OWN__VID__DRS__2021__VID_54830505_223143_746.mp4,False,,,File not found in DB
C:\Users\micro\Documents\Better Up\Media-Manager\to-be-deleted\Lost_Partition-1__OWN__VID__DRS__2021__VID_54830726_134654_942.mp4,Lost_Partition-1__OWN__VID__DRS__2021__VID_54830726_134654_942.mp4,False,,,File not found in DB
C:\Users\micro\Documents\Better Up\Media-Manager\to-be-deleted\Lost_Partition-1__OWN__VID__DRS__2021__VID_61700822_001249_170.mp4,Lost_Partition-1__OWN__VID__DRS__2021__VID_61700822_001249_170.mp4,False,,,File not found in DB
C:\Users\micro\Documents\Better Up\Media-Manager\to-be-deleted\Lost_Partition-1__OWN__VID__DRS__2021__VID_61710613_042721_817.mp4,Lost_Partition-1__OWN__VID__DRS__2021__VID_61710613_042721_817.mp4,False,,,File not found in DB
C:\Users\micro\Documents\Better Up\Media-Manager\to-be-deleted\Lost_Partition-1__OWN__VID__DRS__2021__VID_61720908_174736_333.mp4,Lost_Partition-1__OWN__VID__DRS__2021__VID_61720908_174736_333.mp4,False,,,File not found in DB
C:\Users\micro\Documents\Better Up\Media-Manager\to-be-deleted\Lost_Partition-1__OWN__VID__DRS__2021__VID_61730114_235415_860.mp4,Lost_Partition-1__OWN__VID__DRS__2021__VID_61730114_235415_860.mp4,False,,,File not found in DB
C:\Users\micro\Documents\Better Up\Media-Manager\to-be-deleted\Lost_Partition-1__OWN__VID__DRS__2021__YouCamVideo_20211110_073901.mp4,Lost_Partition-1__OWN__VID__DRS__2021__YouCamVideo_20211110_073901.mp4,False,,,File not found in DB
C:\Users\micro\Documents\Better Up\Media-Manager\to-be-deleted\Lost_Partition-1__OWN__VID__DRS__2024__PXL_20240312_045017251.TS.mp4,Lost_Partition-1__OWN__VID__DRS__2024__PXL_20240312_045017251.TS.mp4,False,,,File not found in DB
C:\Users\micro\Documents\Better Up\Media-Manager\to-be-deleted\Lost_Partition-1__OWN__VID__DRS__2024__PXL_20240312_061222965.TS.mp4,Lost_Partition-1__OWN__VID__DRS__2024__PXL_20240312_061222965.TS.mp4,False,,,File not found in DB
C:\Users\micro\Documents\Better Up\Media-Manager\to-be-deleted\Lost_Partition-1__OWN__VID__DRS__2024__PXL_20240810_104636902.TS.mp4,Lost_Partition-1__OWN__VID__DRS__2024__PXL_20240810_104636902.TS.mp4,False,,,File not found in DB
C:\Users\micro\Documents\Better Up\Media-Manager\to-be-deleted\Lost_Partition-1__OWN__VID__DRS__2024__PXL_20240816_085011908.TS.mp4,Lost_Partition-1__OWN__VID__DRS__2024__PXL_20240816_085011908.TS.mp4,False,,,File not found in DB
C:\Users\micro\Documents\Better Up\Media-Manager\to-be-deleted\Lost_Partition-1__OWN__VID__DRS__2024__PXL_20240816_085119118.TS.mp4,Lost_Partition-1__OWN__VID__DRS__2024__PXL_20240816_085119118.TS.mp4,False,,,File not found in DB
C:\Users\micro\Documents\Better Up\Media-Manager\to-be-deleted\Lost_Partition-1__OWN__VID__DRS__2024__PXL_20240816_085210879.TS.mp4,Lost_Partition-1__OWN__VID__DRS__2024__PXL_20240816_085210879.TS.mp4,False,,,File not found in DB
C:\Users\micro\Documents\Better Up\Media-Manager\to-be-deleted\Lost_Partition-1__OWN__VID__DRS__2024__VID_20330424_090359_131.mp4,Lost_Partition-1__OWN__VID__DRS__2024__VID_20330424_090359_131.mp4,False,,,File not found in DB
C:\Users\micro\Documents\Better Up\Media-Manager\to-be-deleted\Lost_Partition-1__OWN__VID__DRS_OPT__VID_20200511_052244_wAudio-1_Copy.mp4,Lost_Partition-1__OWN__VID__DRS_OPT__VID_20200511_052244_wAudio-1_Copy.mp4,False,,,File not found in DB
C:\Users\micro\Documents\Better Up\Media-Manager\to-be-deleted\Lost_Partition-1__OWN__VID__DRS_OPT__VID_20220622_184444-1_Copy.mp4,Lost_Partition-1__OWN__VID__DRS_OPT__VID_20220622_184444-1_Copy.mp4,False,,,File not found in DB
C:\Users\micro\Documents\Better Up\Media-Manager\to-be-deleted\Lost_Partition-1__OWN__VID__DRS_OPT__VID_20220712_070241-2_Copy.mp4,Lost_Partition-1__OWN__VID__DRS_OPT__VID_20220712_070241-2_Copy.mp4,False,,,File not found in DB
C:\Users\micro\Documents\Better Up\Media-Manager\to-be-deleted\Lost_Partition-1__OWN__VID__DRS_OPT__VID_20220713_102703-3_Copy.mp4,Lost_Partition-1__OWN__VID__DRS_OPT__VID_20220713_102703-3_Copy.mp4,False,,,File not found in DB
C:\Users\micro\Documents\Better Up\Media-Manager\to-be-deleted\Lost_Partition-1__OWN__VID__DRS_OPT__VID_20220713_105038-4_Copy.mp4,Lost_Partition-1__OWN__VID__DRS_OPT__VID_20220713_105038-4_Copy.mp4,False,,,File not found in DB
C:\Users\micro\Documents\Better Up\Media-Manager\to-be-deleted\Lost_Partition-1__OWN__VID__DRS_OPT__VID_20221012_044554-5_Copy.mp4,Lost_Partition-1__OWN__VID__DRS_OPT__VID_20221012_044554-5_Copy.mp4,False,,,File not found in DB
C:\Users\micro\Documents\Better Up\Media-Manager\to-be-deleted\Lost_Partition-1__OWN__VID__DRS_OPT__VID_20221111_092814-7_Copy.mp4,Lost_Partition-1__OWN__VID__DRS_OPT__VID_20221111_092814-7_Copy.mp4,False,,,File not found in DB
C:\Users\micro\Documents\Better Up\Media-Manager\to-be-deleted\Lost_Partition-1__OWN__VID__DRS_OPT__YouCut_20220623_151152033_Copy.mp4,Lost_Partition-1__OWN__VID__DRS_OPT__YouCut_20220623_151152033_Copy.mp4,False,,,File not found in DB
C:\Users\micro\Documents\Better Up\Media-Manager\to-be-deleted\Lost_Partition-1__OWN__VID__TMP__File_Path_Lost__folder.jpg,Lost_Partition-1__OWN__VID__TMP__File_Path_Lost__folder.jpg,False,,,File not found in DB
C:\Users\micro\Documents\Better Up\Media-Manager\to-be-deleted\Lost_Partition-1__OWN__VID__TMP__File_Path_Lost__videocompress-052-BVR_2018_12_20_11_49_13.trickplay__320_-_10x10__0.jpg,Lost_Partition-1__OWN__VID__TMP__File_Path_Lost__videocompress-052-BVR_2018_12_20_11_49_13.trickplay__320_-_10x10__0.jpg,False,,,File not found in DB
C:\Users\micro\Documents\Better Up\Media-Manager\to-be-deleted\Lost_Partition-1__OWN__VID__TMP__Reconstructed__Videos_1__mp4__VID_20190824_092306_123_07m12s_recovered.mp4,Lost_Partition-1__OWN__VID__TMP__Reconstructed__Videos_1__mp4__VID_20190824_092306_123_07m12s_recovered.mp4,False,,,File not found in DB
C:\Users\micro\Documents\Better Up\Media-Manager\to-be-deleted\Reconstructed__Audio__mp3__File_Name_Lost_(1).mp3,Reconstructed__Audio__mp3__File_Name_Lost_(1).mp3,False,,,File not found in DB
C:\Users\micro\Documents\Better Up\Media-Manager\to-be-deleted\Reconstructed__Audio__mp3__File_Name_Lost_(2).mp3,Reconstructed__Audio__mp3__File_Name_Lost_(2).mp3,False,,,File not found in DB
C:\Users\micro\Documents\Better Up\Media-Manager\to-be-deleted\Reconstructed__Audio__mp3__File_Name_Lost_(3).mp3,Reconstructed__Audio__mp3__File_Name_Lost_(3).mp3,False,,,File not found in DB
C:\Users\micro\Documents\Better Up\Media-Manager\to-be-deleted\Reconstructed__Audio__mp3__File_Name_Lost_(4).mp3,Reconstructed__Audio__mp3__File_Name_Lost_(4).mp3,False,,,File not found in DB
C:\Users\micro\Documents\Better Up\Media-Manager\to-be-deleted\Reconstructed__Videos__mov__File_Name_Lost_(122).mov,Reconstructed__Videos__mov__File_Name_Lost_(122).mov,False,,,File not found in DB
C:\Users\micro\Documents\Better Up\Media-Manager\to-be-deleted\Reconstructed__Videos__mov__File_Name_Lost_(123).mov,Reconstructed__Videos__mov__File_Name_Lost_(123).mov,False,,,File not found in DB
C:\Users\micro\Documents\Better Up\Media-Manager\to-be-deleted\Reconstructed__Videos__mov__File_Name_Lost_(143).mov,Reconstructed__Videos__mov__File_Name_Lost_(143).mov,False,,,File not found in DB
C:\Users\micro\Documents\Better Up\Media-Manager\to-be-deleted\Reconstructed__Videos__mov__File_Name_Lost_(155).mov,Reconstructed__Videos__mov__File_Name_Lost_(155).mov,False,,,File not found in DB
C:\Users\micro\Documents\Better Up\Media-Manager\to-be-deleted\Reconstructed__Videos__mov__File_Name_Lost_(159).mov,Reconstructed__Videos__mov__File_Name_Lost_(159).mov,False,,,File not found in DB
C:\Users\micro\Documents\Better Up\Media-Manager\to-be-deleted\Reconstructed__Videos__mov__File_Name_Lost_(160).mov,Reconstructed__Videos__mov__File_Name_Lost_(160).mov,False,,,File not found in DB
C:\Users\micro\Documents\Better Up\Media-Manager\to-be-deleted\Reconstructed__Videos__mov__File_Name_Lost_(161).mov,Reconstructed__Videos__mov__File_Name_Lost_(161).mov,False,,,File not found in DB
C:\Users\micro\Documents\Better Up\Media-Manager\to-be-deleted\Reconstructed__Videos__mov__File_Name_Lost_(162).mov,Reconstructed__Videos__mov__File_Name_Lost_(162).mov,False,,,File not found in DB
C:\Users\micro\Documents\Better Up\Media-Manager\to-be-deleted\Reconstructed__Videos__mov__File_Name_Lost_(164).mov,Reconstructed__Videos__mov__File_Name_Lost_(164).mov,False,,,File not found in DB
C:\Users\micro\Documents\Better Up\Media-Manager\to-be-deleted\Reconstructed__Videos__mov__File_Name_Lost_(178).mov,Reconstructed__Videos__mov__File_Name_Lost_(178).mov,False,,,File not found in DB
C:\Users\micro\Documents\Better Up\Media-Manager\to-be-deleted\Reconstructed__Videos__mov__File_Name_Lost_(179).mov,Reconstructed__Videos__mov__File_Name_Lost_(179).mov,False,,,File not found in DB
C:\Users\micro\Documents\Better Up\Media-Manager\to-be-deleted\Reconstructed__Videos__mov__File_Name_Lost_(46).mov,Reconstructed__Videos__mov__File_Name_Lost_(46).mov,False,,,File not found in DB
C:\Users\micro\Documents\Better Up\Media-Manager\to-be-deleted\Reconstructed__Videos__mp4__File_Name_Lost_(1019).mp4,Reconstructed__Videos__mp4__File_Name_Lost_(1019).mp4,False,,,File not found in DB
C:\Users\micro\Documents\Better Up\Media-Manager\to-be-deleted\Reconstructed__Videos__mp4__File_Name_Lost_(253).mp4,Reconstructed__Videos__mp4__File_Name_Lost_(253).mp4,False,,,File not found in DB
C:\Users\micro\Documents\Better Up\Media-Manager\to-be-deleted\Reconstructed__Videos__mp4__File_Name_Lost_(258).mp4,Reconstructed__Videos__mp4__File_Name_Lost_(258).mp4,False,,,File not found in DB
C:\Users\micro\Documents\Better Up\Media-Manager\to-be-deleted\Reconstructed__Videos__mp4__File_Name_Lost_(897).mp4,Reconstructed__Videos__mp4__File_Name_Lost_(897).mp4,False,,,File not found in DB
C:\Users\micro\Documents\Better Up\Media-Manager\to-be-deleted\Reconstructed__Videos__mp4__File_Name_Lost_(898).mp4,Reconstructed__Videos__mp4__File_Name_Lost_(898).mp4,False,,,File not found in DB
C:\Users\micro\Documents\Better Up\Media-Manager\to-be-deleted\Reconstructed__Videos__mp4__File_Name_Lost_(899).mp4,Reconstructed__Videos__mp4__File_Name_Lost_(899).mp4,False,,,File not found in DB
C:\Users\micro\Documents\Better Up\Media-Manager\to-be-deleted\Reconstructed__Videos__mp4__File_Name_Lost_(900).mp4,Reconstructed__Videos__mp4__File_Name_Lost_(900).mp4,False,,,File not found in DB
C:\Users\micro\Documents\Better Up\Media-Manager\to-be-deleted\Reconstructed__Videos__mp4__File_Name_Lost_(901).mp4,Reconstructed__Videos__mp4__File_Name_Lost_(901).mp4,False,,,File not found in DB
C:\Users\micro\Documents\Better Up\Media-Manager\to-be-deleted\Reconstructed__Videos__mp4__File_Name_Lost_(902).mp4,Reconstructed__Videos__mp4__File_Name_Lost_(902).mp4,False,,,File not found in DB
C:\Users\micro\Documents\Better Up\Media-Manager\to-be-deleted\Reconstructed__Videos__mp4__File_Name_Lost_(904).mp4,Reconstructed__Videos__mp4__File_Name_Lost_(904).mp4,False,,,File not found in DB
C:\Users\micro\Documents\Better Up\Media-Manager\to-be-deleted\Reconstructed__Videos__mp4__File_Name_Lost_(905).mp4,Reconstructed__Videos__mp4__File_Name_Lost_(905).mp4,False,,,File not found in DB
C:\Users\micro\Documents\Better Up\Media-Manager\to-be-deleted\Reconstructed__Videos__mp4__File_Name_Lost_(906).mp4,Reconstructed__Videos__mp4__File_Name_Lost_(906).mp4,False,,,File not found in DB
C:\Users\micro\Documents\Better Up\Media-Manager\to-be-deleted\Reconstructed__Videos__mp4__File_Name_Lost_(994).mp4,Reconstructed__Videos__mp4__File_Name_Lost_(994).mp4,False,,,File not found in DB
